<?xml version='1.0'?>
<vcd:VCD minOccurs='1' maxOccurs='1' typeName='VCDType' groupType='SEQUENCE' xmlns:clmIANAMIMEMediaType='urn:un:unece:uncefact:codelist:specification:IANAMIMEMediaType:2003' xmlns:vcd='urn:peppol:wp2:schema:xsd:VirtualCompanyDossier-1' xmlns:cec='urn:oasis:names:specification:ubl:schema:xsd:CommonExtensionComponents-2' xmlns:udt='urn:un:unece:uncefact:data:specification:UnqualifiedDataTypesSchemaModule:2' xmlns:xsd='http://www.w3.org/2001/XMLSchema-instance' xmlns:cbc='urn:peppol:wp2:schema:xsd:CommonBasicComponents-2' xmlns:clm54217='urn:un:unece:uncefact:codelist:specification:54217:2001' xmlns:cac='urn:peppol:wp2:schema:xsd:CommonAggregateComponents-2' xmlns:clm66411='urn:un:unece:uncefact:codelist:specification:66411:2001' xmlns:vcdp='urn:peppol:wp2:schema:xsd:VirtualCompanyDossierPackage-1'>
    <cec:UBLExtensions minOccurs='0' maxOccurs='1' typeName='UBLExtensionsType' groupType='SEQUENCE'>
        <cec:UBLExtension minOccurs='1' maxOccurs='unbounded' typeName='UBLExtensionType' groupType='SEQUENCE'>
            <cbc:ID minOccurs='0' maxOccurs='1' xsdType='xsd:normalizedString' />
            <cbc:Name minOccurs='0' maxOccurs='1' xsdType='xsd:string' />
            <cec:ExtensionAgencyID minOccurs='0' maxOccurs='1' xsdType='xsd:normalizedString' />
            <cec:ExtensionAgencyName minOccurs='0' maxOccurs='1' xsdType='xsd:string' />
            <cec:ExtensionVersionID minOccurs='0' maxOccurs='1' xsdType='xsd:normalizedString' />
            <cec:ExtensionAgencyURI minOccurs='0' maxOccurs='1' xsdType='xsd:normalizedString' />
            <cec:ExtensionURI minOccurs='0' maxOccurs='1' xsdType='xsd:normalizedString' />
            <cec:ExtensionReasonCode minOccurs='0' maxOccurs='1' xsdType='xsd:normalizedString' />
            <cec:ExtensionReason minOccurs='0' maxOccurs='1' xsdType='xsd:string' />
            <cec:ExtensionContent minOccurs='1' maxOccurs='1' typeName='ExtensionContentType' groupType='SEQUENCE'>
            </cec:ExtensionContent>
        </cec:UBLExtension>
    </cec:UBLExtensions>
    <cbc:UUID minOccurs='1' maxOccurs='1' xsdType='xsd:normalizedString' />
    <cbc:OntologyDomainCode minOccurs='0' maxOccurs='1' xsdType='xsd:normalizedString' />
    <cbc:OntologyVersionID minOccurs='0' maxOccurs='1' xsdType='xsd:normalizedString' />
    <cbc:CompilationDate minOccurs='1' maxOccurs='1' xsdType='xsd:date' />
    <cbc:CompilationTime minOccurs='0' maxOccurs='1' xsdType='xsd:time' />
    <cac:RequesterParty minOccurs='1' maxOccurs='1' typeName='PartyType' groupType='SEQUENCE'>
        <cbc:EndpointID minOccurs='0' maxOccurs='1' xsdType='xsd:normalizedString' />
        <cac:PartyIdentification minOccurs='0' maxOccurs='unbounded' typeName='PartyIdentificationType' groupType='SEQUENCE'>
            <cbc:ID minOccurs='1' maxOccurs='1' xsdType='xsd:normalizedString' />
        </cac:PartyIdentification>
        <cac:PartyName minOccurs='0' maxOccurs='unbounded' typeName='PartyNameType' groupType='SEQUENCE'>
            <cbc:Name minOccurs='1' maxOccurs='1' xsdType='xsd:string' />
        </cac:PartyName>
        <cac:Person minOccurs='0' maxOccurs='1' typeName='PersonType' groupType='SEQUENCE'>
            <cbc:FirstName minOccurs='0' maxOccurs='1' xsdType='xsd:string' />
            <cbc:FamilyName minOccurs='0' maxOccurs='1' xsdType='xsd:string' />
            <cbc:MiddleName minOccurs='0' maxOccurs='1' xsdType='xsd:string' />
            <cbc:JobTitle minOccurs='0' maxOccurs='1' xsdType='xsd:string' />
        </cac:Person>
    </cac:RequesterParty>
    <cac:VCDIssuingService minOccurs='1' maxOccurs='1' typeName='IssuingServiceType' groupType='SEQUENCE'>
        <cbc:EndpointID minOccurs='1' maxOccurs='1' xsdType='xsd:normalizedString' />
        <cbc:Name minOccurs='1' maxOccurs='1' xsdType='xsd:string' />
        <cac:ProvidingParty minOccurs='1' maxOccurs='1' typeName='PartyType' groupType='SEQUENCE'>
            <cbc:EndpointID minOccurs='0' maxOccurs='1' xsdType='xsd:normalizedString' />
            <cac:PartyIdentification minOccurs='0' maxOccurs='unbounded' typeName='PartyIdentificationType' groupType='SEQUENCE'>
                <cbc:ID minOccurs='1' maxOccurs='1' xsdType='xsd:normalizedString' />
            </cac:PartyIdentification>
            <cac:PartyName minOccurs='0' maxOccurs='unbounded' typeName='PartyNameType' groupType='SEQUENCE'>
                <cbc:Name minOccurs='1' maxOccurs='1' xsdType='xsd:string' />
            </cac:PartyName>
            <cac:Person minOccurs='0' maxOccurs='1' typeName='PersonType' groupType='SEQUENCE'>
                <cbc:FirstName minOccurs='0' maxOccurs='1' xsdType='xsd:string' />
                <cbc:FamilyName minOccurs='0' maxOccurs='1' xsdType='xsd:string' />
                <cbc:MiddleName minOccurs='0' maxOccurs='1' xsdType='xsd:string' />
                <cbc:JobTitle minOccurs='0' maxOccurs='1' xsdType='xsd:string' />
            </cac:Person>
        </cac:ProvidingParty>
        <cac:PolicyNonEvidence minOccurs='0' maxOccurs='1' typeName='NonEvidenceType' groupType='SEQUENCE'>
            <cbc:DocumentGroupID minOccurs='1' maxOccurs='1' xsdType='xsd:normalizedString' />
            <cbc:Title minOccurs='1' maxOccurs='1' xsdType='xsd:string' />
            <cac:DocumentReference minOccurs='1' maxOccurs='unbounded' typeName='DocumentReferenceType' groupType='SEQUENCE'>
                <cbc:ID minOccurs='1' maxOccurs='1' xsdType='xsd:normalizedString' />
                <cbc:IssueDate minOccurs='0' maxOccurs='1' xsdType='xsd:date' />
                <cbc:IssueTime minOccurs='0' maxOccurs='1' xsdType='xsd:time' />
                <cbc:DocumentTypeCode minOccurs='0' maxOccurs='1' xsdType='xsd:normalizedString' />
                <cbc:DocumentType minOccurs='0' maxOccurs='1' xsdType='xsd:string' />
                <cac:Attachment minOccurs='0' maxOccurs='1' typeName='AttachmentType' groupType='SEQUENCE'>
                    <cbc:EmbeddedDocumentBinaryObject minOccurs='0' maxOccurs='1' xsdType='xsd:base64Binary' />
                    <cac:ExternalReference minOccurs='0' maxOccurs='1' typeName='ExternalReferenceType' groupType='SEQUENCE'>
                        <cbc:URI minOccurs='0' maxOccurs='1' xsdType='xsd:normalizedString' />
                        <cbc:DocumentHash minOccurs='0' maxOccurs='1' xsdType='xsd:string' />
                        <cbc:HashAlgorithmMethod minOccurs='0' maxOccurs='unbounded' xsdType='xsd:string' />
                        <cbc:ExpiryDate minOccurs='0' maxOccurs='1' xsdType='xsd:date' />
                        <cbc:ExpiryTime minOccurs='0' maxOccurs='1' xsdType='xsd:time' />
                        <cbc:MimeCode minOccurs='0' maxOccurs='1' xsdType='xsd:normalizedString' />
                        <cbc:FormatCode minOccurs='0' maxOccurs='1' xsdType='xsd:normalizedString' />
                        <cbc:EncodingCode minOccurs='0' maxOccurs='1' xsdType='xsd:normalizedString' />
                        <cbc:CharacterSetCode minOccurs='0' maxOccurs='1' xsdType='xsd:normalizedString' />
                        <cbc:FileName minOccurs='0' maxOccurs='1' xsdType='xsd:string' />
                    </cac:ExternalReference>
                </cac:Attachment>
                <cac:ResultOfVerification minOccurs='0' maxOccurs='unbounded' typeName='ResultOfVerificationType' groupType='SEQUENCE'>
                    <cbc:ValidatorID minOccurs='0' maxOccurs='1' xsdType='xsd:normalizedString' />
                    <cbc:ValidateResultCode minOccurs='0' maxOccurs='1' xsdType='xsd:normalizedString' />
                    <cbc:ValidationDate minOccurs='0' maxOccurs='1' xsdType='xsd:date' />
                    <cbc:ValidationTime minOccurs='0' maxOccurs='1' xsdType='xsd:time' />
                    <cbc:ValidateProcess minOccurs='0' maxOccurs='1' xsdType='xsd:string' />
                    <cbc:ValidateTool minOccurs='0' maxOccurs='1' xsdType='xsd:string' />
                    <cbc:ValidateToolVersion minOccurs='0' maxOccurs='1' xsdType='xsd:string' />
                    <cac:SignatoryParty minOccurs='0' maxOccurs='1' typeName='PartyType' groupType='SEQUENCE'>
                        <cbc:EndpointID minOccurs='0' maxOccurs='1' xsdType='xsd:normalizedString' />
                        <cac:PartyIdentification minOccurs='0' maxOccurs='unbounded' typeName='PartyIdentificationType' groupType='SEQUENCE'>
                            <cbc:ID minOccurs='1' maxOccurs='1' xsdType='xsd:normalizedString' />
                        </cac:PartyIdentification>
                        <cac:PartyName minOccurs='0' maxOccurs='unbounded' typeName='PartyNameType' groupType='SEQUENCE'>
                            <cbc:Name minOccurs='1' maxOccurs='1' xsdType='xsd:string' />
                        </cac:PartyName>
                        <cac:Person minOccurs='0' maxOccurs='1' typeName='PersonType' groupType='SEQUENCE'>
                            <cbc:FirstName minOccurs='0' maxOccurs='1' xsdType='xsd:string' />
                            <cbc:FamilyName minOccurs='0' maxOccurs='1' xsdType='xsd:string' />
                            <cbc:MiddleName minOccurs='0' maxOccurs='1' xsdType='xsd:string' />
                            <cbc:JobTitle minOccurs='0' maxOccurs='1' xsdType='xsd:string' />
                        </cac:Person>
                    </cac:SignatoryParty>
                </cac:ResultOfVerification>
                <cac:IssuerParty minOccurs='0' maxOccurs='1' typeName='PartyType' groupType='SEQUENCE'>
                    <cbc:EndpointID minOccurs='0' maxOccurs='1' xsdType='xsd:normalizedString' />
                    <cac:PartyIdentification minOccurs='0' maxOccurs='unbounded' typeName='PartyIdentificationType' groupType='SEQUENCE'>
                        <cbc:ID minOccurs='1' maxOccurs='1' xsdType='xsd:normalizedString' />
                    </cac:PartyIdentification>
                    <cac:PartyName minOccurs='0' maxOccurs='unbounded' typeName='PartyNameType' groupType='SEQUENCE'>
                        <cbc:Name minOccurs='1' maxOccurs='1' xsdType='xsd:string' />
                    </cac:PartyName>
                    <cac:Person minOccurs='0' maxOccurs='1' typeName='PersonType' groupType='SEQUENCE'>
                        <cbc:FirstName minOccurs='0' maxOccurs='1' xsdType='xsd:string' />
                        <cbc:FamilyName minOccurs='0' maxOccurs='1' xsdType='xsd:string' />
                        <cbc:MiddleName minOccurs='0' maxOccurs='1' xsdType='xsd:string' />
                        <cbc:JobTitle minOccurs='0' maxOccurs='1' xsdType='xsd:string' />
                    </cac:Person>
                </cac:IssuerParty>
                <cac:Language minOccurs='0' maxOccurs='unbounded' typeName='LanguageType' groupType='SEQUENCE'>
                    <cbc:ID minOccurs='0' maxOccurs='1' xsdType='xsd:normalizedString' />
                    <cbc:Name minOccurs='0' maxOccurs='1' xsdType='xsd:string' />
                    <cbc:LocaleCode minOccurs='0' maxOccurs='1' xsdType='xsd:normalizedString' />
                </cac:Language>
            </cac:DocumentReference>
        </cac:PolicyNonEvidence>
    </cac:VCDIssuingService>
    <cac:EconomicOperator minOccurs='1' maxOccurs='1' typeName='EconomicOperatorType' groupType='SEQUENCE'>
        <cbc:OntologyDomainCode minOccurs='1' maxOccurs='1' xsdType='xsd:normalizedString' />
        <cac:Party minOccurs='1' maxOccurs='1' typeName='PartyType' groupType='SEQUENCE'>
            <cbc:EndpointID minOccurs='0' maxOccurs='1' xsdType='xsd:normalizedString' />
            <cac:PartyIdentification minOccurs='0' maxOccurs='unbounded' typeName='PartyIdentificationType' groupType='SEQUENCE'>
                <cbc:ID minOccurs='1' maxOccurs='1' xsdType='xsd:normalizedString' />
            </cac:PartyIdentification>
            <cac:PartyName minOccurs='0' maxOccurs='unbounded' typeName='PartyNameType' groupType='SEQUENCE'>
                <cbc:Name minOccurs='1' maxOccurs='1' xsdType='xsd:string' />
            </cac:PartyName>
            <cac:Person minOccurs='0' maxOccurs='1' typeName='PersonType' groupType='SEQUENCE'>
                <cbc:FirstName minOccurs='0' maxOccurs='1' xsdType='xsd:string' />
                <cbc:FamilyName minOccurs='0' maxOccurs='1' xsdType='xsd:string' />
                <cbc:MiddleName minOccurs='0' maxOccurs='1' xsdType='xsd:string' />
                <cbc:JobTitle minOccurs='0' maxOccurs='1' xsdType='xsd:string' />
            </cac:Person>
        </cac:Party>
        <cac:Criterion minOccurs='1' maxOccurs='unbounded' typeName='CriterionType' groupType='SEQUENCE'>
            <cbc:ID minOccurs='1' maxOccurs='1' xsdType='xsd:normalizedString' />
            <cbc:CriterionCode minOccurs='0' maxOccurs='1' xsdType='xsd:normalizedString' />
            <cbc:RequestedIndicator minOccurs='1' maxOccurs='1' xsdType='xsd:boolean' />
            <cbc:AllEvidencesSuppliedIndicator minOccurs='0' maxOccurs='1' xsdType='xsd:boolean' />
            <cbc:ProvenIndicator minOccurs='0' maxOccurs='1' xsdType='xsd:boolean' />
            <cbc:ProvingEvidenceID minOccurs='0' maxOccurs='unbounded' xsdType='xsd:normalizedString' />
            <cac:EuropeanRegulation minOccurs='1' maxOccurs='1' typeName='RegulationType' groupType='SEQUENCE'>
                <cbc:Name minOccurs='1' maxOccurs='1' xsdType='xsd:string' />
                <cbc:LegalReference minOccurs='1' maxOccurs='1' xsdType='xsd:string' />
                <cbc:OntologyURI minOccurs='1' maxOccurs='1' xsdType='xsd:normalizedString' />
            </cac:EuropeanRegulation>
            <cac:EconomicOperatorNationalRegulation minOccurs='1' maxOccurs='1' typeName='RegulationType' groupType='SEQUENCE'>
                <cbc:Name minOccurs='1' maxOccurs='1' xsdType='xsd:string' />
                <cbc:LegalReference minOccurs='1' maxOccurs='1' xsdType='xsd:string' />
                <cbc:OntologyURI minOccurs='1' maxOccurs='1' xsdType='xsd:normalizedString' />
            </cac:EconomicOperatorNationalRegulation>
            <cac:ContractingAuthorityNationalRegulation minOccurs='1' maxOccurs='1' typeName='RegulationType' groupType='SEQUENCE'>
                <cbc:Name minOccurs='1' maxOccurs='1' xsdType='xsd:string' />
                <cbc:LegalReference minOccurs='1' maxOccurs='1' xsdType='xsd:string' />
                <cbc:OntologyURI minOccurs='1' maxOccurs='1' xsdType='xsd:normalizedString' />
            </cac:ContractingAuthorityNationalRegulation>
        </cac:Criterion>
        <cac:DescriptiveNonEvidence minOccurs='0' maxOccurs='unbounded' typeName='NonEvidenceType' groupType='SEQUENCE'>
            <cbc:DocumentGroupID minOccurs='1' maxOccurs='1' xsdType='xsd:normalizedString' />
            <cbc:Title minOccurs='1' maxOccurs='1' xsdType='xsd:string' />
            <cac:DocumentReference minOccurs='1' maxOccurs='unbounded' typeName='DocumentReferenceType' groupType='SEQUENCE'>
                <cbc:ID minOccurs='1' maxOccurs='1' xsdType='xsd:normalizedString' />
                <cbc:IssueDate minOccurs='0' maxOccurs='1' xsdType='xsd:date' />
                <cbc:IssueTime minOccurs='0' maxOccurs='1' xsdType='xsd:time' />
                <cbc:DocumentTypeCode minOccurs='0' maxOccurs='1' xsdType='xsd:normalizedString' />
                <cbc:DocumentType minOccurs='0' maxOccurs='1' xsdType='xsd:string' />
                <cac:Attachment minOccurs='0' maxOccurs='1' typeName='AttachmentType' groupType='SEQUENCE'>
                    <cbc:EmbeddedDocumentBinaryObject minOccurs='0' maxOccurs='1' xsdType='xsd:base64Binary' />
                    <cac:ExternalReference minOccurs='0' maxOccurs='1' typeName='ExternalReferenceType' groupType='SEQUENCE'>
                        <cbc:URI minOccurs='0' maxOccurs='1' xsdType='xsd:normalizedString' />
                        <cbc:DocumentHash minOccurs='0' maxOccurs='1' xsdType='xsd:string' />
                        <cbc:HashAlgorithmMethod minOccurs='0' maxOccurs='unbounded' xsdType='xsd:string' />
                        <cbc:ExpiryDate minOccurs='0' maxOccurs='1' xsdType='xsd:date' />
                        <cbc:ExpiryTime minOccurs='0' maxOccurs='1' xsdType='xsd:time' />
                        <cbc:MimeCode minOccurs='0' maxOccurs='1' xsdType='xsd:normalizedString' />
                        <cbc:FormatCode minOccurs='0' maxOccurs='1' xsdType='xsd:normalizedString' />
                        <cbc:EncodingCode minOccurs='0' maxOccurs='1' xsdType='xsd:normalizedString' />
                        <cbc:CharacterSetCode minOccurs='0' maxOccurs='1' xsdType='xsd:normalizedString' />
                        <cbc:FileName minOccurs='0' maxOccurs='1' xsdType='xsd:string' />
                    </cac:ExternalReference>
                </cac:Attachment>
                <cac:ResultOfVerification minOccurs='0' maxOccurs='unbounded' typeName='ResultOfVerificationType' groupType='SEQUENCE'>
                    <cbc:ValidatorID minOccurs='0' maxOccurs='1' xsdType='xsd:normalizedString' />
                    <cbc:ValidateResultCode minOccurs='0' maxOccurs='1' xsdType='xsd:normalizedString' />
                    <cbc:ValidationDate minOccurs='0' maxOccurs='1' xsdType='xsd:date' />
                    <cbc:ValidationTime minOccurs='0' maxOccurs='1' xsdType='xsd:time' />
                    <cbc:ValidateProcess minOccurs='0' maxOccurs='1' xsdType='xsd:string' />
                    <cbc:ValidateTool minOccurs='0' maxOccurs='1' xsdType='xsd:string' />
                    <cbc:ValidateToolVersion minOccurs='0' maxOccurs='1' xsdType='xsd:string' />
                    <cac:SignatoryParty minOccurs='0' maxOccurs='1' typeName='PartyType' groupType='SEQUENCE'>
                        <cbc:EndpointID minOccurs='0' maxOccurs='1' xsdType='xsd:normalizedString' />
                        <cac:PartyIdentification minOccurs='0' maxOccurs='unbounded' typeName='PartyIdentificationType' groupType='SEQUENCE'>
                            <cbc:ID minOccurs='1' maxOccurs='1' xsdType='xsd:normalizedString' />
                        </cac:PartyIdentification>
                        <cac:PartyName minOccurs='0' maxOccurs='unbounded' typeName='PartyNameType' groupType='SEQUENCE'>
                            <cbc:Name minOccurs='1' maxOccurs='1' xsdType='xsd:string' />
                        </cac:PartyName>
                        <cac:Person minOccurs='0' maxOccurs='1' typeName='PersonType' groupType='SEQUENCE'>
                            <cbc:FirstName minOccurs='0' maxOccurs='1' xsdType='xsd:string' />
                            <cbc:FamilyName minOccurs='0' maxOccurs='1' xsdType='xsd:string' />
                            <cbc:MiddleName minOccurs='0' maxOccurs='1' xsdType='xsd:string' />
                            <cbc:JobTitle minOccurs='0' maxOccurs='1' xsdType='xsd:string' />
                        </cac:Person>
                    </cac:SignatoryParty>
                </cac:ResultOfVerification>
                <cac:IssuerParty minOccurs='0' maxOccurs='1' typeName='PartyType' groupType='SEQUENCE'>
                    <cbc:EndpointID minOccurs='0' maxOccurs='1' xsdType='xsd:normalizedString' />
                    <cac:PartyIdentification minOccurs='0' maxOccurs='unbounded' typeName='PartyIdentificationType' groupType='SEQUENCE'>
                        <cbc:ID minOccurs='1' maxOccurs='1' xsdType='xsd:normalizedString' />
                    </cac:PartyIdentification>
                    <cac:PartyName minOccurs='0' maxOccurs='unbounded' typeName='PartyNameType' groupType='SEQUENCE'>
                        <cbc:Name minOccurs='1' maxOccurs='1' xsdType='xsd:string' />
                    </cac:PartyName>
                    <cac:Person minOccurs='0' maxOccurs='1' typeName='PersonType' groupType='SEQUENCE'>
                        <cbc:FirstName minOccurs='0' maxOccurs='1' xsdType='xsd:string' />
                        <cbc:FamilyName minOccurs='0' maxOccurs='1' xsdType='xsd:string' />
                        <cbc:MiddleName minOccurs='0' maxOccurs='1' xsdType='xsd:string' />
                        <cbc:JobTitle minOccurs='0' maxOccurs='1' xsdType='xsd:string' />
                    </cac:Person>
                </cac:IssuerParty>
                <cac:Language minOccurs='0' maxOccurs='unbounded' typeName='LanguageType' groupType='SEQUENCE'>
                    <cbc:ID minOccurs='0' maxOccurs='1' xsdType='xsd:normalizedString' />
                    <cbc:Name minOccurs='0' maxOccurs='1' xsdType='xsd:string' />
                    <cbc:LocaleCode minOccurs='0' maxOccurs='1' xsdType='xsd:normalizedString' />
                </cac:Language>
            </cac:DocumentReference>
        </cac:DescriptiveNonEvidence>
    </cac:EconomicOperator>
    <cac:RelevantVCDPerson minOccurs='0' maxOccurs='unbounded' typeName='VCDPersonType' groupType='SEQUENCE'>
        <cbc:ID minOccurs='1' maxOccurs='1' xsdType='xsd:normalizedString' />
        <cbc:BirthDate minOccurs='0' maxOccurs='1' xsdType='xsd:date' />
        <cbc:PlaceOfBirth minOccurs='0' maxOccurs='1' xsdType='xsd:string' />
        <cbc:Nationality minOccurs='0' maxOccurs='1' xsdType='xsd:string' />
        <cbc:Profession minOccurs='0' maxOccurs='1' xsdType='xsd:string' />
        <cac:Criterion minOccurs='1' maxOccurs='unbounded' typeName='CriterionType' groupType='SEQUENCE'>
            <cbc:ID minOccurs='1' maxOccurs='1' xsdType='xsd:normalizedString' />
            <cbc:CriterionCode minOccurs='0' maxOccurs='1' xsdType='xsd:normalizedString' />
            <cbc:RequestedIndicator minOccurs='1' maxOccurs='1' xsdType='xsd:boolean' />
            <cbc:AllEvidencesSuppliedIndicator minOccurs='0' maxOccurs='1' xsdType='xsd:boolean' />
            <cbc:ProvenIndicator minOccurs='0' maxOccurs='1' xsdType='xsd:boolean' />
            <cbc:ProvingEvidenceID minOccurs='0' maxOccurs='unbounded' xsdType='xsd:normalizedString' />
            <cac:EuropeanRegulation minOccurs='1' maxOccurs='1' typeName='RegulationType' groupType='SEQUENCE'>
                <cbc:Name minOccurs='1' maxOccurs='1' xsdType='xsd:string' />
                <cbc:LegalReference minOccurs='1' maxOccurs='1' xsdType='xsd:string' />
                <cbc:OntologyURI minOccurs='1' maxOccurs='1' xsdType='xsd:normalizedString' />
            </cac:EuropeanRegulation>
            <cac:EconomicOperatorNationalRegulation minOccurs='1' maxOccurs='1' typeName='RegulationType' groupType='SEQUENCE'>
                <cbc:Name minOccurs='1' maxOccurs='1' xsdType='xsd:string' />
                <cbc:LegalReference minOccurs='1' maxOccurs='1' xsdType='xsd:string' />
                <cbc:OntologyURI minOccurs='1' maxOccurs='1' xsdType='xsd:normalizedString' />
            </cac:EconomicOperatorNationalRegulation>
            <cac:ContractingAuthorityNationalRegulation minOccurs='1' maxOccurs='1' typeName='RegulationType' groupType='SEQUENCE'>
                <cbc:Name minOccurs='1' maxOccurs='1' xsdType='xsd:string' />
                <cbc:LegalReference minOccurs='1' maxOccurs='1' xsdType='xsd:string' />
                <cbc:OntologyURI minOccurs='1' maxOccurs='1' xsdType='xsd:normalizedString' />
            </cac:ContractingAuthorityNationalRegulation>
        </cac:Criterion>
        <cac:Person minOccurs='1' maxOccurs='1' typeName='PersonType' groupType='SEQUENCE'>
            <cbc:FirstName minOccurs='0' maxOccurs='1' xsdType='xsd:string' />
            <cbc:FamilyName minOccurs='0' maxOccurs='1' xsdType='xsd:string' />
            <cbc:MiddleName minOccurs='0' maxOccurs='1' xsdType='xsd:string' />
            <cbc:JobTitle minOccurs='0' maxOccurs='1' xsdType='xsd:string' />
        </cac:Person>
        <cac:ResidenceAddress minOccurs='0' maxOccurs='1' typeName='AddressType' groupType='SEQUENCE'>
            <cbc:CityName minOccurs='0' maxOccurs='1' xsdType='xsd:string' />
            <cbc:PostalZone minOccurs='0' maxOccurs='1' xsdType='xsd:string' />
            <cbc:CountrySubentity minOccurs='0' maxOccurs='1' xsdType='xsd:string' />
            <cbc:CountrySubentityCode minOccurs='0' maxOccurs='1' xsdType='xsd:normalizedString' />
            <cac:AddressLine minOccurs='0' maxOccurs='unbounded' typeName='AddressLineType' groupType='SEQUENCE'>
                <cbc:Line minOccurs='1' maxOccurs='1' xsdType='xsd:string' />
            </cac:AddressLine>
            <cac:Country minOccurs='0' maxOccurs='1' typeName='CountryType' groupType='SEQUENCE'>
                <cbc:IdentificationCode minOccurs='0' maxOccurs='1' xsdType='xsd:normalizedString' />
                <cbc:Name minOccurs='0' maxOccurs='1' xsdType='xsd:string' />
            </cac:Country>
        </cac:ResidenceAddress>
    </cac:RelevantVCDPerson>
    <cac:Evidence minOccurs='0' maxOccurs='unbounded' typeName='EvidenceType' groupType='SEQUENCE'>
        <cbc:MaturityLevelCode minOccurs='1' maxOccurs='1' xsdType='xsd:normalizedString' />
        <cbc:DocumentGroupID minOccurs='1' maxOccurs='1' xsdType='xsd:normalizedString' />
        <cbc:Title minOccurs='1' maxOccurs='1' xsdType='xsd:string' />
        <cbc:ProvesCriterionID minOccurs='1' maxOccurs='unbounded' xsdType='xsd:normalizedString' />
        <cac:OntologyDefinitionRegulation minOccurs='1' maxOccurs='1' typeName='RegulationType' groupType='SEQUENCE'>
            <cbc:Name minOccurs='1' maxOccurs='1' xsdType='xsd:string' />
            <cbc:LegalReference minOccurs='1' maxOccurs='1' xsdType='xsd:string' />
            <cbc:OntologyURI minOccurs='1' maxOccurs='1' xsdType='xsd:normalizedString' />
        </cac:OntologyDefinitionRegulation>
        <cac:DocumentReference minOccurs='1' maxOccurs='unbounded' typeName='DocumentReferenceType' groupType='SEQUENCE'>
            <cbc:ID minOccurs='1' maxOccurs='1' xsdType='xsd:normalizedString' />
            <cbc:IssueDate minOccurs='0' maxOccurs='1' xsdType='xsd:date' />
            <cbc:IssueTime minOccurs='0' maxOccurs='1' xsdType='xsd:time' />
            <cbc:DocumentTypeCode minOccurs='0' maxOccurs='1' xsdType='xsd:normalizedString' />
            <cbc:DocumentType minOccurs='0' maxOccurs='1' xsdType='xsd:string' />
            <cac:Attachment minOccurs='0' maxOccurs='1' typeName='AttachmentType' groupType='SEQUENCE'>
                <cbc:EmbeddedDocumentBinaryObject minOccurs='0' maxOccurs='1' xsdType='xsd:base64Binary' />
                <cac:ExternalReference minOccurs='0' maxOccurs='1' typeName='ExternalReferenceType' groupType='SEQUENCE'>
                    <cbc:URI minOccurs='0' maxOccurs='1' xsdType='xsd:normalizedString' />
                    <cbc:DocumentHash minOccurs='0' maxOccurs='1' xsdType='xsd:string' />
                    <cbc:HashAlgorithmMethod minOccurs='0' maxOccurs='unbounded' xsdType='xsd:string' />
                    <cbc:ExpiryDate minOccurs='0' maxOccurs='1' xsdType='xsd:date' />
                    <cbc:ExpiryTime minOccurs='0' maxOccurs='1' xsdType='xsd:time' />
                    <cbc:MimeCode minOccurs='0' maxOccurs='1' xsdType='xsd:normalizedString' />
                    <cbc:FormatCode minOccurs='0' maxOccurs='1' xsdType='xsd:normalizedString' />
                    <cbc:EncodingCode minOccurs='0' maxOccurs='1' xsdType='xsd:normalizedString' />
                    <cbc:CharacterSetCode minOccurs='0' maxOccurs='1' xsdType='xsd:normalizedString' />
                    <cbc:FileName minOccurs='0' maxOccurs='1' xsdType='xsd:string' />
                </cac:ExternalReference>
            </cac:Attachment>
            <cac:ResultOfVerification minOccurs='0' maxOccurs='unbounded' typeName='ResultOfVerificationType' groupType='SEQUENCE'>
                <cbc:ValidatorID minOccurs='0' maxOccurs='1' xsdType='xsd:normalizedString' />
                <cbc:ValidateResultCode minOccurs='0' maxOccurs='1' xsdType='xsd:normalizedString' />
                <cbc:ValidationDate minOccurs='0' maxOccurs='1' xsdType='xsd:date' />
                <cbc:ValidationTime minOccurs='0' maxOccurs='1' xsdType='xsd:time' />
                <cbc:ValidateProcess minOccurs='0' maxOccurs='1' xsdType='xsd:string' />
                <cbc:ValidateTool minOccurs='0' maxOccurs='1' xsdType='xsd:string' />
                <cbc:ValidateToolVersion minOccurs='0' maxOccurs='1' xsdType='xsd:string' />
                <cac:SignatoryParty minOccurs='0' maxOccurs='1' typeName='PartyType' groupType='SEQUENCE'>
                    <cbc:EndpointID minOccurs='0' maxOccurs='1' xsdType='xsd:normalizedString' />
                    <cac:PartyIdentification minOccurs='0' maxOccurs='unbounded' typeName='PartyIdentificationType' groupType='SEQUENCE'>
                        <cbc:ID minOccurs='1' maxOccurs='1' xsdType='xsd:normalizedString' />
                    </cac:PartyIdentification>
                    <cac:PartyName minOccurs='0' maxOccurs='unbounded' typeName='PartyNameType' groupType='SEQUENCE'>
                        <cbc:Name minOccurs='1' maxOccurs='1' xsdType='xsd:string' />
                    </cac:PartyName>
                    <cac:Person minOccurs='0' maxOccurs='1' typeName='PersonType' groupType='SEQUENCE'>
                        <cbc:FirstName minOccurs='0' maxOccurs='1' xsdType='xsd:string' />
                        <cbc:FamilyName minOccurs='0' maxOccurs='1' xsdType='xsd:string' />
                        <cbc:MiddleName minOccurs='0' maxOccurs='1' xsdType='xsd:string' />
                        <cbc:JobTitle minOccurs='0' maxOccurs='1' xsdType='xsd:string' />
                    </cac:Person>
                </cac:SignatoryParty>
            </cac:ResultOfVerification>
            <cac:IssuerParty minOccurs='0' maxOccurs='1' typeName='PartyType' groupType='SEQUENCE'>
                <cbc:EndpointID minOccurs='0' maxOccurs='1' xsdType='xsd:normalizedString' />
                <cac:PartyIdentification minOccurs='0' maxOccurs='unbounded' typeName='PartyIdentificationType' groupType='SEQUENCE'>
                    <cbc:ID minOccurs='1' maxOccurs='1' xsdType='xsd:normalizedString' />
                </cac:PartyIdentification>
                <cac:PartyName minOccurs='0' maxOccurs='unbounded' typeName='PartyNameType' groupType='SEQUENCE'>
                    <cbc:Name minOccurs='1' maxOccurs='1' xsdType='xsd:string' />
                </cac:PartyName>
                <cac:Person minOccurs='0' maxOccurs='1' typeName='PersonType' groupType='SEQUENCE'>
                    <cbc:FirstName minOccurs='0' maxOccurs='1' xsdType='xsd:string' />
                    <cbc:FamilyName minOccurs='0' maxOccurs='1' xsdType='xsd:string' />
                    <cbc:MiddleName minOccurs='0' maxOccurs='1' xsdType='xsd:string' />
                    <cbc:JobTitle minOccurs='0' maxOccurs='1' xsdType='xsd:string' />
                </cac:Person>
            </cac:IssuerParty>
            <cac:Language minOccurs='0' maxOccurs='unbounded' typeName='LanguageType' groupType='SEQUENCE'>
                <cbc:ID minOccurs='0' maxOccurs='1' xsdType='xsd:normalizedString' />
                <cbc:Name minOccurs='0' maxOccurs='1' xsdType='xsd:string' />
                <cbc:LocaleCode minOccurs='0' maxOccurs='1' xsdType='xsd:normalizedString' />
            </cac:Language>
        </cac:DocumentReference>
    </cac:Evidence>
    <cac:NonEvidence minOccurs='0' maxOccurs='unbounded' typeName='NonEvidenceType' groupType='SEQUENCE'>
        <cbc:DocumentGroupID minOccurs='1' maxOccurs='1' xsdType='xsd:normalizedString' />
        <cbc:Title minOccurs='1' maxOccurs='1' xsdType='xsd:string' />
        <cac:DocumentReference minOccurs='1' maxOccurs='unbounded' typeName='DocumentReferenceType' groupType='SEQUENCE'>
            <cbc:ID minOccurs='1' maxOccurs='1' xsdType='xsd:normalizedString' />
            <cbc:IssueDate minOccurs='0' maxOccurs='1' xsdType='xsd:date' />
            <cbc:IssueTime minOccurs='0' maxOccurs='1' xsdType='xsd:time' />
            <cbc:DocumentTypeCode minOccurs='0' maxOccurs='1' xsdType='xsd:normalizedString' />
            <cbc:DocumentType minOccurs='0' maxOccurs='1' xsdType='xsd:string' />
            <cac:Attachment minOccurs='0' maxOccurs='1' typeName='AttachmentType' groupType='SEQUENCE'>
                <cbc:EmbeddedDocumentBinaryObject minOccurs='0' maxOccurs='1' xsdType='xsd:base64Binary' />
                <cac:ExternalReference minOccurs='0' maxOccurs='1' typeName='ExternalReferenceType' groupType='SEQUENCE'>
                    <cbc:URI minOccurs='0' maxOccurs='1' xsdType='xsd:normalizedString' />
                    <cbc:DocumentHash minOccurs='0' maxOccurs='1' xsdType='xsd:string' />
                    <cbc:HashAlgorithmMethod minOccurs='0' maxOccurs='unbounded' xsdType='xsd:string' />
                    <cbc:ExpiryDate minOccurs='0' maxOccurs='1' xsdType='xsd:date' />
                    <cbc:ExpiryTime minOccurs='0' maxOccurs='1' xsdType='xsd:time' />
                    <cbc:MimeCode minOccurs='0' maxOccurs='1' xsdType='xsd:normalizedString' />
                    <cbc:FormatCode minOccurs='0' maxOccurs='1' xsdType='xsd:normalizedString' />
                    <cbc:EncodingCode minOccurs='0' maxOccurs='1' xsdType='xsd:normalizedString' />
                    <cbc:CharacterSetCode minOccurs='0' maxOccurs='1' xsdType='xsd:normalizedString' />
                    <cbc:FileName minOccurs='0' maxOccurs='1' xsdType='xsd:string' />
                </cac:ExternalReference>
            </cac:Attachment>
            <cac:ResultOfVerification minOccurs='0' maxOccurs='unbounded' typeName='ResultOfVerificationType' groupType='SEQUENCE'>
                <cbc:ValidatorID minOccurs='0' maxOccurs='1' xsdType='xsd:normalizedString' />
                <cbc:ValidateResultCode minOccurs='0' maxOccurs='1' xsdType='xsd:normalizedString' />
                <cbc:ValidationDate minOccurs='0' maxOccurs='1' xsdType='xsd:date' />
                <cbc:ValidationTime minOccurs='0' maxOccurs='1' xsdType='xsd:time' />
                <cbc:ValidateProcess minOccurs='0' maxOccurs='1' xsdType='xsd:string' />
                <cbc:ValidateTool minOccurs='0' maxOccurs='1' xsdType='xsd:string' />
                <cbc:ValidateToolVersion minOccurs='0' maxOccurs='1' xsdType='xsd:string' />
                <cac:SignatoryParty minOccurs='0' maxOccurs='1' typeName='PartyType' groupType='SEQUENCE'>
                    <cbc:EndpointID minOccurs='0' maxOccurs='1' xsdType='xsd:normalizedString' />
                    <cac:PartyIdentification minOccurs='0' maxOccurs='unbounded' typeName='PartyIdentificationType' groupType='SEQUENCE'>
                        <cbc:ID minOccurs='1' maxOccurs='1' xsdType='xsd:normalizedString' />
                    </cac:PartyIdentification>
                    <cac:PartyName minOccurs='0' maxOccurs='unbounded' typeName='PartyNameType' groupType='SEQUENCE'>
                        <cbc:Name minOccurs='1' maxOccurs='1' xsdType='xsd:string' />
                    </cac:PartyName>
                    <cac:Person minOccurs='0' maxOccurs='1' typeName='PersonType' groupType='SEQUENCE'>
                        <cbc:FirstName minOccurs='0' maxOccurs='1' xsdType='xsd:string' />
                        <cbc:FamilyName minOccurs='0' maxOccurs='1' xsdType='xsd:string' />
                        <cbc:MiddleName minOccurs='0' maxOccurs='1' xsdType='xsd:string' />
                        <cbc:JobTitle minOccurs='0' maxOccurs='1' xsdType='xsd:string' />
                    </cac:Person>
                </cac:SignatoryParty>
            </cac:ResultOfVerification>
            <cac:IssuerParty minOccurs='0' maxOccurs='1' typeName='PartyType' groupType='SEQUENCE'>
                <cbc:EndpointID minOccurs='0' maxOccurs='1' xsdType='xsd:normalizedString' />
                <cac:PartyIdentification minOccurs='0' maxOccurs='unbounded' typeName='PartyIdentificationType' groupType='SEQUENCE'>
                    <cbc:ID minOccurs='1' maxOccurs='1' xsdType='xsd:normalizedString' />
                </cac:PartyIdentification>
                <cac:PartyName minOccurs='0' maxOccurs='unbounded' typeName='PartyNameType' groupType='SEQUENCE'>
                    <cbc:Name minOccurs='1' maxOccurs='1' xsdType='xsd:string' />
                </cac:PartyName>
                <cac:Person minOccurs='0' maxOccurs='1' typeName='PersonType' groupType='SEQUENCE'>
                    <cbc:FirstName minOccurs='0' maxOccurs='1' xsdType='xsd:string' />
                    <cbc:FamilyName minOccurs='0' maxOccurs='1' xsdType='xsd:string' />
                    <cbc:MiddleName minOccurs='0' maxOccurs='1' xsdType='xsd:string' />
                    <cbc:JobTitle minOccurs='0' maxOccurs='1' xsdType='xsd:string' />
                </cac:Person>
            </cac:IssuerParty>
            <cac:Language minOccurs='0' maxOccurs='unbounded' typeName='LanguageType' groupType='SEQUENCE'>
                <cbc:ID minOccurs='0' maxOccurs='1' xsdType='xsd:normalizedString' />
                <cbc:Name minOccurs='0' maxOccurs='1' xsdType='xsd:string' />
                <cbc:LocaleCode minOccurs='0' maxOccurs='1' xsdType='xsd:normalizedString' />
            </cac:Language>
        </cac:DocumentReference>
    </cac:NonEvidence>
    <cac:Signature minOccurs='0' maxOccurs='1' typeName='SignatureType' groupType='SEQUENCE'>
        <cbc:ID minOccurs='1' maxOccurs='1' xsdType='xsd:normalizedString' />
        <cbc:Note minOccurs='0' maxOccurs='1' xsdType='xsd:string' />
        <cbc:CanonicalizationMethod minOccurs='0' maxOccurs='1' xsdType='xsd:string' />
        <cbc:SignatureMethod minOccurs='0' maxOccurs='1' xsdType='xsd:string' />
        <cac:SignatoryParty minOccurs='1' maxOccurs='1' typeName='PartyType' groupType='SEQUENCE'>
            <cbc:EndpointID minOccurs='0' maxOccurs='1' xsdType='xsd:normalizedString' />
            <cac:PartyIdentification minOccurs='0' maxOccurs='unbounded' typeName='PartyIdentificationType' groupType='SEQUENCE'>
                <cbc:ID minOccurs='1' maxOccurs='1' xsdType='xsd:normalizedString' />
            </cac:PartyIdentification>
            <cac:PartyName minOccurs='0' maxOccurs='unbounded' typeName='PartyNameType' groupType='SEQUENCE'>
                <cbc:Name minOccurs='1' maxOccurs='1' xsdType='xsd:string' />
            </cac:PartyName>
            <cac:Person minOccurs='0' maxOccurs='1' typeName='PersonType' groupType='SEQUENCE'>
                <cbc:FirstName minOccurs='0' maxOccurs='1' xsdType='xsd:string' />
                <cbc:FamilyName minOccurs='0' maxOccurs='1' xsdType='xsd:string' />
                <cbc:MiddleName minOccurs='0' maxOccurs='1' xsdType='xsd:string' />
                <cbc:JobTitle minOccurs='0' maxOccurs='1' xsdType='xsd:string' />
            </cac:Person>
        </cac:SignatoryParty>
        <cac:DigitalSignatureAttachment minOccurs='0' maxOccurs='1' typeName='AttachmentType' groupType='SEQUENCE'>
            <cbc:EmbeddedDocumentBinaryObject minOccurs='0' maxOccurs='1' xsdType='xsd:base64Binary' />
            <cac:ExternalReference minOccurs='0' maxOccurs='1' typeName='ExternalReferenceType' groupType='SEQUENCE'>
                <cbc:URI minOccurs='0' maxOccurs='1' xsdType='xsd:normalizedString' />
                <cbc:DocumentHash minOccurs='0' maxOccurs='1' xsdType='xsd:string' />
                <cbc:HashAlgorithmMethod minOccurs='0' maxOccurs='unbounded' xsdType='xsd:string' />
                <cbc:ExpiryDate minOccurs='0' maxOccurs='1' xsdType='xsd:date' />
                <cbc:ExpiryTime minOccurs='0' maxOccurs='1' xsdType='xsd:time' />
                <cbc:MimeCode minOccurs='0' maxOccurs='1' xsdType='xsd:normalizedString' />
                <cbc:FormatCode minOccurs='0' maxOccurs='1' xsdType='xsd:normalizedString' />
                <cbc:EncodingCode minOccurs='0' maxOccurs='1' xsdType='xsd:normalizedString' />
                <cbc:CharacterSetCode minOccurs='0' maxOccurs='1' xsdType='xsd:normalizedString' />
                <cbc:FileName minOccurs='0' maxOccurs='1' xsdType='xsd:string' />
            </cac:ExternalReference>
        </cac:DigitalSignatureAttachment>
        <cac:OriginalDocumentReference minOccurs='0' maxOccurs='1' typeName='DocumentReferenceType' groupType='SEQUENCE'>
            <cbc:ID minOccurs='1' maxOccurs='1' xsdType='xsd:normalizedString' />
            <cbc:IssueDate minOccurs='0' maxOccurs='1' xsdType='xsd:date' />
            <cbc:IssueTime minOccurs='0' maxOccurs='1' xsdType='xsd:time' />
            <cbc:DocumentTypeCode minOccurs='0' maxOccurs='1' xsdType='xsd:normalizedString' />
            <cbc:DocumentType minOccurs='0' maxOccurs='1' xsdType='xsd:string' />
            <cac:Attachment minOccurs='0' maxOccurs='1' typeName='AttachmentType' groupType='SEQUENCE'>
                <cbc:EmbeddedDocumentBinaryObject minOccurs='0' maxOccurs='1' xsdType='xsd:base64Binary' />
                <cac:ExternalReference minOccurs='0' maxOccurs='1' typeName='ExternalReferenceType' groupType='SEQUENCE'>
                    <cbc:URI minOccurs='0' maxOccurs='1' xsdType='xsd:normalizedString' />
                    <cbc:DocumentHash minOccurs='0' maxOccurs='1' xsdType='xsd:string' />
                    <cbc:HashAlgorithmMethod minOccurs='0' maxOccurs='unbounded' xsdType='xsd:string' />
                    <cbc:ExpiryDate minOccurs='0' maxOccurs='1' xsdType='xsd:date' />
                    <cbc:ExpiryTime minOccurs='0' maxOccurs='1' xsdType='xsd:time' />
                    <cbc:MimeCode minOccurs='0' maxOccurs='1' xsdType='xsd:normalizedString' />
                    <cbc:FormatCode minOccurs='0' maxOccurs='1' xsdType='xsd:normalizedString' />
                    <cbc:EncodingCode minOccurs='0' maxOccurs='1' xsdType='xsd:normalizedString' />
                    <cbc:CharacterSetCode minOccurs='0' maxOccurs='1' xsdType='xsd:normalizedString' />
                    <cbc:FileName minOccurs='0' maxOccurs='1' xsdType='xsd:string' />
                </cac:ExternalReference>
            </cac:Attachment>
            <cac:ResultOfVerification minOccurs='0' maxOccurs='unbounded' typeName='ResultOfVerificationType' groupType='SEQUENCE'>
                <cbc:ValidatorID minOccurs='0' maxOccurs='1' xsdType='xsd:normalizedString' />
                <cbc:ValidateResultCode minOccurs='0' maxOccurs='1' xsdType='xsd:normalizedString' />
                <cbc:ValidationDate minOccurs='0' maxOccurs='1' xsdType='xsd:date' />
                <cbc:ValidationTime minOccurs='0' maxOccurs='1' xsdType='xsd:time' />
                <cbc:ValidateProcess minOccurs='0' maxOccurs='1' xsdType='xsd:string' />
                <cbc:ValidateTool minOccurs='0' maxOccurs='1' xsdType='xsd:string' />
                <cbc:ValidateToolVersion minOccurs='0' maxOccurs='1' xsdType='xsd:string' />
                <cac:SignatoryParty minOccurs='0' maxOccurs='1' typeName='PartyType' groupType='SEQUENCE'>
                    <cbc:EndpointID minOccurs='0' maxOccurs='1' xsdType='xsd:normalizedString' />
                    <cac:PartyIdentification minOccurs='0' maxOccurs='unbounded' typeName='PartyIdentificationType' groupType='SEQUENCE'>
                        <cbc:ID minOccurs='1' maxOccurs='1' xsdType='xsd:normalizedString' />
                    </cac:PartyIdentification>
                    <cac:PartyName minOccurs='0' maxOccurs='unbounded' typeName='PartyNameType' groupType='SEQUENCE'>
                        <cbc:Name minOccurs='1' maxOccurs='1' xsdType='xsd:string' />
                    </cac:PartyName>
                    <cac:Person minOccurs='0' maxOccurs='1' typeName='PersonType' groupType='SEQUENCE'>
                        <cbc:FirstName minOccurs='0' maxOccurs='1' xsdType='xsd:string' />
                        <cbc:FamilyName minOccurs='0' maxOccurs='1' xsdType='xsd:string' />
                        <cbc:MiddleName minOccurs='0' maxOccurs='1' xsdType='xsd:string' />
                        <cbc:JobTitle minOccurs='0' maxOccurs='1' xsdType='xsd:string' />
                    </cac:Person>
                </cac:SignatoryParty>
            </cac:ResultOfVerification>
            <cac:IssuerParty minOccurs='0' maxOccurs='1' typeName='PartyType' groupType='SEQUENCE'>
                <cbc:EndpointID minOccurs='0' maxOccurs='1' xsdType='xsd:normalizedString' />
                <cac:PartyIdentification minOccurs='0' maxOccurs='unbounded' typeName='PartyIdentificationType' groupType='SEQUENCE'>
                    <cbc:ID minOccurs='1' maxOccurs='1' xsdType='xsd:normalizedString' />
                </cac:PartyIdentification>
                <cac:PartyName minOccurs='0' maxOccurs='unbounded' typeName='PartyNameType' groupType='SEQUENCE'>
                    <cbc:Name minOccurs='1' maxOccurs='1' xsdType='xsd:string' />
                </cac:PartyName>
                <cac:Person minOccurs='0' maxOccurs='1' typeName='PersonType' groupType='SEQUENCE'>
                    <cbc:FirstName minOccurs='0' maxOccurs='1' xsdType='xsd:string' />
                    <cbc:FamilyName minOccurs='0' maxOccurs='1' xsdType='xsd:string' />
                    <cbc:MiddleName minOccurs='0' maxOccurs='1' xsdType='xsd:string' />
                    <cbc:JobTitle minOccurs='0' maxOccurs='1' xsdType='xsd:string' />
                </cac:Person>
            </cac:IssuerParty>
            <cac:Language minOccurs='0' maxOccurs='unbounded' typeName='LanguageType' groupType='SEQUENCE'>
                <cbc:ID minOccurs='0' maxOccurs='1' xsdType='xsd:normalizedString' />
                <cbc:Name minOccurs='0' maxOccurs='1' xsdType='xsd:string' />
                <cbc:LocaleCode minOccurs='0' maxOccurs='1' xsdType='xsd:normalizedString' />
            </cac:Language>
        </cac:OriginalDocumentReference>
    </cac:Signature>
</vcd:VCD>