<?xml version='1.0'?>
<vcdp:VCDPackage minOccurs='1' maxOccurs='1' typeName='VCDPackageType' groupType='SEQUENCE' xmlns:clmIANAMIMEMediaType='urn:un:unece:uncefact:codelist:specification:IANAMIMEMediaType:2003' xmlns:vcd='urn:peppol:wp2:schema:xsd:VirtualCompanyDossier-1' xmlns:cec='urn:oasis:names:specification:ubl:schema:xsd:CommonExtensionComponents-2' xmlns:udt='urn:un:unece:uncefact:data:specification:UnqualifiedDataTypesSchemaModule:2' xmlns:xsd='http://www.w3.org/2001/XMLSchema-instance' xmlns:cbc='urn:peppol:wp2:schema:xsd:CommonBasicComponents-2' xmlns:clm54217='urn:un:unece:uncefact:codelist:specification:54217:2001' xmlns:cac='urn:peppol:wp2:schema:xsd:CommonAggregateComponents-2' xmlns:clm66411='urn:un:unece:uncefact:codelist:specification:66411:2001' xmlns:vcdp='urn:peppol:wp2:schema:xsd:VirtualCompanyDossierPackage-1'>
    <cec:UBLExtensions minOccurs='0' maxOccurs='1' typeName='UBLExtensionsType' groupType='SEQUENCE'>
        <cec:UBLExtension minOccurs='1' maxOccurs='unbounded' typeName='UBLExtensionType' groupType='SEQUENCE'>
            <cbc:ID minOccurs='0' maxOccurs='1' xsdType='xsd:normalizedString' />
            <cbc:Name minOccurs='0' maxOccurs='1' xsdType='xsd:string' />
            <cec:ExtensionAgencyID minOccurs='0' maxOccurs='1' xsdType='xsd:normalizedString' />
            <cec:ExtensionAgencyName minOccurs='0' maxOccurs='1' xsdType='xsd:string' />
            <cec:ExtensionVersionID minOccurs='0' maxOccurs='1' xsdType='xsd:normalizedString' />
            <cec:ExtensionAgencyURI minOccurs='0' maxOccurs='1' xsdType='xsd:normalizedString' />
            <cec:ExtensionURI minOccurs='0' maxOccurs='1' xsdType='xsd:normalizedString' />
            <cec:ExtensionReasonCode minOccurs='0' maxOccurs='1' xsdType='xsd:normalizedString' />
            <cec:ExtensionReason minOccurs='0' maxOccurs='1' xsdType='xsd:string' />
            <cec:ExtensionContent minOccurs='1' maxOccurs='1' typeName='ExtensionContentType' groupType='SEQUENCE'>
            </cec:ExtensionContent>
        </cec:UBLExtension>
    </cec:UBLExtensions>
    <cbc:UUID minOccurs='1' maxOccurs='1' xsdType='xsd:normalizedString' />
    <cbc:CallForTenderID minOccurs='0' maxOccurs='1' xsdType='xsd:normalizedString' />
    <cbc:VCDSchemaVersionID minOccurs='1' maxOccurs='1' xsdType='xsd:normalizedString' />
    <cbc:OntologyDomainCode minOccurs='0' maxOccurs='1' xsdType='xsd:normalizedString' />
    <cbc:OntologyVersionID minOccurs='1' maxOccurs='1' xsdType='xsd:normalizedString' />
    <cbc:CompilationDate minOccurs='1' maxOccurs='1' xsdType='xsd:date' />
    <cbc:CompilationTime minOccurs='0' maxOccurs='1' xsdType='xsd:time' />
    <cac:ContractingAuthorityParty minOccurs='0' maxOccurs='1' typeName='PartyType' groupType='SEQUENCE'>
        <cbc:EndpointID minOccurs='0' maxOccurs='1' xsdType='xsd:normalizedString' />
        <cac:PartyIdentification minOccurs='0' maxOccurs='unbounded' typeName='PartyIdentificationType' groupType='SEQUENCE'>
            <cbc:ID minOccurs='1' maxOccurs='1' xsdType='xsd:normalizedString' />
        </cac:PartyIdentification>
        <cac:PartyName minOccurs='0' maxOccurs='unbounded' typeName='PartyNameType' groupType='SEQUENCE'>
            <cbc:Name minOccurs='1' maxOccurs='1' xsdType='xsd:string' />
        </cac:PartyName>
        <cac:Person minOccurs='0' maxOccurs='1' typeName='PersonType' groupType='SEQUENCE'>
            <cbc:FirstName minOccurs='0' maxOccurs='1' xsdType='xsd:string' />
            <cbc:FamilyName minOccurs='0' maxOccurs='1' xsdType='xsd:string' />
            <cbc:MiddleName minOccurs='0' maxOccurs='1' xsdType='xsd:string' />
            <cbc:JobTitle minOccurs='0' maxOccurs='1' xsdType='xsd:string' />
        </cac:Person>
    </cac:ContractingAuthorityParty>
    <cac:RequesterParty minOccurs='1' maxOccurs='1' typeName='PartyType' groupType='SEQUENCE'>
        <cbc:EndpointID minOccurs='0' maxOccurs='1' xsdType='xsd:normalizedString' />
        <cac:PartyIdentification minOccurs='0' maxOccurs='unbounded' typeName='PartyIdentificationType' groupType='SEQUENCE'>
            <cbc:ID minOccurs='1' maxOccurs='1' xsdType='xsd:normalizedString' />
        </cac:PartyIdentification>
        <cac:PartyName minOccurs='0' maxOccurs='unbounded' typeName='PartyNameType' groupType='SEQUENCE'>
            <cbc:Name minOccurs='1' maxOccurs='1' xsdType='xsd:string' />
        </cac:PartyName>
        <cac:Person minOccurs='0' maxOccurs='1' typeName='PersonType' groupType='SEQUENCE'>
            <cbc:FirstName minOccurs='0' maxOccurs='1' xsdType='xsd:string' />
            <cbc:FamilyName minOccurs='0' maxOccurs='1' xsdType='xsd:string' />
            <cbc:MiddleName minOccurs='0' maxOccurs='1' xsdType='xsd:string' />
            <cbc:JobTitle minOccurs='0' maxOccurs='1' xsdType='xsd:string' />
        </cac:Person>
    </cac:RequesterParty>
    <cac:IssuingService minOccurs='1' maxOccurs='1' typeName='IssuingServiceType' groupType='SEQUENCE'>
        <cbc:EndpointID minOccurs='1' maxOccurs='1' xsdType='xsd:normalizedString' />
        <cbc:Name minOccurs='1' maxOccurs='1' xsdType='xsd:string' />
        <cac:ProvidingParty minOccurs='1' maxOccurs='1' typeName='PartyType' groupType='SEQUENCE'>
            <cbc:EndpointID minOccurs='0' maxOccurs='1' xsdType='xsd:normalizedString' />
            <cac:PartyIdentification minOccurs='0' maxOccurs='unbounded' typeName='PartyIdentificationType' groupType='SEQUENCE'>
                <cbc:ID minOccurs='1' maxOccurs='1' xsdType='xsd:normalizedString' />
            </cac:PartyIdentification>
            <cac:PartyName minOccurs='0' maxOccurs='unbounded' typeName='PartyNameType' groupType='SEQUENCE'>
                <cbc:Name minOccurs='1' maxOccurs='1' xsdType='xsd:string' />
            </cac:PartyName>
            <cac:Person minOccurs='0' maxOccurs='1' typeName='PersonType' groupType='SEQUENCE'>
                <cbc:FirstName minOccurs='0' maxOccurs='1' xsdType='xsd:string' />
                <cbc:FamilyName minOccurs='0' maxOccurs='1' xsdType='xsd:string' />
                <cbc:MiddleName minOccurs='0' maxOccurs='1' xsdType='xsd:string' />
                <cbc:JobTitle minOccurs='0' maxOccurs='1' xsdType='xsd:string' />
            </cac:Person>
        </cac:ProvidingParty>
        <cac:PolicyNonEvidence minOccurs='0' maxOccurs='1' typeName='NonEvidenceType' groupType='SEQUENCE'>
            <cbc:DocumentGroupID minOccurs='1' maxOccurs='1' xsdType='xsd:normalizedString' />
            <cbc:Title minOccurs='1' maxOccurs='1' xsdType='xsd:string' />
            <cac:DocumentReference minOccurs='1' maxOccurs='unbounded' typeName='DocumentReferenceType' groupType='SEQUENCE'>
                <cbc:ID minOccurs='1' maxOccurs='1' xsdType='xsd:normalizedString' />
                <cbc:IssueDate minOccurs='0' maxOccurs='1' xsdType='xsd:date' />
                <cbc:IssueTime minOccurs='0' maxOccurs='1' xsdType='xsd:time' />
                <cbc:DocumentTypeCode minOccurs='0' maxOccurs='1' xsdType='xsd:normalizedString' />
                <cbc:DocumentType minOccurs='0' maxOccurs='1' xsdType='xsd:string' />
                <cac:Attachment minOccurs='0' maxOccurs='1' typeName='AttachmentType' groupType='SEQUENCE'>
                    <cbc:EmbeddedDocumentBinaryObject minOccurs='0' maxOccurs='1' xsdType='xsd:base64Binary' />
                    <cac:ExternalReference minOccurs='0' maxOccurs='1' typeName='ExternalReferenceType' groupType='SEQUENCE'>
                        <cbc:URI minOccurs='0' maxOccurs='1' xsdType='xsd:normalizedString' />
                        <cbc:DocumentHash minOccurs='0' maxOccurs='1' xsdType='xsd:string' />
                        <cbc:HashAlgorithmMethod minOccurs='0' maxOccurs='unbounded' xsdType='xsd:string' />
                        <cbc:ExpiryDate minOccurs='0' maxOccurs='1' xsdType='xsd:date' />
                        <cbc:ExpiryTime minOccurs='0' maxOccurs='1' xsdType='xsd:time' />
                        <cbc:MimeCode minOccurs='0' maxOccurs='1' xsdType='xsd:normalizedString' />
                        <cbc:FormatCode minOccurs='0' maxOccurs='1' xsdType='xsd:normalizedString' />
                        <cbc:EncodingCode minOccurs='0' maxOccurs='1' xsdType='xsd:normalizedString' />
                        <cbc:CharacterSetCode minOccurs='0' maxOccurs='1' xsdType='xsd:normalizedString' />
                        <cbc:FileName minOccurs='0' maxOccurs='1' xsdType='xsd:string' />
                    </cac:ExternalReference>
                </cac:Attachment>
                <cac:ResultOfVerification minOccurs='0' maxOccurs='unbounded' typeName='ResultOfVerificationType' groupType='SEQUENCE'>
                    <cbc:ValidatorID minOccurs='0' maxOccurs='1' xsdType='xsd:normalizedString' />
                    <cbc:ValidateResultCode minOccurs='0' maxOccurs='1' xsdType='xsd:normalizedString' />
                    <cbc:ValidationDate minOccurs='0' maxOccurs='1' xsdType='xsd:date' />
                    <cbc:ValidationTime minOccurs='0' maxOccurs='1' xsdType='xsd:time' />
                    <cbc:ValidateProcess minOccurs='0' maxOccurs='1' xsdType='xsd:string' />
                    <cbc:ValidateTool minOccurs='0' maxOccurs='1' xsdType='xsd:string' />
                    <cbc:ValidateToolVersion minOccurs='0' maxOccurs='1' xsdType='xsd:string' />
                    <cac:SignatoryParty minOccurs='0' maxOccurs='1' typeName='PartyType' groupType='SEQUENCE'>
                        <cbc:EndpointID minOccurs='0' maxOccurs='1' xsdType='xsd:normalizedString' />
                        <cac:PartyIdentification minOccurs='0' maxOccurs='unbounded' typeName='PartyIdentificationType' groupType='SEQUENCE'>
                            <cbc:ID minOccurs='1' maxOccurs='1' xsdType='xsd:normalizedString' />
                        </cac:PartyIdentification>
                        <cac:PartyName minOccurs='0' maxOccurs='unbounded' typeName='PartyNameType' groupType='SEQUENCE'>
                            <cbc:Name minOccurs='1' maxOccurs='1' xsdType='xsd:string' />
                        </cac:PartyName>
                        <cac:Person minOccurs='0' maxOccurs='1' typeName='PersonType' groupType='SEQUENCE'>
                            <cbc:FirstName minOccurs='0' maxOccurs='1' xsdType='xsd:string' />
                            <cbc:FamilyName minOccurs='0' maxOccurs='1' xsdType='xsd:string' />
                            <cbc:MiddleName minOccurs='0' maxOccurs='1' xsdType='xsd:string' />
                            <cbc:JobTitle minOccurs='0' maxOccurs='1' xsdType='xsd:string' />
                        </cac:Person>
                    </cac:SignatoryParty>
                </cac:ResultOfVerification>
                <cac:IssuerParty minOccurs='0' maxOccurs='1' typeName='PartyType' groupType='SEQUENCE'>
                    <cbc:EndpointID minOccurs='0' maxOccurs='1' xsdType='xsd:normalizedString' />
                    <cac:PartyIdentification minOccurs='0' maxOccurs='unbounded' typeName='PartyIdentificationType' groupType='SEQUENCE'>
                        <cbc:ID minOccurs='1' maxOccurs='1' xsdType='xsd:normalizedString' />
                    </cac:PartyIdentification>
                    <cac:PartyName minOccurs='0' maxOccurs='unbounded' typeName='PartyNameType' groupType='SEQUENCE'>
                        <cbc:Name minOccurs='1' maxOccurs='1' xsdType='xsd:string' />
                    </cac:PartyName>
                    <cac:Person minOccurs='0' maxOccurs='1' typeName='PersonType' groupType='SEQUENCE'>
                        <cbc:FirstName minOccurs='0' maxOccurs='1' xsdType='xsd:string' />
                        <cbc:FamilyName minOccurs='0' maxOccurs='1' xsdType='xsd:string' />
                        <cbc:MiddleName minOccurs='0' maxOccurs='1' xsdType='xsd:string' />
                        <cbc:JobTitle minOccurs='0' maxOccurs='1' xsdType='xsd:string' />
                    </cac:Person>
                </cac:IssuerParty>
                <cac:Language minOccurs='0' maxOccurs='unbounded' typeName='LanguageType' groupType='SEQUENCE'>
                    <cbc:ID minOccurs='0' maxOccurs='1' xsdType='xsd:normalizedString' />
                    <cbc:Name minOccurs='0' maxOccurs='1' xsdType='xsd:string' />
                    <cbc:LocaleCode minOccurs='0' maxOccurs='1' xsdType='xsd:normalizedString' />
                </cac:Language>
            </cac:DocumentReference>
        </cac:PolicyNonEvidence>
    </cac:IssuingService>
    <cac:SingleTenderer minOccurs='0' maxOccurs='1' typeName='SingleTendererType' groupType='SEQUENCE'>
        <cbc:VCDReferenceID minOccurs='1' maxOccurs='1' xsdType='xsd:normalizedString' />
        <cac:SubcontractorSingleTenderer minOccurs='0' maxOccurs='unbounded' typeName='SingleTendererType' groupType='SEQUENCE'>
            <cbc:VCDReferenceID minOccurs='1' maxOccurs='1' xsdType='xsd:normalizedString' />
            <cac:SubcontractorSingleTenderer minOccurs='0' maxOccurs='unbounded' unresolved='true' typeName='SingleTendererType' />
        </cac:SubcontractorSingleTenderer>
    </cac:SingleTenderer>
    <cac:BiddingConsortium minOccurs='0' maxOccurs='1' typeName='BiddingConsortiumType' groupType='SEQUENCE'>
        <cbc:VCDReferenceID minOccurs='1' maxOccurs='1' xsdType='xsd:normalizedString' />
        <cac:LeaderSingleTenderer minOccurs='1' maxOccurs='1' typeName='SingleTendererType' groupType='SEQUENCE'>
            <cbc:VCDReferenceID minOccurs='1' maxOccurs='1' xsdType='xsd:normalizedString' />
            <cac:SubcontractorSingleTenderer minOccurs='0' maxOccurs='unbounded' typeName='SingleTendererType' groupType='SEQUENCE'>
                <cbc:VCDReferenceID minOccurs='1' maxOccurs='1' xsdType='xsd:normalizedString' />
                <cac:SubcontractorSingleTenderer minOccurs='0' maxOccurs='unbounded' unresolved='true' typeName='SingleTendererType' />
            </cac:SubcontractorSingleTenderer>
        </cac:LeaderSingleTenderer>
        <cac:OtherMemberSingleTenderer minOccurs='1' maxOccurs='unbounded' typeName='SingleTendererType' groupType='SEQUENCE'>
            <cbc:VCDReferenceID minOccurs='1' maxOccurs='1' xsdType='xsd:normalizedString' />
            <cac:SubcontractorSingleTenderer minOccurs='0' maxOccurs='unbounded' typeName='SingleTendererType' groupType='SEQUENCE'>
                <cbc:VCDReferenceID minOccurs='1' maxOccurs='1' xsdType='xsd:normalizedString' />
                <cac:SubcontractorSingleTenderer minOccurs='0' maxOccurs='unbounded' unresolved='true' typeName='SingleTendererType' />
            </cac:SubcontractorSingleTenderer>
        </cac:OtherMemberSingleTenderer>
    </cac:BiddingConsortium>
    <cac:Signature minOccurs='0' maxOccurs='1' typeName='SignatureType' groupType='SEQUENCE'>
        <cbc:ID minOccurs='1' maxOccurs='1' xsdType='xsd:normalizedString' />
        <cbc:Note minOccurs='0' maxOccurs='1' xsdType='xsd:string' />
        <cbc:CanonicalizationMethod minOccurs='0' maxOccurs='1' xsdType='xsd:string' />
        <cbc:SignatureMethod minOccurs='0' maxOccurs='1' xsdType='xsd:string' />
        <cac:SignatoryParty minOccurs='1' maxOccurs='1' typeName='PartyType' groupType='SEQUENCE'>
            <cbc:EndpointID minOccurs='0' maxOccurs='1' xsdType='xsd:normalizedString' />
            <cac:PartyIdentification minOccurs='0' maxOccurs='unbounded' typeName='PartyIdentificationType' groupType='SEQUENCE'>
                <cbc:ID minOccurs='1' maxOccurs='1' xsdType='xsd:normalizedString' />
            </cac:PartyIdentification>
            <cac:PartyName minOccurs='0' maxOccurs='unbounded' typeName='PartyNameType' groupType='SEQUENCE'>
                <cbc:Name minOccurs='1' maxOccurs='1' xsdType='xsd:string' />
            </cac:PartyName>
            <cac:Person minOccurs='0' maxOccurs='1' typeName='PersonType' groupType='SEQUENCE'>
                <cbc:FirstName minOccurs='0' maxOccurs='1' xsdType='xsd:string' />
                <cbc:FamilyName minOccurs='0' maxOccurs='1' xsdType='xsd:string' />
                <cbc:MiddleName minOccurs='0' maxOccurs='1' xsdType='xsd:string' />
                <cbc:JobTitle minOccurs='0' maxOccurs='1' xsdType='xsd:string' />
            </cac:Person>
        </cac:SignatoryParty>
        <cac:DigitalSignatureAttachment minOccurs='0' maxOccurs='1' typeName='AttachmentType' groupType='SEQUENCE'>
            <cbc:EmbeddedDocumentBinaryObject minOccurs='0' maxOccurs='1' xsdType='xsd:base64Binary' />
            <cac:ExternalReference minOccurs='0' maxOccurs='1' typeName='ExternalReferenceType' groupType='SEQUENCE'>
                <cbc:URI minOccurs='0' maxOccurs='1' xsdType='xsd:normalizedString' />
                <cbc:DocumentHash minOccurs='0' maxOccurs='1' xsdType='xsd:string' />
                <cbc:HashAlgorithmMethod minOccurs='0' maxOccurs='unbounded' xsdType='xsd:string' />
                <cbc:ExpiryDate minOccurs='0' maxOccurs='1' xsdType='xsd:date' />
                <cbc:ExpiryTime minOccurs='0' maxOccurs='1' xsdType='xsd:time' />
                <cbc:MimeCode minOccurs='0' maxOccurs='1' xsdType='xsd:normalizedString' />
                <cbc:FormatCode minOccurs='0' maxOccurs='1' xsdType='xsd:normalizedString' />
                <cbc:EncodingCode minOccurs='0' maxOccurs='1' xsdType='xsd:normalizedString' />
                <cbc:CharacterSetCode minOccurs='0' maxOccurs='1' xsdType='xsd:normalizedString' />
                <cbc:FileName minOccurs='0' maxOccurs='1' xsdType='xsd:string' />
            </cac:ExternalReference>
        </cac:DigitalSignatureAttachment>
        <cac:OriginalDocumentReference minOccurs='0' maxOccurs='1' typeName='DocumentReferenceType' groupType='SEQUENCE'>
            <cbc:ID minOccurs='1' maxOccurs='1' xsdType='xsd:normalizedString' />
            <cbc:IssueDate minOccurs='0' maxOccurs='1' xsdType='xsd:date' />
            <cbc:IssueTime minOccurs='0' maxOccurs='1' xsdType='xsd:time' />
            <cbc:DocumentTypeCode minOccurs='0' maxOccurs='1' xsdType='xsd:normalizedString' />
            <cbc:DocumentType minOccurs='0' maxOccurs='1' xsdType='xsd:string' />
            <cac:Attachment minOccurs='0' maxOccurs='1' typeName='AttachmentType' groupType='SEQUENCE'>
                <cbc:EmbeddedDocumentBinaryObject minOccurs='0' maxOccurs='1' xsdType='xsd:base64Binary' />
                <cac:ExternalReference minOccurs='0' maxOccurs='1' typeName='ExternalReferenceType' groupType='SEQUENCE'>
                    <cbc:URI minOccurs='0' maxOccurs='1' xsdType='xsd:normalizedString' />
                    <cbc:DocumentHash minOccurs='0' maxOccurs='1' xsdType='xsd:string' />
                    <cbc:HashAlgorithmMethod minOccurs='0' maxOccurs='unbounded' xsdType='xsd:string' />
                    <cbc:ExpiryDate minOccurs='0' maxOccurs='1' xsdType='xsd:date' />
                    <cbc:ExpiryTime minOccurs='0' maxOccurs='1' xsdType='xsd:time' />
                    <cbc:MimeCode minOccurs='0' maxOccurs='1' xsdType='xsd:normalizedString' />
                    <cbc:FormatCode minOccurs='0' maxOccurs='1' xsdType='xsd:normalizedString' />
                    <cbc:EncodingCode minOccurs='0' maxOccurs='1' xsdType='xsd:normalizedString' />
                    <cbc:CharacterSetCode minOccurs='0' maxOccurs='1' xsdType='xsd:normalizedString' />
                    <cbc:FileName minOccurs='0' maxOccurs='1' xsdType='xsd:string' />
                </cac:ExternalReference>
            </cac:Attachment>
            <cac:ResultOfVerification minOccurs='0' maxOccurs='unbounded' typeName='ResultOfVerificationType' groupType='SEQUENCE'>
                <cbc:ValidatorID minOccurs='0' maxOccurs='1' xsdType='xsd:normalizedString' />
                <cbc:ValidateResultCode minOccurs='0' maxOccurs='1' xsdType='xsd:normalizedString' />
                <cbc:ValidationDate minOccurs='0' maxOccurs='1' xsdType='xsd:date' />
                <cbc:ValidationTime minOccurs='0' maxOccurs='1' xsdType='xsd:time' />
                <cbc:ValidateProcess minOccurs='0' maxOccurs='1' xsdType='xsd:string' />
                <cbc:ValidateTool minOccurs='0' maxOccurs='1' xsdType='xsd:string' />
                <cbc:ValidateToolVersion minOccurs='0' maxOccurs='1' xsdType='xsd:string' />
                <cac:SignatoryParty minOccurs='0' maxOccurs='1' typeName='PartyType' groupType='SEQUENCE'>
                    <cbc:EndpointID minOccurs='0' maxOccurs='1' xsdType='xsd:normalizedString' />
                    <cac:PartyIdentification minOccurs='0' maxOccurs='unbounded' typeName='PartyIdentificationType' groupType='SEQUENCE'>
                        <cbc:ID minOccurs='1' maxOccurs='1' xsdType='xsd:normalizedString' />
                    </cac:PartyIdentification>
                    <cac:PartyName minOccurs='0' maxOccurs='unbounded' typeName='PartyNameType' groupType='SEQUENCE'>
                        <cbc:Name minOccurs='1' maxOccurs='1' xsdType='xsd:string' />
                    </cac:PartyName>
                    <cac:Person minOccurs='0' maxOccurs='1' typeName='PersonType' groupType='SEQUENCE'>
                        <cbc:FirstName minOccurs='0' maxOccurs='1' xsdType='xsd:string' />
                        <cbc:FamilyName minOccurs='0' maxOccurs='1' xsdType='xsd:string' />
                        <cbc:MiddleName minOccurs='0' maxOccurs='1' xsdType='xsd:string' />
                        <cbc:JobTitle minOccurs='0' maxOccurs='1' xsdType='xsd:string' />
                    </cac:Person>
                </cac:SignatoryParty>
            </cac:ResultOfVerification>
            <cac:IssuerParty minOccurs='0' maxOccurs='1' typeName='PartyType' groupType='SEQUENCE'>
                <cbc:EndpointID minOccurs='0' maxOccurs='1' xsdType='xsd:normalizedString' />
                <cac:PartyIdentification minOccurs='0' maxOccurs='unbounded' typeName='PartyIdentificationType' groupType='SEQUENCE'>
                    <cbc:ID minOccurs='1' maxOccurs='1' xsdType='xsd:normalizedString' />
                </cac:PartyIdentification>
                <cac:PartyName minOccurs='0' maxOccurs='unbounded' typeName='PartyNameType' groupType='SEQUENCE'>
                    <cbc:Name minOccurs='1' maxOccurs='1' xsdType='xsd:string' />
                </cac:PartyName>
                <cac:Person minOccurs='0' maxOccurs='1' typeName='PersonType' groupType='SEQUENCE'>
                    <cbc:FirstName minOccurs='0' maxOccurs='1' xsdType='xsd:string' />
                    <cbc:FamilyName minOccurs='0' maxOccurs='1' xsdType='xsd:string' />
                    <cbc:MiddleName minOccurs='0' maxOccurs='1' xsdType='xsd:string' />
                    <cbc:JobTitle minOccurs='0' maxOccurs='1' xsdType='xsd:string' />
                </cac:Person>
            </cac:IssuerParty>
            <cac:Language minOccurs='0' maxOccurs='unbounded' typeName='LanguageType' groupType='SEQUENCE'>
                <cbc:ID minOccurs='0' maxOccurs='1' xsdType='xsd:normalizedString' />
                <cbc:Name minOccurs='0' maxOccurs='1' xsdType='xsd:string' />
                <cbc:LocaleCode minOccurs='0' maxOccurs='1' xsdType='xsd:normalizedString' />
            </cac:Language>
        </cac:OriginalDocumentReference>
    </cac:Signature>
</vcdp:VCDPackage>