<?xml version="1.0" encoding="utf-8" standalone="no"?>
<Mapping>
	<map unboundedGroup="" unboundedField="" id="">
		<cenbii>RequestForTenderLine.Item.Name</cenbii>
		<eclass>
			<get unbounded="0" node="label" attributeParameter="EN" getAttribute="">dictionary.contained_classes.ontoml:class.preferred_name</get>
		</eclass>
	</map>
	<map unboundedGroup="" unboundedField="" id="">
		<cenbii>RequestForTenderLine.Item.CommodityClassification.ItemClassificationCode</cenbii>
		<eclass>
			<get unbounded="0" node="hierarchical_position" attributeParameter="" getAttribute="">dictionary.contained_classes.ontoml:class</get>
		</eclass>
	</map>
	<map unboundedGroup="AdditionalItemProperty" unboundedField="" id="RequestForTenderLine.Item.AdditionalItemProperty.ID">
		<cenbii>RequestForTenderLine.Item.AdditionalItemProperty.Name</cenbii>
		<eclass>
			<get unbounded="0" node="property" attributeParameter="" getAttribute="property_ref">dictionary.contained_classes.ontoml:class[xsi:type=ontoml:ITEM_CLASS_CASE_OF_Type].described_by</get>
			<get unbounded="0" node="label" attributeParameter="EN" getAttribute="">dictionary.contained_properties.ontoml:property[id=@result].preferred_name</get>
		</eclass>
	</map>
	<map unboundedGroup="AdditionalItemProperty" unboundedField="ListValue" id="RequestForTenderLine.Item.AdditionalItemProperty.ID">
		<cenbii>RequestForTenderLine.Item.AdditionalItemProperty.ListValue</cenbii>
		<eclass>
			<get unbounded="0" node="property" attributeParameter="" getAttribute="property_ref">dictionary.contained_classes.ontoml:class[xsi:type=ontoml:ITEM_CLASS_CASE_OF_Type].described_by</get>
			<get unbounded="0" node="referred_type" attributeParameter="" getAttribute="datatype_ref">dictionary.contained_properties.ontoml:property[id=@result].domain</get>
			<get unbounded="1" node="dic_value" unboundedValues="preferred_name.label" attributeParameter="EN" getAttribute="">dictionary.contained_datatypes.ontoml:datatype[id=@result].type_definition.constraints.constraint.value_meaning.its_values</get>
		</eclass>
	</map>
	<map unboundedGroup="AdditionalItemProperty" unboundedField="" id="RequestForTenderLine.Item.AdditionalItemProperty.ID">
		<cenbii>RequestForTenderLine.Item.AdditionalItemProperty.ItemPropertyGroup.ID</cenbii>
		<eclass>
			<get unbounded="0" node="property" attributeParameter="" getAttribute="property_ref">dictionary.contained_classes.ontoml:class[xsi:type=ontoml:ITEM_CLASS_CASE_OF_Type].described_by</get>
		</eclass>
	</map>
	<map unboundedGroup="AdditionalItemProperty" unboundedField="ItemPropertyGroup" id="RequestForTenderLine.Item.AdditionalItemProperty.ID">
		<cenbii>RequestForTenderLine.Item.AdditionalItemProperty.ItemPropertyGroup.Name</cenbii>
		<eclass>
			<get unbounded="0" node="property" attributeParameter="" getAttribute="property_ref">dictionary.contained_classes.ontoml:class[xsi:type=ontoml:ITEM_CLASS_CASE_OF_Type].described_by</get>
			<get unbounded="0" node="label" attributeParameter="" getAttribute="">header.ontoml_information.preferred_name</get>
		</eclass>
	</map>
</Mapping>