<?xml version="1.0" encoding="UTF-8"?>
<tmpl:template is_flat="false"
  xmlns:basic="urn:iso:std:iso:ts:29002:-4:ed-1:tech:xml-schema:basic"
  xmlns:dt="urn:eclass:template:xml-schema:data-type"
  xmlns:id="urn:iso:std:iso:ts:29002:-5:ed-1:tech:xml-schema:identifier"
  xmlns:tmpl="urn:eclass:template:xml-schema:template"
  xmlns:val="urn:iso:std:iso:ts:29002:-10:ed-1:tech:xml-schema:value"
  xmlns:xsi="http://www.w3.org/2001/XMLSchema-instance" xsi:schemaLocation="urn:eclass:template:xml-schema:template template.xsd">
  <tmpl:prescribed_item class_ref="0176-3---PEPPOL_1_1#01-ABS746#001"
    id="0176-3---PEPPOL_1_1#Z3-AAA017#001" xmlns="">
    <tmpl:prescribed_property property_ref="0176-3---PEPPOL_1_1#01-ABS746#001"/>
    <tmpl:prescribed_property property_ref="0173-1#02-BAA002#002">
      <tmpl:property_context>
        <tmpl:prop_element property_ref="0176-3---PEPPOL_1_1#01-ABS746#001"/>
      </tmpl:property_context>
    </tmpl:prescribed_property>
    <tmpl:prescribed_property property_ref="0173-1#02-BAA001#003">
      <tmpl:property_context>
        <tmpl:prop_element property_ref="0176-3---PEPPOL_1_1#01-ABS746#001"/>
      </tmpl:property_context>
    </tmpl:prescribed_property>
    <tmpl:prescribed_property property_ref="0173-1#02-AAE670#001">
      <tmpl:property_context>
        <tmpl:prop_element property_ref="0176-3---PEPPOL_1_1#01-ABS746#001"/>
      </tmpl:property_context>
    </tmpl:prescribed_property>
    <tmpl:prescribed_property property_ref="0173-1#02-BAA059#004">
      <tmpl:property_context>
        <tmpl:prop_element property_ref="0176-3---PEPPOL_1_1#01-ABS746#001"/>
      </tmpl:property_context>
    </tmpl:prescribed_property>
    <tmpl:prescribed_property property_ref="0173-1#02-BAD847#003">
      <tmpl:property_context>
        <tmpl:prop_element property_ref="0176-3---PEPPOL_1_1#01-ABS746#001"/>
      </tmpl:property_context>
    </tmpl:prescribed_property>
    <tmpl:prescribed_property property_ref="0176-3---PEPPOL_1_1#02-AAF169#001">
      <tmpl:property_context>
        <tmpl:prop_element property_ref="0176-3---PEPPOL_1_1#01-ABS746#001"/>
      </tmpl:property_context>
    </tmpl:prescribed_property>
    <tmpl:prescribed_property property_ref="0176-3---PEPPOL_1_1#02-AAF170#001">
      <tmpl:property_context>
        <tmpl:prop_element property_ref="0176-3---PEPPOL_1_1#01-ABS746#001"/>
      </tmpl:property_context>
    </tmpl:prescribed_property>
    <tmpl:prescribed_property property_ref="0176-3---PEPPOL_1_1#02-AAF171#001">
      <tmpl:property_context>
        <tmpl:prop_element property_ref="0176-3---PEPPOL_1_1#01-ABS746#001"/>
      </tmpl:property_context>
    </tmpl:prescribed_property>
    <tmpl:prescribed_property property_ref="0176-3---PEPPOL_1_1#02-AAF172#001">
      <tmpl:property_context>
        <tmpl:prop_element property_ref="0176-3---PEPPOL_1_1#01-ABS746#001"/>
      </tmpl:property_context>
    </tmpl:prescribed_property>
  </tmpl:prescribed_item>
</tmpl:template>
