"NEU","SummaryKey","ConceptDB-Key","CodeList","Code","de","en"
,,,,,,
,,,,,,
,,,,,,
"x","Summary.CompoundNode.PackageName","VCDPackage.VCDPackageName",,,"Name","Name"
,,,,,,
"x","Summary.CompoundNode.OntologyDomainCode","VCDPackage.OntologyDomainCode",,,"Legal domain","Anwendbares Recht der ausschreibenden Stelle"
,,,,,,
,,,,,,
,,,,,,
,,,,,,
"x","Summary.CompoundNode.SchemaVersion","VCDPackage.VCDSchemaVersionID",,,"VCD-Schemaversion","VCD schema version"
,,,,,,
,"Summary.CompoundNode.TendererDetails","n.a.",,,"Bieter-/Bewerberinformationen","Tenderer Details"
,"Summary.BiddingConsortiumNode.Members","n.a.",,,"Mitglieder der Bieter-/Bewerbergemeinschaft","Bidding Consortium Members"
,"Summary.DocumentNode.Pages","n.a.",,,"Seitenanzahl","Number of Pages"
,"Summary.CompoundNode.Consortium",,"TendererTypeCode","con","Bieter-/Bewerbergemeinschaft","Consortium"
,"Summary.CompoundNode.SingleTenderer",,"TendererRoleCode","mt","Bieter/Bewerber","Main Tenderer"
,"Summary.DocumentNode.Filesize","n.a.",,,"Dateigröße","File size"
,"Summary.CompoundNode.DocumentOverview.NumberShort","n.a.",,,"Ref.Nr.","Ref.No."
,"Summary.CompoundNode.DocumentOverview.Description","n.a.",,,"Dateibeschreibung","File description"
,"Summary.CompoundNode.EconomicOperator","n.a.",,,"Bieter/Bewerber","Economic Operator"
,"Summary.BiddingConsortiumNodeDetail.CriteriaEvidences","n.a.",,,"Kriterien und Nachweise","Criteria and Evidences"
,"Summary.CompoundNode.EconomicOperatorAddress","n.a.",,,"Adresse des Bieters/Bewerbers","Economic Operator Address"
,"Summary.EconomicOperatorNode.PersonTypeLegal",,"TendererTypeCode","leg","Juristische Person","Legal Entity"
,"Summary.CompoundNode.OntologyVersion","VCD.OntologyVersionID",,,"Ontologieversion","VCD Ontology Version"
,"Summary.CompoundNode.ContractingAuthority","VCDPackage.ContractingAuthorityParty",,,"Ausschreibende Stelle","Contracting Authority"
,"Summary.CompoundNode.Id","VCD.UUID",,,"VCD-ID","VCD ID"
,"Summary.VcdPersonNode.Name","n.a.",,,"Name","Name"
,"Summary.CompoundNode.Requester","VCDPackage.RequesterParty",,,"Erstellt von","Created by"
,"Summary.CompoundNode.ContractorType","VCD.TendererType",,,"Bieter-/Bewerbertyp","Contractor Type"
,"Summary.CompoundNode.Created","VCD.CompilationDate, VCD.CompilationTime ",,,"Erstellt am/um","Creation date/time"
,"Summary.CompoundNode.DocumentOverview","n.a.",,,"Übersicht der angehängten Dokumente","Overview of Attached Documents"
,"Summary.CompoundNode.TendererStructure","n.a.",,,"Bieter-/Bewerberstruktur","Tenderer Structure"
,"Summary.CompoundNode.IssuingService","VCD.VCDIssuingService -> IssuingService.Name",,,"Ausgestellt durch","Issued by"
,"Summary.DocumentNode.UnsupportedDocumentLocation","n.a.",,,"Das betreffende Dokument finden Sie im VCD-Paket unter","The affected document can be found within the VCD package as"
,"Summary.CompoundNode.PackageInformation","n.a.",,,"VCD Paket Information","VCD Package Information"
,"Summary.EconomicOperatorNode.PersonTypeNatural",,"TendererTypeCode","nat","Natürliche Person","Natural person"
,"Summary.DocumentNode.FilenameAndOrder","n.a.",,,"Dateiname und Referenznr.","File name and reference no."
,"Summary.DocumentNode.Id","n.a.",,,"Anhang ID","Attachment ID"
,"Summary.CriteriaEvidencesDocuments.AttachmentNr","n.a.",,,"Anhang Nr.","Attachment No."
,"Summary.CompoundNode.CallForTender","VCDPackage.CallForTenderID",,,"Referenz/ID der Ausschreibung","Call for tender"
,"Summary.DocumentNode.UnsupportedDocument","n.a.",,,"Druck und Voransicht für dieses Dokument wird nicht unterstützt.","Printing and previewing for this document is unsupported."
,"Summary.SingleTendererNode.Subcontractors",,"TendererRoleCode","sc","Subuntnehmer","Subcontractors"
,"Summary.BiddingConsortiumNode.Name","EconomicOperator.Party -> Party.Name",,,"Name der Bieter-/Bewerbergemeinschaft","Bidding Consortium Name"
,"Summary.CompoundNode.Signature","n.a.",,,"Signatur","Signature"
,"Summary.CompoundNode.DocumentOverview.Filename",,,,"Interner Dateiname","Internal file name"
,"Summary.BiddingConsortiumNode.Leader",,"TendererRoleCode","cl","Konsortialführer einer Bieter-/Bewerbergemeinschaft","Consortium leader"
,"Summary.BiddingConsortiumNode.Tenderer",,"TendererRoleCode","mt","Bieter/Bewerber","Main Tenderer"
,"Summary.SingleTendererNode.RelevantPersons","VCD.RelevantVCDPerson",,,"Vertreten durch","Represented by"
