<?xml version="1.0" encoding="UTF-8"?>
<Tender
  xmlns="urn:oasis:names:specification:ubl:schema:xsd:Tender-2"
  xmlns:cac="urn:oasis:names:specification:ubl:schema:xsd:CommonAggregateComponents-2"
  xmlns:cbc="urn:oasis:names:specification:ubl:schema:xsd:CommonBasicComponents-2">
  <cbc:UBLVersionID>2.0</cbc:UBLVersionID>
  <cbc:CustomizationID>BiiFullTrdm040</cbc:CustomizationID>
  <cbc:ProfileID>BII12</cbc:ProfileID>
  <cbc:ID>6ea1730c-dd62-4fda-bd88-897076f6cdea</cbc:ID>
  <cbc:ContractFolderID>CFID684</cbc:ContractFolderID>
  <cbc:IssueDate>2010-01-01</cbc:IssueDate>
  <cac:Period>
  	<cbc:StartDate>2010-01-01</cbc:StartDate>
  	<cbc:EndDate>2010-06-01</cbc:EndDate>
  </cac:Period>
  <cac:TendererParty>
  	<cac:Party>
  		<cbc:EndpointID schemeID="GLN"/>
  		<cac:PartyIdentification>
  			<cbc:ID schemeAgencyID="9" schemeID="GLN">PartyIdentification ID</cbc:ID>
  		</cac:PartyIdentification>
  		<cac:PartyName>
  			<cbc:Name/>
  		</cac:PartyName>
  		<cac:PostalAddress>
  			<cbc:ID>TestID</cbc:ID>
  			<cbc:Postbox>PB654</cbc:Postbox>
  			<cbc:StreetName>Street Name Test</cbc:StreetName>
  			<cbc:AdditionalStreetName>Additional Street Name Test</cbc:AdditionalStreetName>
  			<cbc:BuildingNumber>Building Number Test</cbc:BuildingNumber>
  			<cbc:Department>Department Test</cbc:Department>
  			<cbc:CityName>City Name Test</cbc:CityName>
  			<cbc:PostalZone>PZ54</cbc:PostalZone>
  			<cbc:CountrySubentity>Country Subentity Test</cbc:CountrySubentity>
  			<cac:Country>
  				<cbc:IdentificationCode>CIC45</cbc:IdentificationCode>
  			</cac:Country>
  		</cac:PostalAddress>
  		<cac:PartyTaxScheme>
  			<cbc:CompanyID>IDCOM849</cbc:CompanyID>
  		</cac:PartyTaxScheme>
  		<cac:PartyLegalEntity>
  			<cbc:CompanyID>IDLEGE01</cbc:CompanyID>
  		</cac:PartyLegalEntity>
  		<cac:Contact>
	  		<cbc:Telephone>654-564116-15</cbc:Telephone>
	  		<cbc:Telefax>841-18-188156</cbc:Telefax>
	  		<cbc:ElectronicMail>test@mail.com</cbc:ElectronicMail>
  		</cac:Contact>
  		<cac:Person>
	  		<cbc:FirstName>Richard</cbc:FirstName>
	  		<cbc:FamilyName>Brown</cbc:FamilyName>
	  		<cbc:MiddleName>RB</cbc:MiddleName>
	  		<cbc:JobTitle>Administration</cbc:JobTitle>
  		</cac:Person>
  	</cac:Party>
  </cac:TendererParty>
  <cac:ContractingParty>
  		<cac:Party>
  		    <cbc:EndpointID schemeID="GLN"/>
	  		<cac:PartyIdentification>
	  			<cbc:ID schemeAgencyID="9" schemeID="GLN">PartyIdentification ID</cbc:ID>
	  		</cac:PartyIdentification>
	  		<cac:PartyName>
	  			<cbc:Name/>
	  		</cac:PartyName>
	  		<cac:PostalAddress>
		  		<cbc:ID>TestID</cbc:ID>
		  		<cbc:Postbox>PB653</cbc:Postbox>
		  		<cbc:StreetName>Street Name Customer Test</cbc:StreetName>
		  		<cbc:AdditionalStreetName>Additional Street Name Customer Test</cbc:AdditionalStreetName>
		  		<cbc:BuildingNumber>Building Number Customer Test</cbc:BuildingNumber>
		  		<cbc:CityName>City Name</cbc:CityName>
		  		<cbc:PostalZone>PZ53</cbc:PostalZone>
		  		<cbc:CountrySubentity>Country Subentity Customer Test</cbc:CountrySubentity>
		  		<cac:Country>
		  			<cbc:IdentificationCode>CIC45</cbc:IdentificationCode>
		  		</cac:Country>
	  		</cac:PostalAddress>
	  		<cac:PartyTaxScheme>
	  			<cbc:CompanyID>IDCOM849</cbc:CompanyID>
	  		</cac:PartyTaxScheme>
	  		<cac:PartyLegalEntity>
  				<cbc:CompanyID>IDLEGE01</cbc:CompanyID>
  			</cac:PartyLegalEntity>
	  		<cac:Contact>
		  		<cbc:Telephone>654-564116-16</cbc:Telephone>
		  		<cbc:Telefax>841-18-188157</cbc:Telefax>
		  		<cbc:ElectronicMail>test1@mail.com</cbc:ElectronicMail>
	  		</cac:Contact>
	  		<cac:Person>
		  		<cbc:FirstName>George</cbc:FirstName>
		  		<cbc:FamilyName>Wilde</cbc:FamilyName>
		  		<cbc:MiddleName>GW</cbc:MiddleName>
		  		<cbc:JobTitle>Administration</cbc:JobTitle>
	  		</cac:Person>
  		</cac:Party>
  </cac:ContractingParty>
  <cac:TenderedProject>
	  <cbc:ID>PP01</cbc:ID>
	  <cbc:Description>Description Test</cbc:Description>
	  <cac:TenderLine/>
  </cac:TenderedProject>
</Tender>
