﻿<?xml version="1.0" encoding="UTF-8"?>
<Order xmlns="urn:oasis:names:specification:ubl:schema:xsd:Order-2"
	xmlns:cac="urn:oasis:names:specification:ubl:schema:xsd:CommonAggregateComponents-2"
	xmlns:cbc="urn:oasis:names:specification:ubl:schema:xsd:CommonBasicComponents-2">

  <cbc:UBLVersionID>2.0</cbc:UBLVersionID>
  <cbc:CustomizationID/>
  <cbc:ProfileID/>
  <cbc:ID/>
  <cbc:IssueDate/>
  <cbc:IssueTime>10:10:10</cbc:IssueTime>
  <cbc:Note>SampleNote</cbc:Note>
  <cbc:DocumentCurrencyCode>DKK</cbc:DocumentCurrencyCode>
  <cbc:AccountingCost>Buyer's accounting code</cbc:AccountingCost>
  <cac:ValidityPeriod>
    <cbc:EndDate/>
  </cac:ValidityPeriod>
  <cac:QuotationDocumentReference>
  	<cbc:ID>123</cbc:ID>
  </cac:QuotationDocumentReference>
  <cac:OrderDocumentReference>
  	<cbc:ID>123</cbc:ID>
  </cac:OrderDocumentReference>
  <cac:OriginatorDocumentReference>
	<cbc:ID>DOCBG001</cbc:ID>
	<cbc:DocumentType>Document type expressed as text</cbc:DocumentType>
  </cac:OriginatorDocumentReference>
  <cac:Contract>
    <cbc:ID>TestContractID</cbc:ID>
    <cbc:ContractType>TestContractType</cbc:ContractType>
  </cac:Contract>
  <cac:BuyerCustomerParty>
    <cac:Party>
      <cbc:EndpointID schemeAgencyID="9" schemeID="GLN"/>
      <cac:PartyIdentification>
        <cbc:ID schemeAgencyID="9" schemeID="GLN"/>
      </cac:PartyIdentification>
      <cac:PartyName>
        <cbc:Name/>
      </cac:PartyName>
      <cac:PostalAddress>
		<cbc:ID>PA001</cbc:ID>
        <cbc:Postbox>TestPostboxNumber</cbc:Postbox>
        <cbc:StreetName>TestStreetName</cbc:StreetName>
        <cbc:AdditionalStreetName>TestAdditionalStreetName</cbc:AdditionalStreetName>
        <cbc:BuildingNumber>10</cbc:BuildingNumber>
		<cbc:Department>DP001</cbc:Department>
		<cbc:CityName>Cherryville</cbc:CityName>
		<cbc:PostalZone>3000</cbc:PostalZone>
		<cbc:CountrySubentity>For specifying a region</cbc:CountrySubentity>
        <cac:Country>
          <cbc:IdentificationCode>DK</cbc:IdentificationCode>
        </cac:Country>
      </cac:PostalAddress>
	  <cac:PartyLegalEntity>
		<cbc:RegistrationName>The name of a party as registered with the legal authority.</cbc:RegistrationName>
		<cbc:CompanyID>Identifies a company as registered with the company registration scheme</cbc:CompanyID>
		<cac:RegistrationAddress>
			<cbc:CityName>The name of a city town or village.</cbc:CityName>
			<cbc:CountrySubentity>For specifying a region county state</cbc:CountrySubentity>
			<cac:Country>
				<cbc:IdentificationCode>CI001</cbc:IdentificationCode>
			</cac:Country>
		</cac:RegistrationAddress>
	  </cac:PartyLegalEntity>
	  <cac:Contact>
        <cbc:Telephone>26532147</cbc:Telephone>
        <cbc:Telefax>26532147</cbc:Telefax>
        <cbc:ElectronicMail>Linda@ea.dk</cbc:ElectronicMail>
      </cac:Contact>
	  <cac:Person>
		<cbc:FirstName>Linda</cbc:FirstName>
		<cbc:FamilyName>Garsh</cbc:FamilyName>
		<cbc:MiddleName>Smith</cbc:MiddleName>
		<cbc:JobTitle>AED</cbc:JobTitle>
	  </cac:Person>
	</cac:Party>
	<cac:DeliveryContact>
		<cbc:Name>Name of the contact</cbc:Name>
		<cbc:Telephone>Telephone of the contact</cbc:Telephone>
		<cbc:Telefax>Telefax of the contact</cbc:Telefax>
		<cbc:ElectronicMail>The email address of the Contact.</cbc:ElectronicMail>
	</cac:DeliveryContact>
  </cac:BuyerCustomerParty>
  <cac:SellerSupplierParty>
    <cac:Party>
      <cbc:EndpointID schemeID="DK:CVR"/>
	  <cac:PartyIdentification>
        <cbc:ID schemeAgencyID="9" schemeID="GLN">5798000416604</cbc:ID>
      </cac:PartyIdentification>
      <cac:PartyName>
        <cbc:Name/>
      </cac:PartyName>
      <cac:PostalAddress>
	    <cbc:ID>ID001</cbc:ID>
        <cbc:Postbox>TestPostbox</cbc:Postbox>
        <cbc:StreetName>Nature drive</cbc:StreetName>
        <cbc:AdditionalStreetName>TestAdditionalStreetName</cbc:AdditionalStreetName>
        <cbc:BuildingNumber>10</cbc:BuildingNumber>
		<cbc:Department>DP01</cbc:Department>
		<cbc:CityName>Name of the city</cbc:CityName>
        <cbc:PostalZone>3000</cbc:PostalZone>
		<cbc:CountrySubentity>For specifying a region county state</cbc:CountrySubentity>
        <cac:Country>
          <cbc:IdentificationCode/>
        </cac:Country>
      </cac:PostalAddress>
	  <cac:PartyLegalEntity>
		<cbc:RegistrationName>The name of a party as registered with the legal authority.</cbc:RegistrationName>
		<cbc:CompanyID>Identifies a company as registered with the company registration scheme</cbc:CompanyID>
		<cac:RegistrationAddress>
			<cbc:CityName>The name of a city town or village.</cbc:CityName>
			<cbc:CountrySubentity>For specifying a region county state</cbc:CountrySubentity>
			<cac:Country>
				<cbc:IdentificationCode/>
			</cac:Country>
		</cac:RegistrationAddress>
	  </cac:PartyLegalEntity>
	  <cac:Contact>
        <cbc:Telephone>26532147</cbc:Telephone>
        <cbc:Telefax>26532147</cbc:Telefax>
        <cbc:ElectronicMail>Linda@ea.dk</cbc:ElectronicMail>
      </cac:Contact>
	  <cac:Person>
		<cbc:FirstName>Linda</cbc:FirstName>
		<cbc:FamilyName>Garsh</cbc:FamilyName>
		<cbc:MiddleName>Smith</cbc:MiddleName>
		<cbc:JobTitle>AED</cbc:JobTitle>
	  </cac:Person>
	</cac:Party>
  </cac:SellerSupplierParty>
  <cac:OriginatorCustomerParty>
    <cac:Party>
		<cac:PartyIdentification>
			<cbc:ID>ID001</cbc:ID>
		</cac:PartyIdentification>
		<cac:PartyName>
			<cbc:Name>ACME supplies</cbc:Name>
		</cac:PartyName>
		<cac:Contact>
			<cbc:Telephone>26532147</cbc:Telephone>
			<cbc:Telefax>26532147</cbc:Telefax>
			<cbc:ElectronicMail>Linda@ea.dk</cbc:ElectronicMail>
		</cac:Contact>
		<cac:Person>
			<cbc:FirstName>Graham</cbc:FirstName>
			<cbc:FamilyName>Ljem</cbc:FamilyName>
			<cbc:MiddleName>Scott</cbc:MiddleName>
			<cbc:JobTitle>AED</cbc:JobTitle>
	  </cac:Person>
    </cac:Party>
  </cac:OriginatorCustomerParty>
  <cac:Delivery>
    <cac:DeliveryLocation>
      <cac:Address>
        <cbc:ID>TestAddressID</cbc:ID>
		<cbc:Postbox></cbc:Postbox>
        <cbc:StreetName>TestStreetName</cbc:StreetName>
        <cbc:AdditionalStreetName>TestAdditionalStreetname</cbc:AdditionalStreetName>
        <cbc:BuildingNumber>10</cbc:BuildingNumber>
        <cbc:Department>10</cbc:Department>
		<cbc:CityName>TestCityName</cbc:CityName>
        <cbc:PostalZone>3000</cbc:PostalZone>
		<cbc:CountrySubentity>For specifying a region county state</cbc:CountrySubentity>
        <cac:Country>
          <cbc:IdentificationCode> An identifier for the Country </cbc:IdentificationCode>
        </cac:Country>
      </cac:Address>
    </cac:DeliveryLocation>
	<cac:RequestedDeliveryPeriod>
		<cbc:StartDate/>
		<cbc:EndDate/>
	</cac:RequestedDeliveryPeriod>
    <cac:DeliveryParty>
		<cac:PartyIdentification> <!-- unbounded -->
			<cbc:ID>ID001</cbc:ID>
		</cac:PartyIdentification>
		<cac:PartyName>
	    	<cbc:Name>ACME supplies</cbc:Name>
	    </cac:PartyName>
	    <cac:Contact>
	    	<cbc:Name>Linda Brown</cbc:Name>
	        <cbc:Telephone>26532147</cbc:Telephone>
	        <cbc:Telefax>26532147</cbc:Telefax>
	        <cbc:ElectronicMail>Linda@ea.dk</cbc:ElectronicMail>
	    </cac:Contact>
    </cac:DeliveryParty>
  </cac:Delivery>
  <cac:DeliveryTerms>
	<cbc:ID>ID001</cbc:ID>
	<cbc:SpecialTerms>A description of special conditions relating to the Delivery Terms</cbc:SpecialTerms>
	<cac:DeliveryLocation>
		<cbc:ID>IS002</cbc:ID>
	</cac:DeliveryLocation>
  </cac:DeliveryTerms>
  <cac:AnticipatedMonetaryTotal>
	<cbc:LineExtensionAmount currencyID="DKK">10.0</cbc:LineExtensionAmount>
	<cbc:AllowanceTotalAmount currencyID="DKK">10.0</cbc:AllowanceTotalAmount>
	<cbc:ChargeTotalAmount currencyID="DKK">10.0</cbc:ChargeTotalAmount>
	<cbc:PayableAmount currencyID="DKK">10.0</cbc:PayableAmount>
  </cac:AnticipatedMonetaryTotal>
  <cac:OrderLine/>
</Order>
