<?xml version="1.0" encoding="UTF-8" standalone="no"?>
<ApplicationResponse xmlns="urn:oasis:names:specification:ubl:schema:xsd:ApplicationResponse-2"
	xmlns:cac="urn:oasis:names:specification:ubl:schema:xsd:CommonAggregateComponents-2"
	xmlns:cbc="urn:oasis:names:specification:ubl:schema:xsd:CommonBasicComponents-2">

	<cbc:UBLVersionID>2.0</cbc:UBLVersionID>
  	<cbc:CustomizationID/>
  	<cbc:ProfileID/>
  	<cbc:ID/>
	<cbc:IssueDate/>
	<cbc:IssueTime>2009-10-03</cbc:IssueTime>
	<cbc:Note>Used to make any comments or instructions relevant to the response, including the date that the reported decision becomes effective</cbc:Note>
	<cac:SenderParty>
		<cbc:EndpointID schemeID="DK:CVR"/>
		<cac:PartyIdentification>
			<cbc:ID schemeID="DK:CVR">DK16356706</cbc:ID>
		</cac:PartyIdentification>
		<cac:PartyName>
			<cbc:Name/>
		</cac:PartyName>
	</cac:SenderParty>
	<cac:ReceiverParty>
		<cbc:EndpointID schemeAgencyID="9" schemeID="GLN"/>
		<cac:PartyIdentification>
			<cbc:ID schemeAgencyID="9" schemeID="GLN">9811578</cbc:ID>
		</cac:PartyIdentification>
		<cac:PartyName>
			<cbc:Name/>
		</cac:PartyName>
	</cac:ReceiverParty>
	<cac:DocumentResponse>
		<cac:Response>
			<cbc:ReferenceID>ReferencesID</cbc:ReferenceID>
			<cbc:ResponseCode>AP</cbc:ResponseCode>
			<cbc:Description>The description of the response to the transaction document.</cbc:Description>
		</cac:Response>
		<cac:DocumentReference>
			<cbc:ID/>
			<cbc:DocumentTypeCode>380</cbc:DocumentTypeCode>
		</cac:DocumentReference>
	</cac:DocumentResponse>
</ApplicationResponse>
