<?xml version="1.0" encoding="UTF-8" standalone="yes"?>
<Catalogue xmlns="urn:oasis:names:specification:ubl:schema:xsd:Catalogue-2" xmlns:cac="urn:oasis:names:specification:ubl:schema:xsd:CommonAggregateComponents-2" xmlns:cbc="urn:oasis:names:specification:ubl:schema:xsd:CommonBasicComponents-2">
<cbc:UBLVersionID>2</cbc:UBLVersionID>
<cbc:CustomizationID schemeID="PEPPOL">urn:www.cenbii.eu:transaction:biicoretrdm019:ver1.0:#urn:www.peppol.eu:bis:peppol1a:ver1.0</cbc:CustomizationID>
<cbc:ProfileID>urn:www.cenbii.eu:profile:bii01:ver1.0</cbc:ProfileID>
<cbc:ID>7055c972-602d-4306-b5e7-cddacbbc2e6d</cbc:ID>
<cbc:Name>Catalog name</cbc:Name>
<cbc:IssueDate>2010-07-21</cbc:IssueDate>
<cbc:VersionID>003.2</cbc:VersionID>
<cac:ValidityPeriod>
<cbc:StartDate>2011-01-21</cbc:StartDate>
<cbc:EndDate>2011-08-21</cbc:EndDate>
</cac:ValidityPeriod>
<cac:ReferencedContract>
<cbc:ID>Contract ID</cbc:ID>
<cbc:ContractType>Contract Type</cbc:ContractType>
</cac:ReferencedContract>
<cac:ProviderParty>
<cbc:EndpointID schemeAgencyName="" schemeID="" schemeURI="">51000001</cbc:EndpointID>
<cac:PartyIdentification>
<cbc:ID schemeAgencyName="" schemeID="" schemeURI="">51000001</cbc:ID>
</cac:PartyIdentification>
<cac:PartyName>
<cbc:Name />
</cac:PartyName>
<cac:PostalAddress>
<cac:Country>
<cbc:IdentificationCode>DK</cbc:IdentificationCode>
</cac:Country>
</cac:PostalAddress>
<cac:PartyTaxScheme>
<cac:TaxScheme>
<cbc:ID>VAT</cbc:ID>
</cac:TaxScheme>
</cac:PartyTaxScheme>
</cac:ProviderParty>
<cac:ReceiverParty>
<cbc:EndpointID schemeAgencyName="" schemeID="" schemeURI="">51000002</cbc:EndpointID>
<cac:PartyIdentification>
<cbc:ID schemeAgencyName="" schemeID="" schemeURI="">51000002</cbc:ID>
</cac:PartyIdentification>
<cac:PartyName>
<cbc:Name />
</cac:PartyName>
<cac:PostalAddress>
<cac:Country>
<cbc:IdentificationCode>DK</cbc:IdentificationCode>
</cac:Country>
</cac:PostalAddress>
<cac:PartyTaxScheme>
<cac:TaxScheme>
<cbc:ID>VAT</cbc:ID>
</cac:TaxScheme>
</cac:PartyTaxScheme>
</cac:ReceiverParty>
<cac:SellerSupplierParty>
<cac:Party>
<cbc:EndpointID schemeAgencyName="" schemeID="" schemeURI="">51000003</cbc:EndpointID>
<cac:PartyIdentification>
<cbc:ID schemeAgencyName="" schemeID="" schemeURI="">51000003</cbc:ID>
</cac:PartyIdentification>
<cac:PartyName>
<cbc:Name />
</cac:PartyName>
<cac:PostalAddress>
<cbc:Postbox>POBOX348</cbc:Postbox>
<cbc:StreetName>Street</cbc:StreetName>
<cbc:Department>Address</cbc:Department>
<cbc:CityName>Town</cbc:CityName>
<cbc:PostalZone>ZC98</cbc:PostalZone>
<cbc:CountrySubentity>Fed State</cbc:CountrySubentity>
<cac:Country>
<cbc:IdentificationCode>DK</cbc:IdentificationCode>
</cac:Country>
</cac:PostalAddress>
<cac:PartyTaxScheme>
<cbc:CompanyID>PLE985</cbc:CompanyID>
<cac:TaxScheme>
<cbc:ID>VAT</cbc:ID>
</cac:TaxScheme>
</cac:PartyTaxScheme>
<cac:PartyLegalEntity>
<cbc:CompanyID>PLE985</cbc:CompanyID>
</cac:PartyLegalEntity>
<cac:Contact>
<cbc:Telephone>94328579</cbc:Telephone>
<cbc:Telefax>34563472</cbc:Telefax>
<cbc:ElectronicMail>mailseller@mail.com</cbc:ElectronicMail>
</cac:Contact>
<cac:Person>
<cbc:FirstName>Party</cbc:FirstName>
<cbc:MiddleName>person</cbc:MiddleName>
<cbc:JobTitle>null</cbc:JobTitle>
</cac:Person>
</cac:Party>
</cac:SellerSupplierParty>
<cac:ContractorCustomerParty>
<cac:Party>
<cbc:EndpointID schemeAgencyName="" schemeID="" schemeURI="">51000004</cbc:EndpointID>
<cac:PartyIdentification>
<cbc:ID schemeAgencyName="" schemeID="" schemeURI="">51000004</cbc:ID>
</cac:PartyIdentification>
<cac:PartyName>
<cbc:Name />
</cac:PartyName>
<cac:PostalAddress>
<cbc:Postbox>PO BOX Number</cbc:Postbox>
<cbc:StreetName>Street</cbc:StreetName>
<cbc:CityName>City</cbc:CityName>
<cbc:PostalZone>ZC98</cbc:PostalZone>
<cbc:CountrySubentity>Federal State</cbc:CountrySubentity>
<cac:Country>
<cbc:IdentificationCode>DK</cbc:IdentificationCode>
</cac:Country>
</cac:PostalAddress>
<cac:PartyTaxScheme>
<cbc:CompanyID>CID93487</cbc:CompanyID>
<cac:TaxScheme>
<cbc:ID>VAT</cbc:ID>
</cac:TaxScheme>
</cac:PartyTaxScheme>
<cac:PartyLegalEntity>
<cbc:CompanyID>CID93487</cbc:CompanyID>
</cac:PartyLegalEntity>
<cac:Contact>
<cbc:Telephone>345867354</cbc:Telephone>
<cbc:Telefax>3489759387</cbc:Telefax>
<cbc:ElectronicMail>mail@mail.com</cbc:ElectronicMail>
</cac:Contact>
<cac:Person>
<cbc:FirstName>Contact</cbc:FirstName>
<cbc:MiddleName>Person</cbc:MiddleName>
</cac:Person>
</cac:Party>
</cac:ContractorCustomerParty>
<cac:CatalogueLine>
<cbc:ID>1</cbc:ID>
<cbc:ActionCode>Add</cbc:ActionCode>
<cbc:OrderableIndicator>true</cbc:OrderableIndicator>
<cbc:ContentUnitQuantity>1</cbc:ContentUnitQuantity>
<cac:LineValidityPeriod />
<cac:ItemComparison>
<cbc:PriceAmount currencyID="EUR">10</cbc:PriceAmount>
<cbc:Quantity>10</cbc:Quantity>
</cac:ItemComparison>
<cac:AccessoryRelatedItem>
<cbc:ID>CE_MAINTGET4SP2_1</cbc:ID>
<cbc:Quantity>10.0</cbc:Quantity>
</cac:AccessoryRelatedItem>
<cac:AccessoryRelatedItem>
<cbc:ID>CE_KT292AA</cbc:ID>
<cbc:Quantity>10.0</cbc:Quantity>
</cac:AccessoryRelatedItem>
<cac:AccessoryRelatedItem>
<cbc:ID>CE_KT293AA</cbc:ID>
<cbc:Quantity>10.0</cbc:Quantity>
</cac:AccessoryRelatedItem>
<cac:RequiredItemLocationQuantity>
<cac:ApplicableTerritoryAddress>
<cbc:ID>1</cbc:ID>
<cac:Country>
<cbc:IdentificationCode>BE</cbc:IdentificationCode>
</cac:Country>
</cac:ApplicableTerritoryAddress>
<cac:Price>
<cbc:PriceAmount currencyID="EUR">1</cbc:PriceAmount>
<cac:ValidityPeriod />
</cac:Price>
</cac:RequiredItemLocationQuantity>
<cac:Item>
<cbc:Description>HP 6530B 2.4GHZ AZERTY</cbc:Description>
<cbc:Name>HP 6530b</cbc:Name>
<cac:SellersItemIdentification>
<cbc:ID>CE_GW688AVAZBE</cbc:ID>
</cac:SellersItemIdentification>
<cac:StandardItemIdentification>
<cbc:ID schemeID="schemeID">SA_GW688AVAZBE</cbc:ID>
</cac:StandardItemIdentification>
<cac:ItemSpecificationDocumentReference>
<cbc:ID>1</cbc:ID>
<cac:Attachment>
<cac:ExternalReference>
<cbc:URI>uri:scheme</cbc:URI>
</cac:ExternalReference>
</cac:Attachment>
</cac:ItemSpecificationDocumentReference>
<cac:OriginCountry>
<cbc:IdentificationCode>DK</cbc:IdentificationCode>
</cac:OriginCountry>
<cac:CommodityClassification>
<cbc:ItemClassificationCode listID="CPV">1.1.1</cbc:ItemClassificationCode>
</cac:CommodityClassification>
<cac:HazardousItem>
<cbc:HazardClassID>Hz1</cbc:HazardClassID>
</cac:HazardousItem>
<cac:ClassifiedTaxCategory>
<cbc:ID>E</cbc:ID>
<cac:TaxScheme>
<cbc:ID>VAT</cbc:ID>
</cac:TaxScheme>
</cac:ClassifiedTaxCategory>
<cac:ManufacturerParty>
<cac:PartyName>
<cbc:Name>MPN</cbc:Name>
</cac:PartyName>
</cac:ManufacturerParty>
<cac:ItemInstance>
<cac:LotIdentification>
<cbc:ExpiryDate>2010-11-10</cbc:ExpiryDate>
</cac:LotIdentification>
</cac:ItemInstance>
</cac:Item>
</cac:CatalogueLine>
<cac:CatalogueLine>
<cbc:ID>2</cbc:ID>
<cbc:ActionCode>Add</cbc:ActionCode>
<cbc:OrderableIndicator>false</cbc:OrderableIndicator>
<cbc:ContentUnitQuantity>2</cbc:ContentUnitQuantity>
<cac:LineValidityPeriod />
<cac:ItemComparison>
<cbc:PriceAmount currencyID="EUR">10</cbc:PriceAmount>
<cbc:Quantity>12</cbc:Quantity>
</cac:ItemComparison>
<cac:AccessoryRelatedItem>
<cbc:ID>CE_MAINTGET4SP2_1</cbc:ID>
<cbc:Quantity>10.0</cbc:Quantity>
</cac:AccessoryRelatedItem>
<cac:AccessoryRelatedItem>
<cbc:ID>CE_KT292AA</cbc:ID>
<cbc:Quantity>10.0</cbc:Quantity>
</cac:AccessoryRelatedItem>
<cac:AccessoryRelatedItem>
<cbc:ID>CE_KT293AA</cbc:ID>
<cbc:Quantity>10.0</cbc:Quantity>
</cac:AccessoryRelatedItem>
<cac:RequiredItemLocationQuantity>
<cac:ApplicableTerritoryAddress>
<cbc:ID>1</cbc:ID>
<cac:Country>
<cbc:IdentificationCode>BE</cbc:IdentificationCode>
</cac:Country>
</cac:ApplicableTerritoryAddress>
<cac:Price>
<cbc:PriceAmount currencyID="EUR">1</cbc:PriceAmount>
<cac:ValidityPeriod />
</cac:Price>
</cac:RequiredItemLocationQuantity>
<cac:Item>
<cbc:Description>HP 6530B 2.4GHZ AZERTY</cbc:Description>
<cbc:Name>HP 6530b</cbc:Name>
<cac:SellersItemIdentification>
<cbc:ID>CE_GW688AVAZBE</cbc:ID>
</cac:SellersItemIdentification>
<cac:StandardItemIdentification>
<cbc:ID schemeID="schemeID">SA_GW688AVAZBE</cbc:ID>
</cac:StandardItemIdentification>
<cac:ItemSpecificationDocumentReference>
<cbc:ID>1</cbc:ID>
<cac:Attachment>
<cac:ExternalReference>
<cbc:URI>uri:scheme</cbc:URI>
</cac:ExternalReference>
</cac:Attachment>
</cac:ItemSpecificationDocumentReference>
<cac:OriginCountry>
<cbc:IdentificationCode>DK</cbc:IdentificationCode>
</cac:OriginCountry>
<cac:CommodityClassification>
<cbc:ItemClassificationCode listID="CPV">1.1.1</cbc:ItemClassificationCode>
</cac:CommodityClassification>
<cac:HazardousItem>
<cbc:HazardClassID>Hz2</cbc:HazardClassID>
</cac:HazardousItem>
<cac:ClassifiedTaxCategory>
<cbc:ID>E</cbc:ID>
<cac:TaxScheme>
<cbc:ID>VAT</cbc:ID>
</cac:TaxScheme>
</cac:ClassifiedTaxCategory>
<cac:ManufacturerParty>
<cac:PartyName>
<cbc:Name>MPN</cbc:Name>
</cac:PartyName>
</cac:ManufacturerParty>
<cac:ItemInstance>
<cac:LotIdentification />
</cac:ItemInstance>
</cac:Item>
</cac:CatalogueLine>
</Catalogue>
