<?xml version="1.0" encoding="UTF-8" standalone="yes"?>
<CallForTender xmlns="urn:oasis:names:specification:ubl:schema:xsd:CallForTender-2" xmlns:cac="urn:oasis:names:specification:ubl:schema:xsd:CommonAggregateComponents-2" xmlns:cbc="urn:oasis:names:specification:ubl:schema:xsd:CommonBasicComponents-2">
<cbc:UBLVersionID>2</cbc:UBLVersionID>
<cbc:CustomizationID schemeID="PEPPOL">pa001</cbc:CustomizationID>
<cbc:ProfileID>PreAward</cbc:ProfileID>
<cbc:ID>26214c76-cc0d-470b-ae0b-71f994442108</cbc:ID>
<cbc:ContractFolderID>1</cbc:ContractFolderID>
<cbc:IssueDate>2011-11-28</cbc:IssueDate>
<cac:CustomerParty>
<cac:Party>
<cac:PartyIdentification>
<cbc:ID schemeAgencyName="" schemeID="" schemeURI="" />
</cac:PartyIdentification>
<cac:PartyName>
<cbc:Name />
</cac:PartyName>
<cac:PostalAddress>
<cbc:ID>1</cbc:ID>
<cac:Country>
<cbc:IdentificationCode>GR</cbc:IdentificationCode>
</cac:Country>
</cac:PostalAddress>
<cac:PartyTaxScheme>
<cbc:CompanyID>20304050</cbc:CompanyID>
<cac:TaxScheme>
<cbc:ID>20304050</cbc:ID>
</cac:TaxScheme>
</cac:PartyTaxScheme>
<cac:PartyLegalEntity>
<cbc:CompanyID>20304050</cbc:CompanyID>
</cac:PartyLegalEntity>
</cac:Party>
</cac:CustomerParty>
<cac:TenderingTerms>
<cbc:Note />
</cac:TenderingTerms>
<cac:TenderingProcess>
<cbc:Type />
</cac:TenderingProcess>
<cac:ProcurementProject>
<cbc:ID>1</cbc:ID>
<cbc:Description />
<cac:RequestForTenderLine>
<cbc:ID>11885-1</cbc:ID>
<cbc:Quantity>10</cbc:Quantity>
<cbc:MaximumTaxExclusiveAmount currencyID="" />
<cbc:MaximumTaxInclusiveAmount currencyID="" />
<cac:Item>
<cbc:Description>Γάντια εξεταστικά μη αποστειρωμένα μιας χρήσης με πούδρα</cbc:Description>
<cbc:Name>Γάντια εξεταστικά μη αποστειρωμένα μιας χρήσης με πούδρα</cbc:Name>
<cac:AdditionalItemProperty>
<cbc:ID>1</cbc:ID>
<cbc:Name>mainid</cbc:Name>
<cbc:Value>2</cbc:Value>
<cac:ItemPropertyRange />
</cac:AdditionalItemProperty>
</cac:Item>
</cac:RequestForTenderLine>
<cac:RequestForTenderLine>
<cbc:ID>11885-2</cbc:ID>
<cbc:Note />
<cbc:Quantity>20.00</cbc:Quantity>
<cbc:MaximumTaxExclusiveAmount currencyID="" />
<cbc:MinimumTaxExclusiveAmount currencyID="" />
<cac:Item>
<cbc:Description>Γάντια εξεταστικά μη αποστειρωμένα μιας χρήσης χωρίς  πούδρα</cbc:Description>
<cbc:Name>Γάντια εξεταστικά μη αποστειρωμένα μιας χρήσης χωρίς  πούδρα</cbc:Name>
</cac:Item>
</cac:RequestForTenderLine>
</cac:ProcurementProject>
</CallForTender>
