<?xml version="1.0" encoding="UTF-8" standalone="no"?>
<Tender xmlns="urn:oasis:names:specification:ubl:schema:xsd:Tender-2" xmlns:cac="urn:oasis:names:specification:ubl:schema:xsd:CommonAggregateComponents-2" xmlns:cbc="urn:oasis:names:specification:ubl:schema:xsd:CommonBasicComponents-2">
<cbc:UBLVersionID>2.0</cbc:UBLVersionID>
<cbc:CustomizationID schemeID="PEPPOL">pa002:#</cbc:CustomizationID>
<cbc:ProfileID>PreAward</cbc:ProfileID>
<cbc:ID>b9e5a322-5a92-4ca3-80ad-22d08bf8a7c8</cbc:ID>
<cbc:ContractFolderID>1</cbc:ContractFolderID>
<cbc:IssueDate>2012-01-05</cbc:IssueDate>
<cac:TendererParty>
<cac:Party>
<cac:PartyIdentification>
<cbc:ID schemeAgencyName="" schemeID="" schemeURI=""/>
</cac:PartyIdentification>
<cac:PartyName>
<cbc:Name/>
</cac:PartyName>
</cac:Party>
</cac:TendererParty>
<cac:ContractingParty>
<cac:Party>
<cac:PartyIdentification>
<cbc:ID schemeAgencyName="" schemeID="" schemeURI="">60933</cbc:ID>
</cac:PartyIdentification>
<cac:PartyName>
<cbc:Name>CONSIP SPA</cbc:Name>
</cac:PartyName>
<cac:Person>
<cbc:FirstName>PUNTO ORDINANTE</cbc:FirstName>
<cbc:FamilyName>CONSIP</cbc:FamilyName>
</cac:Person>
</cac:Party>
</cac:ContractingParty>
<cac:TenderedProject>
<cac:TenderLine>
<cbc:ID>42723</cbc:ID>
<cbc:Note/>
<cbc:ContentUnit/>
<cbc:OrderQuantityIncrement>10</cbc:OrderQuantityIncrement>
<cac:Item>
<cbc:Name>Stampanti a getto di inchiostro</cbc:Name>
<cac:AdditionalItemProperty>
<cbc:ID>1</cbc:ID>
<cbc:Name>Marca</cbc:Name>
<cbc:Value/>
</cac:AdditionalItemProperty>
<cac:AdditionalItemProperty>
<cbc:ID>2</cbc:ID>
<cbc:Name>Articolo produttore</cbc:Name>
<cbc:Value/>
</cac:AdditionalItemProperty>
<cac:AdditionalItemProperty>
<cbc:ID>3</cbc:ID>
<cbc:Name>Denominazione commerciale</cbc:Name>
<cbc:Value/>
</cac:AdditionalItemProperty>
<cac:AdditionalItemProperty>
<cbc:ID>4</cbc:ID>
<cbc:Name>Articolo fornitore</cbc:Name>
<cbc:Value/>
</cac:AdditionalItemProperty>
<cac:AdditionalItemProperty>
<cbc:ID>6</cbc:ID>
<cbc:Name>Prezzo</cbc:Name>
<cbc:Value/>
</cac:AdditionalItemProperty>
<cac:AdditionalItemProperty>
<cbc:ID>7</cbc:ID>
<cbc:Name>Unita'</cbc:Name>
<cbc:Value/>
</cac:AdditionalItemProperty>
<cac:AdditionalItemProperty>
<cbc:ID>21</cbc:ID>
<cbc:Name>Descrizione</cbc:Name>
<cbc:Value/>
</cac:AdditionalItemProperty>
<cac:AdditionalItemProperty>
<cbc:ID>100839</cbc:ID>
<cbc:Name>Numero di colori</cbc:Name>
<cbc:Value/>
</cac:AdditionalItemProperty>
<cac:AdditionalItemProperty>
<cbc:ID>100840</cbc:ID>
<cbc:Name>Risoluzione di stampa (HxV dpi)</cbc:Name>
<cbc:Value/>
</cac:AdditionalItemProperty>
<cac:AdditionalItemProperty>
<cbc:ID>100841</cbc:ID>
<cbc:Name>Formato massimo di stampa</cbc:Name>
<cbc:Value/>
</cac:AdditionalItemProperty>
<cac:AdditionalItemProperty>
<cbc:ID>100842</cbc:ID>
<cbc:Name>Standard di connessione</cbc:Name>
<cbc:Value/>
</cac:AdditionalItemProperty>
</cac:Item>
</cac:TenderLine>
<cac:TenderLine>
<cbc:ID>42722</cbc:ID>
<cbc:Note/>
<cbc:ContentUnit/>
<cbc:OrderQuantityIncrement>5</cbc:OrderQuantityIncrement>
<cac:Item>
<cbc:Name>Scanner (acquisto)</cbc:Name>
<cac:AdditionalItemProperty>
<cbc:ID>1</cbc:ID>
<cbc:Name>Marca</cbc:Name>
<cbc:Value/>
</cac:AdditionalItemProperty>
<cac:AdditionalItemProperty>
<cbc:ID>2</cbc:ID>
<cbc:Name>Articolo produttore</cbc:Name>
<cbc:Value/>
</cac:AdditionalItemProperty>
<cac:AdditionalItemProperty>
<cbc:ID>3</cbc:ID>
<cbc:Name>Denominazione commerciale</cbc:Name>
<cbc:Value/>
</cac:AdditionalItemProperty>
<cac:AdditionalItemProperty>
<cbc:ID>4</cbc:ID>
<cbc:Name>Articolo fornitore</cbc:Name>
<cbc:Value/>
</cac:AdditionalItemProperty>
<cac:AdditionalItemProperty>
<cbc:ID>6</cbc:ID>
<cbc:Name>Prezzo</cbc:Name>
<cbc:Value/>
</cac:AdditionalItemProperty>
<cac:AdditionalItemProperty>
<cbc:ID>7</cbc:ID>
<cbc:Name>Unita'</cbc:Name>
<cbc:Value/>
</cac:AdditionalItemProperty>
<cac:AdditionalItemProperty>
<cbc:ID>21</cbc:ID>
<cbc:Name>Descrizione</cbc:Name>
<cbc:Value/>
</cac:AdditionalItemProperty>
<cac:AdditionalItemProperty>
<cbc:ID>100828</cbc:ID>
<cbc:Name>Tipo di scanner</cbc:Name>
<cbc:Value/>
</cac:AdditionalItemProperty>
<cac:AdditionalItemProperty>
<cbc:ID>100829</cbc:ID>
<cbc:Name>Risoluzione ottica (H x V dpi)</cbc:Name>
<cbc:Value/>
</cac:AdditionalItemProperty>
<cac:AdditionalItemProperty>
<cbc:ID>100833</cbc:ID>
<cbc:Name>Software OCR</cbc:Name>
<cbc:Value/>
</cac:AdditionalItemProperty>
<cac:AdditionalItemProperty>
<cbc:ID>302440</cbc:ID>
<cbc:Name>Nuovo attributo</cbc:Name>
<cbc:Value/>
</cac:AdditionalItemProperty>
</cac:Item>
</cac:TenderLine>
</cac:TenderedProject>
</Tender>
