<?xml version="1.0"?>
<jxb:bindings version="2.1" xmlns:jxb="http://java.sun.com/xml/ns/jaxb"
   xmlns:xs="http://www.w3.org/2001/XMLSchema" xmlns:xsi="http://www.w3.org/2001/XMLSchema-instance"
   xsi:schemaLocation="http://java.sun.com/xml/ns/jaxb http://java.sun.com/xml/ns/jaxb/bindingschema_2_0.xsd">
 
   <jxb:bindings schemaLocation="http://www.w3.org/TR/xkms2/Schemas/xkms.xsd"
      node="/xs:schema">
      <jxb:schemaBindings>
         <jxb:package name="eu.peppol.lsp.xkms.jaxb.xkms" />
      </jxb:schemaBindings>
   </jxb:bindings>

   <jxb:bindings
      schemaLocation="http://www.w3.org/TR/2002/REC-xmldsig-core-20020212/xmldsig-core-schema.xsd"
      node="/xs:schema">
      <jxb:schemaBindings>
         <jxb:package name="eu.peppol.lsp.xkms.jaxb.xmldsig" />
      </jxb:schemaBindings>
   </jxb:bindings>

   <jxb:bindings schemaLocation="http://www.w3.org/TR/xmlenc-core/xenc-schema.xsd"
      node="/xs:schema">
      <jxb:schemaBindings>
         <jxb:package name="eu.peppol.lsp.xkms.jaxb.xenc" />
      </jxb:schemaBindings>
   </jxb:bindings>

   <jxb:bindings schemaLocation="ISOCountryCodeType-V2006.xsd" node="/xs:schema">
      <jxb:schemaBindings>
         <jxb:package name="eu.peppol.lsp.xkms.jaxb.isocc" />
      </jxb:schemaBindings>
   </jxb:bindings>

   <jxb:bindings schemaLocation="ts_102231v030102_xsd.xsd" node="/xs:schema">
      <jxb:schemaBindings>
         <jxb:package name="eu.peppol.lsp.xkms.jaxb.tsl" />
      </jxb:schemaBindings>
   </jxb:bindings>

   <jxb:bindings schemaLocation="XKMSExtensionsPEPPOL_v2.2.xsd" node="/xs:schema">
      <jxb:schemaBindings>
         <jxb:package name="eu.peppol.lsp.xkms.jaxb.peppol" />
      </jxb:schemaBindings>
   </jxb:bindings>

</jxb:bindings>
