<?xml version="1.0" encoding="UTF-8"?>
<agencyCodes>
	<code id="GLN" schemeID="GLN">
		<schemeAgencyName>GS1</schemeAgencyName>
		<numericCode>0088</numericCode>
		<schemeURI>urn:oasis:names:tc:ebcore:partyid-type:unregistered:bii:gln</schemeURI>
	</code>
	<code id="DUNS" schemeID="DUNS">
		<schemeAgencyName>Dun &amp; Bradstreet</schemeAgencyName>
		<numericCode>0062</numericCode>
		<schemeURI>urn:oasis:names:tc:ebcore:partyid-type:unregistered:bii:duns</schemeURI>
	</code>
	<code id="IBAN" schemeID="IBAN">
		<schemeAgencyName>S.W.I.F.T. Society for Worldwide Interbank Financial Telecommunications s.c.</schemeAgencyName>
		<numericCode>0021</numericCode>
		<schemeURI>urn:oasis:names:tc:ebcore:partyid-type:unregistered:bii:iban</schemeURI>
	</code>
	<code id="ISO6523" schemeID="ISO6523">
		<schemeAgencyName>ISO (International Organization for Standardization)</schemeAgencyName>
		<numericCode>0028</numericCode>
		<schemeURI>urn:oasis:names:tc:ebcore:partyid-type:unregistered:bii:iso6523</schemeURI>
	</code>
	<code id="DK:CPR" schemeID="DK:CPR">
		<schemeAgencyName>Danish Ministry of the Interior and Health</schemeAgencyName>
		<numericCode>9901</numericCode>
		<schemeURI>urn:oasis:names:tc:ebcore:partyid-type:unregistered:bii:dk:cpr</schemeURI>
	</code>
	<code id="DK:CVR" schemeID="DK:CVR">
		<schemeAgencyName>The Danish Commerce and Companies Agency</schemeAgencyName>
		<numericCode>9902</numericCode>
		<schemeURI>urn:oasis:names:tc:ebcore:partyid-type:unregistered:bii:dk:cvr</schemeURI>
	</code>
	<code id="DK:P" schemeID="DK:P">
		<schemeAgencyName>The Danish Commerce and Companies Agency</schemeAgencyName>
		<numericCode>0096</numericCode>
		<schemeURI>urn:oasis:names:tc:ebcore:partyid-type:unregistered:bii:dk:p</schemeURI>
	</code>
	<code id="DK:SE" schemeID="DK:SE">
		<schemeAgencyName>Danish Ministry of Taxation, Central Customs and Tax Administration</schemeAgencyName>
		<numericCode>9904</numericCode>
		<schemeURI>urn:oasis:names:tc:ebcore:partyid-type:unregistered:bii:dk:se</schemeURI>
	</code>
	<code id="DK:VANS" schemeID="DK:VANS">
		<schemeAgencyName>Danish VANS providers</schemeAgencyName>
		<numericCode>9905</numericCode>
		<schemeURI>urn:oasis:names:tc:ebcore:partyid-type:unregistered:bii:dk:vans</schemeURI>
	</code>
	<code id="IT:VAT" schemeID="IT:VAT">
		<schemeAgencyName>Ufficio responsabile gestione partite IVA</schemeAgencyName>
		<numericCode>9906</numericCode>
		<schemeURI>urn:oasis:names:tc:ebcore:partyid-type:unregistered:bii:it:vat</schemeURI>
	</code>
	<code id="IT:CF" schemeID="IT:CF">
		<schemeAgencyName>TAX Authority</schemeAgencyName>
		<numericCode>9907</numericCode>
		<schemeURI>urn:oasis:names:tc:ebcore:partyid-type:unregistered:bii:it:cf</schemeURI>
	</code>
	<code id="IT:FTI" schemeID="IT:FTI">
		<schemeAgencyName>Ediforum Italia</schemeAgencyName>
		<numericCode>0097</numericCode>
		<schemeURI>urn:oasis:names:tc:ebcore:partyid-type:unregistered:bii:it:fti</schemeURI>
	</code>
	<code id="IT:SIA" schemeID="IT:SIA">
		<schemeAgencyName>Società Interbancaria per l’Automazione</schemeAgencyName>
		<numericCode>0135</numericCode>
		<schemeURI>urn:oasis:names:tc:ebcore:partyid-type:unregistered:bii:it:sia</schemeURI>
	</code>
	<code id="IT:SECETI" schemeID="IT:SECETI">
		<schemeAgencyName>Servizi Centralizzati SECETI</schemeAgencyName>
		<numericCode>0142</numericCode>
		<schemeURI>urn:oasis:names:tc:ebcore:partyid-type:unregistered:bii:it:seceti</schemeURI>
	</code>
	<code id="NO:ORGNR" schemeID="NO:ORGNR">
		<schemeAgencyName>Enhetsregisteret ved Bronnoysundregisterne</schemeAgencyName>
		<numericCode>9908</numericCode>
		<schemeURI>urn:oasis:names:tc:ebcore:partyid-type:unregistered:bii:no:orgnr</schemeURI>
	</code>
	<code id="NO:VAT" schemeID="NO:VAT">
		<schemeAgencyName>Enhetsregisteret ved Bronnoysundregisterne</schemeAgencyName>
		<numericCode>9909</numericCode>
		<schemeURI>urn:oasis:names:tc:ebcore:partyid-type:unregistered:bii:no:vat</schemeURI>
	</code>
	<code id="HU:VAT" schemeID="HU:VAT">
		<schemeAgencyName></schemeAgencyName>
		<numericCode>9910</numericCode>
		<schemeURI>urn:oasis:names:tc:ebcore:partyid-type:unregistered:bii:hu:vat</schemeURI>
	</code>
	<code id="SE:ORGNR" schemeID="SE:ORGNR">
		<schemeAgencyName></schemeAgencyName>
		<numericCode>0007</numericCode>
		<schemeURI>urn:oasis:names:tc:ebcore:partyid-type:unregistered:bii:se:orgnr</schemeURI>
	</code>
	<code id="FI:OVT" schemeID="FI:OVT">
		<schemeAgencyName>Finnish tax board</schemeAgencyName>
		<numericCode>0037</numericCode>
		<schemeURI>urn:oasis:names:tc:ebcore:partyid-type:unregistered:bii:fi:ovt</schemeURI>
	</code>
	<code id="EU:VAT" schemeID="EU:VAT">
		<schemeAgencyName>National ministries of Economy</schemeAgencyName>
		<numericCode>9912</numericCode>
		<schemeURI>urn:oasis:names:tc:ebcore:partyid-type:unregistered:bii:eu:vat</schemeURI>
	</code>
	<code id="EU:REID" schemeID="EU:REID">
		<schemeAgencyName>Business Registers Network</schemeAgencyName>
		<numericCode>9913</numericCode>
		<schemeURI>urn:oasis:names:tc:ebcore:partyid-type:unregistered:bii:eu:reid</schemeURI>
	</code>
	<code id="FR:SIRET" schemeID="FR:SIRET">
		<schemeAgencyName>INSEE: National Institute for statistics and Economic studies</schemeAgencyName>
		<numericCode>0009</numericCode>
		<schemeURI>urn:oasis:names:tc:ebcore:partyid-type:unregistered:bii:fr:siret</schemeURI>
	</code>
	<code id="AT:VAT" schemeID="AT:VAT">
		<schemeAgencyName>Österreichische Umsatzsteuer-Identifikationsnummer</schemeAgencyName>
		<numericCode>9914</numericCode>
		<schemeURI>urn:oasis:names:tc:ebcore:partyid-type:unregistered:bii:at:vat</schemeURI>
	</code>
	<code id="AT:GOV" schemeID="AT:GOV">
		<schemeAgencyName>Österreichisches Verwaltungs bzw. Organisationskennzeichen</schemeAgencyName>
		<numericCode>9915</numericCode>
		<schemeURI>urn:oasis:names:tc:ebcore:partyid-type:unregistered:bii:at:gov</schemeURI>
	</code>
	<code id="AT:CID" schemeID="AT:CID">
		<schemeAgencyName>Firmenidentifikationsnummer der Statistik Austria</schemeAgencyName>
		<numericCode>9916</numericCode>
		<schemeURI>urn:oasis:names:tc:ebcore:partyid-type:unregistered:bii:at:cid</schemeURI>
	</code>
	<code id="IS:KT" schemeID="IS:KT">
		<schemeAgencyName>Icelandic National Registry</schemeAgencyName>
		<numericCode>9917</numericCode>
		<schemeURI>urn:oasis:names:tc:ebcore:partyid-type:unregistered:bii:is:kt</schemeURI>
	</code>
</agencyCodes>