<?xml version="1.0" encoding="UTF-8"?>
<Invoice>
	<cbc:UBLVersionID display="necessary"/>
	<cbc:CustomizationID schemeID="required" display="necessary"/>
	<cbc:ProfileID display="necessary"/>
	<cbc:ID display="necessary"/>
	<cbc:IssueDate display="necessary"/>
	<cbc:InvoiceTypeCode listAgencyID="" listID="" display="necessary"/>
	<cbc:Note languageID=""/>
	<cbc:TaxPointDate/>
	<cbc:DocumentCurrencyCode listID="" listAgencyID="" display="necessary"/>
	<cbc:AccountingCost/>
	<cac:InvoicePeriod>
		<cbc:StartDate/>
		<cbc:EndDate/>
	</cac:InvoicePeriod>
	<cac:OrderReference>
		<cbc:ID display="necessary"/>
	</cac:OrderReference>
	<cac:ContractDocumentReference>
		<cbc:ID display="necessary"/>
		<cbc:DocumentType/>
	</cac:ContractDocumentReference>
	<cac:AdditionalDocumentReference type="unbounded">
		<cbc:ID type="id" display="necessary"/>
		<cbc:DocumentType/>
		<cac:Attachment>
			<cbc:EmbeddedDocumentBinaryObject mimeCode=""/>
			<cac:ExternalReference>
				<cbc:URI display="necessary"/>
			</cac:ExternalReference>
		</cac:Attachment>
	</cac:AdditionalDocumentReference>
	<cac:AccountingSupplierParty display="necessary">
		<cac:Party display="necessary">
			<cbc:EndpointID schemeID="required" schemeAgencyName="required" schemeURI="required"/>
			<cac:PartyIdentification display="necessary">
				<cbc:ID schemeID="required" schemeAgencyName="required" schemeURI="required" display="necessary"/>
			</cac:PartyIdentification>
			<cac:PartyName display="necessary">
				<cbc:Name display="necessary"/>
			</cac:PartyName>
			<cac:PostalAddress display="necessary">
				<cbc:ID schemeID="" schemeAgencyID=""/>
				<cbc:Postbox/>
				<cbc:StreetName display="necessary"/>
				<cbc:AdditionalStreetName/>
				<cbc:BuildingNumber display="necessary"/>
				<cbc:Department/>
				<cbc:CityName display="necessary"/>
				<cbc:PostalZone display="necessary"/>
				<cbc:CountrySubentity/>
				<cac:Country>
					<cbc:IdentificationCode listID="" listAgencyID="" display="necessary"/>
				</cac:Country>
			</cac:PostalAddress>
			<cac:PartyTaxScheme>
				<cbc:CompanyID schemeID="" schemeAgencyID=""/>
				<cac:TaxScheme display="necessary">
					<cbc:ID schemeID="" schemeAgencyID="" display="necessary"/>
				</cac:TaxScheme>
			</cac:PartyTaxScheme>
			<cac:PartyLegalEntity>
				<cbc:RegistrationName/>
				<cbc:CompanyID schemeID="" schemeAgencyID="" display="necessary"/>
				<cac:RegistrationAddress>
					<cbc:CityName/>
					<cbc:CountrySubentity/>
					<cac:Country>
						<cbc:IdentificationCode display="necessary"/>
					</cac:Country>
				</cac:RegistrationAddress>
			</cac:PartyLegalEntity>
			<cac:Contact>
				<cbc:ID/>
				<cbc:Telephone/>
				<cbc:Telefax/>
				<cbc:ElectronicMail/>
			</cac:Contact>
			<cac:Person>
				<cbc:FirstName/>
				<cbc:FamilyName/>
				<cbc:MiddleName/>
				<cbc:JobTitle/>
			</cac:Person>
		</cac:Party>
	</cac:AccountingSupplierParty>
	<cac:AccountingCustomerParty display="necessary">
		<cac:Party display="necessary">
			<cbc:EndpointID schemeID="required" schemeAgencyName="required" schemeURI="required"/>
			<cac:PartyIdentification display="necessary">
				<cbc:ID schemeID="required" schemeAgencyName="required" schemeURI="required" display="necessary"/>
			</cac:PartyIdentification>
			<cac:PartyName display="necessary">
				<cbc:Name display="necessary"/>
			</cac:PartyName>
			<cac:PostalAddress>
				<cbc:ID schemeID="" schemeAgencyID=""/>
				<cbc:Postbox/>
				<cbc:StreetName display="necessary"/>
				<cbc:AdditionalStreetName/>
				<cbc:BuildingNumber display="necessary"/>
				<cbc:Department/>
				<cbc:CityName display="necessary"/>
				<cbc:PostalZone display="necessary"/>
				<cbc:CountrySubentity/>
				<cac:Country>
					<cbc:IdentificationCode listID="" listAgencyID="" display="necessary"/>
				</cac:Country>
			</cac:PostalAddress>
			<cac:PartyTaxScheme>
				<cbc:CompanyID schemeID="" schemeAgencyID=""/>
				<cac:TaxScheme display="necessary">
					<cbc:ID schemeID="" schemeAgencyID="" display="necessary"/>
				</cac:TaxScheme>
			</cac:PartyTaxScheme>
			<cac:PartyLegalEntity>
				<cbc:RegistrationName/>
				<cbc:CompanyID schemeAgencyID="" schemeID="" display="necessary"/>
				<cac:RegistrationAddress>
					<cbc:CityName/>
					<cbc:CountrySubentity/>
					<cac:Country>
						<cbc:IdentificationCode display="necessary"/>
					</cac:Country>
				</cac:RegistrationAddress>
			</cac:PartyLegalEntity>
			<cac:Contact>
				<cbc:ID/>
				<cbc:Telephone/>
				<cbc:Telefax/>
				<cbc:ElectronicMail/>
			</cac:Contact>
			<cac:Person>
				<cbc:FirstName/>
				<cbc:FamilyName/>
				<cbc:MiddleName/>
				<cbc:JobTitle/>
			</cac:Person>
		</cac:Party>
	</cac:AccountingCustomerParty>
	<cac:PayeeParty>
		<cac:PartyIdentification display="necessary">
			<cbc:ID display="necessary"/>
		</cac:PartyIdentification>
		<cac:PartyName display="necessary">
			<cbc:Name display="necessary"/>
		</cac:PartyName>
		<cac:PartyLegalEntity>
			<cbc:CompanyID schemeID="" schemeAgencyID="" display="necessary"/>
		</cac:PartyLegalEntity>
	</cac:PayeeParty>
	<cac:Delivery>
		<cbc:ActualDeliveryDate/>
		<cac:DeliveryLocation>
			<cbc:ID schemeID="" schemeAgencyID=""/>
			<cac:Address>
				<cbc:StreetName/>
				<cbc:AdditionalStreetName/>
				<cbc:BuildingNumber/>
				<cbc:CityName display="necessary"/>
				<cbc:PostalZone display="necessary"/>
				<cbc:CountrySubentity/>
				<cac:Country>
					<cbc:IdentificationCode display="necessary"/>
				</cac:Country>
			</cac:Address>
		</cac:DeliveryLocation>
	</cac:Delivery>
	<cac:PaymentMeans type="unbounded">
		<cbc:PaymentMeansCode type="id" listID="" listAgencyID="" display="necessary"/>
		<cbc:PaymentDueDate/>
		<cbc:PaymentChannelCode/>
		<cbc:PaymentID/>
		<cac:PayeeFinancialAccount>
			<cbc:ID schemeID="" display="necessary"/>
			<cac:FinancialInstitutionBranch>
				<cbc:ID/>
				<cac:FinancialInstitution>
					<cbc:ID display="necessary"/>
				</cac:FinancialInstitution>
			</cac:FinancialInstitutionBranch>
		</cac:PayeeFinancialAccount>
	</cac:PaymentMeans>
	<cac:PaymentTerms>
		<cbc:Note/>
	</cac:PaymentTerms>
	<cac:AllowanceCharge type="unbounded">
		<cbc:ChargeIndicator display="necessary"/>
		<cbc:AllowanceChargeReason/>
		<cbc:Amount currencyID="currency" type="id" display="necessary"/>
	</cac:AllowanceCharge>
	<cac:TaxTotal display="necessary">
		<cbc:TaxAmount currencyID="currency" display="necessary"/>
		<cac:TaxSubtotal type="unbounded">
			<cbc:TaxableAmount currencyID="currency" display="necessary"/>
			<cbc:TaxAmount currencyID="currency" display="necessary"/>
			<cac:TaxCategory display="necessary">
				<cbc:ID schemeAgencyID="" schemeID="" type="id" display="necessary"/>
				<cbc:Percent/>
				<cbc:TaxExemptionReasonCode listID="" listAgencyID=""/>
				<cbc:TaxExemptionReason/>
				<cac:TaxScheme display="necessary">
					<cbc:ID schemeID="" schemeAgencyID="" display="necessary"/>
				</cac:TaxScheme>
			</cac:TaxCategory>
		</cac:TaxSubtotal>
	</cac:TaxTotal>
	<cac:LegalMonetaryTotal display="necessary">
		<cbc:LineExtensionAmount currencyID="currency" display="necessary"/>
		<cbc:TaxExclusiveAmount currencyID="currency" display="necessary"/>
		<cbc:TaxInclusiveAmount currencyID="currency" display="necessary"/>
		<cbc:AllowanceTotalAmount currencyID="currency"/>
		<cbc:ChargeTotalAmount currencyID="currency"/>
		<cbc:PrepaidAmount currencyID="currency"/>
		<cbc:PayableRoundingAmount currencyID="currency"/>
		<cbc:PayableAmount currencyID="currency" display="necessary"/>
	</cac:LegalMonetaryTotal>
	<cac:InvoiceLine type="line">
		<cbc:ID type="lineId" display="necessary"/>
		<cbc:Note/>
		<cbc:InvoicedQuantity unitCode="required" type="requiredFormat"/>
		<cbc:LineExtensionAmount currencyID="currency" type="requiredFormat" display="necessary"/>
		<cbc:AccountingCost/>
		<cac:OrderLineReference type="unbounded">
			<cbc:LineID type="id" display="necessary"/>
		</cac:OrderLineReference>
		<cac:AllowanceCharge type="unbounded">
			<cbc:ChargeIndicator display="necessary"/>
			<cbc:AllowanceChargeReason/>
			<cbc:Amount currencyID="currency" type="id" display="necessary"/>
		</cac:AllowanceCharge>
		<cac:TaxTotal>
			<cbc:TaxAmount currencyID="currency" type="requiredFormat" display="necessary"/>
		</cac:TaxTotal>
		<cac:Item display="necessary">
			<cbc:Description languageID=""/>
			<cbc:Name display="necessary"/>
			<cac:SellersItemIdentification>
				<cbc:ID display="necessary"/>
			</cac:SellersItemIdentification>
			<cac:StandardItemIdentification>
				<cbc:ID schemeAgencyID="" schemeID="" display="necessary"/>
			</cac:StandardItemIdentification>
			<cac:CommodityClassification type="unbounded">
				<cbc:ItemClassificationCode type="id" listAgencyID="" listID=""/>
			</cac:CommodityClassification>
			<cac:ClassifiedTaxCategory>
				<cbc:ID schemeID="" schemeAgencyID="" display="necessary"/>
				<cbc:Percent/>
				<cac:TaxScheme display="necessary">
					<cbc:ID schemeID="" schemeAgencyID="" display="necessary"/>
				</cac:TaxScheme>
			</cac:ClassifiedTaxCategory>
			<cac:AdditionalItemProperty type="unbounded">
				<cbc:Name type="id" display="necessary"/>
				<cbc:Value display="necessary"/>
			</cac:AdditionalItemProperty>
		</cac:Item>
		<cac:Price display="necessary">
			<cbc:PriceAmount currencyID="currency" type="requiredFormat" display="necessary"/>
			<cbc:BaseQuantity unitCode="" type="requiredFormat"/>
			<cac:AllowanceCharge>
				<cbc:ChargeIndicator display="necessary"/>
				<cbc:AllowanceChargeReason/>
				<cbc:MultiplierFactorNumeric/>
				<cbc:Amount currencyID="currency" type="requiredFormat" display="necessary"/>
				<cbc:BaseAmount currencyID="currency" type="requiredFormat"/>
			</cac:AllowanceCharge>
		</cac:Price>
	</cac:InvoiceLine>
</Invoice>
