<?xml version="1.0" encoding="UTF-8" standalone="yes"?>
<ValidationResult DocumentCore="BiiCoreTrdm019" OverallSuccess="true" Profile="BII01" xmlns="http://peppol.eu/validation/engine/result">
  <ResultLayers>
    <ResultLayer>
      <Code>1</Code>
      <Name>Technical Structure</Name>
      <ValidationGroup>bii_conformance</ValidationGroup>
      <ValidationType>schema</ValidationType>
      <ValidationDoc>ubl20:Catalogue</ValidationDoc>
      <Result>
        <Message flag="success">Validation successful.</Message>
      </Result>
    </ResultLayer>
    <ResultLayer>
      <Code>2</Code>
      <Name>Basic</Name>
      <ValidationGroup>bii_conformance</ValidationGroup>
      <ValidationType>schematron</ValidationType>
      <ValidationDoc>ValidationEngine/validators/sch/Catalogue.sch</ValidationDoc>
      <Result>
        <Message field="/*[local-name()=&#39;Catalogue&#39;]/*[local-name()=&#39;ProviderParty&#39;]/*[local-name()=&#39;PostalAddress&#39;]" flag="warn" resource="C:\temp\Peppol-New\java\demo-client\demo_client\src\test\resources\xml\Catalogue.305190c2-3dc3-490b-a138-8b999c9e87f9.xml">error.address_check_streetname</Message>
        <Message field="/*[local-name()=&#39;Catalogue&#39;]/*[local-name()=&#39;ProviderParty&#39;]/*[local-name()=&#39;PostalAddress&#39;]" flag="warn" resource="C:\temp\Peppol-New\java\demo-client\demo_client\src\test\resources\xml\Catalogue.305190c2-3dc3-490b-a138-8b999c9e87f9.xml">error.address_check_cityname</Message>
        <Message field="/*[local-name()=&#39;Catalogue&#39;]/*[local-name()=&#39;ProviderParty&#39;]/*[local-name()=&#39;PostalAddress&#39;]" flag="warn" resource="C:\temp\Peppol-New\java\demo-client\demo_client\src\test\resources\xml\Catalogue.305190c2-3dc3-490b-a138-8b999c9e87f9.xml">error.address_check_postalzone</Message>
      </Result>
    </ResultLayer>
    <ResultLayer>
      <Code>3</Code>
      <Name>Profile Specific</Name>
      <ValidationGroup>bii_conformance</ValidationGroup>
      <ValidationType>schematron</ValidationType>
      <ValidationDoc>ValidationEngine/validators/sch_a1l/Profile_Specific/BII01.sch</ValidationDoc>
      <Result>
        <Message flag="success">Validation successful.</Message>
      </Result>
    </ResultLayer>
    <ResultLayer>
      <Code>4</Code>
      <Name>National Requirements</Name>
      <ValidationGroup>basic_doc_extention</ValidationGroup>
      <ValidationType>schematron</ValidationType>
      <Result>
        <Message flag="warn">No validation rules are defined for this layer.</Message>
      </Result>
    </ResultLayer>
    <ResultLayer>
      <Code>5</Code>
      <Name>Industry</Name>
      <ValidationGroup>basic_doc_extention</ValidationGroup>
      <ValidationType>schematron</ValidationType>
      <Result>
        <Message flag="warn">No validation rules are defined for this layer.</Message>
      </Result>
    </ResultLayer>
    <ResultLayer>
      <Code>6</Code>
      <Name>Bilateral</Name>
      <ValidationGroup>basic_doc_extention</ValidationGroup>
      <ValidationType>schematron</ValidationType>
      <Result>
        <Message flag="warn">No validation rules are defined for this layer.</Message>
      </Result>
    </ResultLayer>
  </ResultLayers>
</ValidationResult>
