﻿<?xml version="1.0" encoding="UTF-8"?>
<OrderCancellation xmlns="urn:oasis:names:specification:ubl:schema:xsd:OrderCancellation-2"
	xmlns:cac="urn:oasis:names:specification:ubl:schema:xsd:CommonAggregateComponents-2"
	xmlns:cbc="urn:oasis:names:specification:ubl:schema:xsd:CommonBasicComponents-2">

  <cbc:UBLVersionID>2.0</cbc:UBLVersionID>
  <cbc:CustomizationID/>
  <cbc:ProfileID/>
  <cbc:ID/>
  <cbc:IssueDate/>
  <cbc:CancellationNote>Cancel</cbc:CancellationNote>
  <cac:OrderReference>
    <cbc:ID/>
  </cac:OrderReference>
  <cac:BuyerCustomerParty>
    <cac:Party>
      <cbc:EndpointID schemeAgencyID="9" schemeID="GLN"/>
      <cac:PartyName>
        <cbc:Name/>
      </cac:PartyName>
    </cac:Party>
  </cac:BuyerCustomerParty>
  <cac:SellerSupplierParty>
    <cac:Party>
      <cbc:EndpointID schemeID="DK:CVR"/>
      <cac:PartyIdentification>
      	<cbc:ID>345345</cbc:ID>
      </cac:PartyIdentification>
      <cac:PartyName>
        <cbc:Name/>
      </cac:PartyName>
    </cac:Party>
  </cac:SellerSupplierParty>
</OrderCancellation>
