<?xml version="1.0" encoding="UTF-8"?>
<Tender xmlns="urn:oasis:names:specification:ubl:schema:xsd:Tender-2"
  xmlns:cac="urn:oasis:names:specification:ubl:schema:xsd:CommonAggregateComponents-2" xmlns:cbc="urn:oasis:names:specification:ubl:schema:xsd:CommonBasicComponents-2">
  <cbc:UBLVersionID>2.0</cbc:UBLVersionID>
  <cbc:CustomizationID schemeID="PEPPOL">pa002:#</cbc:CustomizationID>
  <cbc:ProfileID>PreAward</cbc:ProfileID>
  <cbc:ID>af76ae9d-5d77-4740-956f-2a971cc9f383</cbc:ID>
  <cbc:ContractFolderID/>
  <cbc:IssueDate/>
  <cac:TendererParty>
    <cac:Party>
      <cac:PartyIdentification>
        <cbc:ID/>
      </cac:PartyIdentification>
      <cac:PartyName>
        <cbc:Name/>
      </cac:PartyName>
    </cac:Party>
  </cac:TendererParty>
  <cac:ContractingParty>
    <cac:Party>
      <cac:PartyIdentification>
        <cbc:ID/>
      </cac:PartyIdentification>
      <cac:PartyName>
        <cbc:Name>Claudia Schmidt</cbc:Name>
      </cac:PartyName>
    </cac:Party>
  </cac:ContractingParty>
  <cac:TenderedProject>
    <cac:TenderLine>
      <cbc:ID>1</cbc:ID>
      <cbc:Note/>
      <cbc:ContentUnit/>
      <cac:Item>
        <cbc:PackQuantity>100</cbc:PackQuantity>
        <cbc:PackSizeNumeric>5</cbc:PackSizeNumeric>
        <cbc:Name>Copy paper</cbc:Name>
        <cac:CommodityClassification>
          <cbc:CommodityCode>eCl@ss</cbc:CommodityCode>
          <cbc:ItemClassificationCode>0173-1#01-AKM608#007</cbc:ItemClassificationCode>
        </cac:CommodityClassification>
        <cac:AdditionalItemProperty>
          <cbc:ID>1</cbc:ID>
          <cbc:Name>Product type description</cbc:Name>
          <cbc:Value/>
          <cac:ItemPropertyGroup>
            <cbc:ID>0173-1#02-BAA002#002</cbc:ID>
          </cac:ItemPropertyGroup>
        </cac:AdditionalItemProperty>
        <cac:AdditionalItemProperty>
          <cbc:ID>2</cbc:ID>
          <cbc:Name>Manufacturer name</cbc:Name>
          <cbc:Value/>
          <cac:ItemPropertyGroup>
            <cbc:ID>0173-1#02-BAA001#003</cbc:ID>
          </cac:ItemPropertyGroup>
        </cac:AdditionalItemProperty>
        <cac:AdditionalItemProperty>
          <cbc:ID>3</cbc:ID>
          <cbc:Name>Product name</cbc:Name>
          <cbc:Value/>
          <cac:ItemPropertyGroup>
            <cbc:ID>0173-1#02-BAA316#003</cbc:ID>
          </cac:ItemPropertyGroup>
        </cac:AdditionalItemProperty>
        <cac:AdditionalItemProperty>
          <cbc:ID>4</cbc:ID>
          <cbc:Name>customs tariff number</cbc:Name>
          <cbc:Value/>
          <cac:ItemPropertyGroup>
            <cbc:ID>0173-1#02-AAD931#001</cbc:ID>
          </cac:ItemPropertyGroup>
        </cac:AdditionalItemProperty>
        <cac:AdditionalItemProperty>
          <cbc:ID>5</cbc:ID>
          <cbc:Name>additional link address</cbc:Name>
          <cbc:Value/>
          <cac:ItemPropertyGroup>
            <cbc:ID>0173-1#02-AAE670#001</cbc:ID>
          </cac:ItemPropertyGroup>
        </cac:AdditionalItemProperty>
        <cac:AdditionalItemProperty>
          <cbc:ID>6</cbc:ID>
          <cbc:Name>REACH designation obligatory</cbc:Name>
          <cbc:Value/>
          <cbc:ListValue>Yes</cbc:ListValue>
          <cbc:ListValue>No</cbc:ListValue>
          <cac:ItemPropertyGroup>
            <cbc:ID>0173-1#02-AAF112#001</cbc:ID>
          </cac:ItemPropertyGroup>
        </cac:AdditionalItemProperty>
        <cac:AdditionalItemProperty>
          <cbc:ID>7</cbc:ID>
          <cbc:Name>Supplier product number</cbc:Name>
          <cbc:Value/>
          <cac:ItemPropertyGroup>
            <cbc:ID>0173-1#02-BAA059#004</cbc:ID>
          </cac:ItemPropertyGroup>
        </cac:AdditionalItemProperty>
        <cac:AdditionalItemProperty>
          <cbc:ID>8</cbc:ID>
          <cbc:Name>Manufacturer product number</cbc:Name>
          <cbc:Value/>
          <cac:ItemPropertyGroup>
            <cbc:ID>0173-1#02-BAD847#003</cbc:ID>
          </cac:ItemPropertyGroup>
        </cac:AdditionalItemProperty>
        <cac:AdditionalItemProperty>
          <cbc:ID>9</cbc:ID>
          <cbc:Name>Number of sheets per packing</cbc:Name>
          <cbc:Value/>
          <cac:ItemPropertyGroup>
            <cbc:ID>0173-1#02-BAE732#003</cbc:ID>
          </cac:ItemPropertyGroup>
        </cac:AdditionalItemProperty>
        <cac:AdditionalItemProperty>
          <cbc:ID>10</cbc:ID>
          <cbc:Name>Supplier name</cbc:Name>
          <cbc:Value/>
          <cac:ItemPropertyGroup>
            <cbc:ID>0173-1#02-BAB542#002</cbc:ID>
          </cac:ItemPropertyGroup>
        </cac:AdditionalItemProperty>
        <cac:AdditionalItemProperty>
          <cbc:ID>11</cbc:ID>
          <cbc:Name>Paper size</cbc:Name>
          <cbc:Value/>
          <cbc:ListValue>DIN A0 = 84.1 cm x 118.9 cm</cbc:ListValue>
          <cbc:ListValue>DIN A1 = 59.4 cm x 84.1 cm</cbc:ListValue>
          <cbc:ListValue>DIN A2 = 42.0 cm x 59.4 cm</cbc:ListValue>
          <cbc:ListValue>DIN A3 = 29.7 cm x 42.0 cm</cbc:ListValue>
          <cbc:ListValue>DIN A4 = 21.0 cm x 29.7 cm</cbc:ListValue>
          <cbc:ListValue>DIN A5 = 14.8 cm x 21.0 cm</cbc:ListValue>
          <cbc:ListValue>DIN A6 = 10.5 cm x 14.8 cm</cbc:ListValue>
          <cbc:ListValue>DIN 2A0 = 118.9 cm x 168.2 cm</cbc:ListValue>
          <cbc:ListValue>DIN 4A0 = 168.2 cm x 237.8 cm</cbc:ListValue>
          <cbc:ListValue>DIN A7 = 7.4 cm x 10.5 cm</cbc:ListValue>
          <cbc:ListValue>DIN A8 = 5.2 cm x 7.4 cm</cbc:ListValue>
          <cbc:ListValue>DIN A9 = 3.7 cm x 5.2 cm</cbc:ListValue>
          <cbc:ListValue>DIN A10 = 2.6 cm x 3.7 cm</cbc:ListValue>
          <cbc:ListValue>DIN B0 = 100.0 cm x 141.4 cm</cbc:ListValue>
          <cbc:ListValue>DIN B1 = 70.7 cm x 100.0 cm</cbc:ListValue>
          <cbc:ListValue>DIN B2 = 50.0 cm x 70.7 cm</cbc:ListValue>
          <cbc:ListValue>DIN B3 = 35.3 cm x 50.0 cm</cbc:ListValue>
          <cbc:ListValue>DIN B4 = 25.0 cm x 35.3 cm</cbc:ListValue>
          <cbc:ListValue>DIN B5 = 17.6 cm x 25.0 cm</cbc:ListValue>
          <cbc:ListValue>DIN B6 = 12.5 cm x 17.6 cm</cbc:ListValue>
          <cbc:ListValue>DIN C0 = 91.7 cm x 129.7 cm</cbc:ListValue>
          <cbc:ListValue>DIN C1 = 64.8 cm x 91.7 cm</cbc:ListValue>
          <cbc:ListValue>DIN C2 = 45.8 cm x 64.8 cm</cbc:ListValue>
          <cbc:ListValue>DIN C3 = 32.4 cm x 45.8 cm</cbc:ListValue>
          <cbc:ListValue>DIN C4 = 22.9 cm x 32.4 cm</cbc:ListValue>
          <cbc:ListValue>DIN C5 = 16.2 cm x 22.9 cm</cbc:ListValue>
          <cbc:ListValue>DIN C6 = 11.4 cm x 16.2 cm</cbc:ListValue>
          <cbc:ListValue>Letter 8 1/2 in x 11 in = 21.59 cm x 27.94 cm</cbc:ListValue>
          <cbc:ListValue>Letter 8 1/2 in x 14 in = 21.59 cm x 35.56 cm</cbc:ListValue>
          <cbc:ListValue>Letter 14 7/8 in x 11.69 in = 37.8 cm x 29.69 cm</cbc:ListValue>
          <cbc:ListValue>Fanfold 8.5 in x 12 in = 21.59 cm x 30.48 cm</cbc:ListValue>
          <cbc:ListValue>Fanfold 8.5 in x 13 in = 21.59 cm x 33.02 cm</cbc:ListValue>
          <cac:ItemPropertyGroup>
            <cbc:ID>0173-1#02-BAE455#003</cbc:ID>
          </cac:ItemPropertyGroup>
        </cac:AdditionalItemProperty>
        <cac:AdditionalItemProperty>
          <cbc:ID>12</cbc:ID>
          <cbc:Name>GTIN</cbc:Name>
          <cbc:Value/>
          <cac:ItemPropertyGroup>
            <cbc:ID>0173-1#02-BAA271#005</cbc:ID>
          </cac:ItemPropertyGroup>
        </cac:AdditionalItemProperty>
        <cac:AdditionalItemProperty>
          <cbc:ID>13</cbc:ID>
          <cbc:Name>Design of paper type</cbc:Name>
          <cbc:Value/>
          <cac:ItemPropertyGroup>
            <cbc:ID>0173-1#02-BAF818#002</cbc:ID>
          </cac:ItemPropertyGroup>
        </cac:AdditionalItemProperty>
        <cac:AdditionalItemProperty>
          <cbc:ID>14</cbc:ID>
          <cbc:Name>Safety data sheet obligatory</cbc:Name>
          <cbc:Value/>
          <cbc:ListValue>Yes</cbc:ListValue>
          <cbc:ListValue>No</cbc:ListValue>
          <cac:ItemPropertyGroup>
            <cbc:ID>0173-1#02-BAB678#003</cbc:ID>
          </cac:ItemPropertyGroup>
        </cac:AdditionalItemProperty>
        <cac:AdditionalItemProperty>
          <cbc:ID>15</cbc:ID>
          <cbc:Name>Description of noteworthy features</cbc:Name>
          <cbc:Value/>
          <cac:ItemPropertyGroup>
            <cbc:ID>0173-1#02-BAE967#002</cbc:ID>
          </cac:ItemPropertyGroup>
        </cac:AdditionalItemProperty>
        <cac:AdditionalItemProperty>
          <cbc:ID>16</cbc:ID>
          <cbc:Name>With guarantee</cbc:Name>
          <cbc:Value/>
          <cbc:ListValue>Yes</cbc:ListValue>
          <cbc:ListValue>No</cbc:ListValue>
          <cac:ItemPropertyGroup>
            <cbc:ID>0173-1#02-BAF340#004</cbc:ID>
          </cac:ItemPropertyGroup>
        </cac:AdditionalItemProperty>
        <cac:AdditionalItemProperty>
          <cbc:ID>17</cbc:ID>
          <cbc:Name>Square measure of paper</cbc:Name>
          <cbc:Value/>
          <cac:ItemPropertyGroup>
            <cbc:ID>0173-1#02-BAF821#003</cbc:ID>
          </cac:ItemPropertyGroup>
        </cac:AdditionalItemProperty>
        <cac:AdditionalItemProperty>
          <cbc:ID>18</cbc:ID>
          <cbc:Name>Printable on both sides</cbc:Name>
          <cbc:Value/>
          <cbc:ListValue>Yes</cbc:ListValue>
          <cbc:ListValue>No</cbc:ListValue>
          <cac:ItemPropertyGroup>
            <cbc:ID>0173-1#02-BAG524#005</cbc:ID>
          </cac:ItemPropertyGroup>
        </cac:AdditionalItemProperty>
        <cac:AdditionalItemProperty>
          <cbc:ID>19</cbc:ID>
          <cbc:Name>Duration of guarantee</cbc:Name>
          <cbc:Value/>
          <cac:ItemPropertyGroup>
            <cbc:ID>0173-1#02-BAJ015#002</cbc:ID>
          </cac:ItemPropertyGroup>
        </cac:AdditionalItemProperty>
        <cac:AdditionalItemProperty>
          <cbc:ID>20</cbc:ID>
          <cbc:Name>Color</cbc:Name>
          <cbc:Value/>
          <cbc:ListValue>Chromium</cbc:ListValue>
          <cbc:ListValue>Copper</cbc:ListValue>
          <cbc:ListValue>Orange</cbc:ListValue>
          <cbc:ListValue>White</cbc:ListValue>
          <cbc:ListValue>Black</cbc:ListValue>
          <cbc:ListValue>Brown</cbc:ListValue>
          <cbc:ListValue>Grey</cbc:ListValue>
          <cbc:ListValue>Natural</cbc:ListValue>
          <cbc:ListValue>Metal film</cbc:ListValue>
          <cbc:ListValue>Silver-plated</cbc:ListValue>
          <cbc:ListValue>anthracite</cbc:ListValue>
          <cbc:ListValue>beige</cbc:ListValue>
          <cbc:ListValue>Amber</cbc:ListValue>
          <cbc:ListValue>Ivory</cbc:ListValue>
          <cbc:ListValue>light-blue</cbc:ListValue>
          <cbc:ListValue>crystal</cbc:ListValue>
          <cbc:ListValue>Silver</cbc:ListValue>
          <cbc:ListValue>turquoise</cbc:ListValue>
          <cbc:ListValue>dark-blue</cbc:ListValue>
          <cbc:ListValue>dark-bronze</cbc:ListValue>
          <cbc:ListValue>Color combinations</cbc:ListValue>
          <cbc:ListValue>patterned</cbc:ListValue>
          <cbc:ListValue>shiny</cbc:ListValue>
          <cbc:ListValue>gold-yellow</cbc:ListValue>
          <cbc:ListValue>light-bronze</cbc:ListValue>
          <cbc:ListValue>brass-/gold-colored</cbc:ListValue>
          <cbc:ListValue>medium-bronze</cbc:ListValue>
          <cbc:ListValue>natural-colored</cbc:ListValue>
          <cbc:ListValue>nickel silver</cbc:ListValue>
          <cbc:ListValue>Niro</cbc:ListValue>
          <cbc:ListValue>Patina</cbc:ListValue>
          <cbc:ListValue>other RAL a. NCS colors</cbc:ListValue>
          <cbc:ListValue>steel-grey</cbc:ListValue>
          <cbc:ListValue>gold-plated</cbc:ListValue>
          <cbc:ListValue>white-aluminum</cbc:ListValue>
          <cbc:ListValue>Transparent</cbc:ListValue>
          <cbc:ListValue>Chromium-plated</cbc:ListValue>
          <cbc:ListValue>smoked topaz</cbc:ListValue>
          <cbc:ListValue>pearl grey</cbc:ListValue>
          <cbc:ListValue>petrol</cbc:ListValue>
          <cbc:ListValue>peach</cbc:ListValue>
          <cbc:ListValue>plum</cbc:ListValue>
          <cbc:ListValue>pine</cbc:ListValue>
          <cbc:ListValue>pink</cbc:ListValue>
          <cbc:ListValue>pistachio</cbc:ListValue>
          <cbc:ListValue>quartz</cbc:ListValue>
          <cbc:ListValue>pastel</cbc:ListValue>
          <cbc:ListValue>rosewood</cbc:ListValue>
          <cbc:ListValue>grate</cbc:ListValue>
          <cbc:ListValue>royal blue</cbc:ListValue>
          <cbc:ListValue>ruby</cbc:ListValue>
          <cbc:ListValue>sahara</cbc:ListValue>
          <cbc:ListValue>sand</cbc:ListValue>
          <cbc:ListValue>sapphire</cbc:ListValue>
          <cbc:ListValue>satina</cbc:ListValue>
          <cbc:ListValue>navy</cbc:ListValue>
          <cbc:ListValue>citron</cbc:ListValue>
          <cbc:ListValue>marine</cbc:ListValue>
          <cbc:ListValue>mauve</cbc:ListValue>
          <cbc:ListValue>sea</cbc:ListValue>
          <cbc:ListValue>metallic</cbc:ListValue>
          <cbc:ListValue>peppermint</cbc:ListValue>
          <cbc:ListValue>moss</cbc:ListValue>
          <cbc:ListValue>pastel color sorted</cbc:ListValue>
          <cbc:ListValue>negro</cbc:ListValue>
          <cbc:ListValue>neon</cbc:ListValue>
          <cbc:ListValue>ocher</cbc:ListValue>
          <cbc:ListValue>olive</cbc:ListValue>
          <cbc:ListValue>opal</cbc:ListValue>
          <cbc:ListValue>orchid</cbc:ListValue>
          <cbc:ListValue>ocean</cbc:ListValue>
          <cbc:ListValue>shocking pink</cbc:ListValue>
          <cbc:ListValue>teal</cbc:ListValue>
          <cbc:ListValue>cattail</cbc:ListValue>
          <cbc:ListValue>translucent</cbc:ListValue>
          <cbc:ListValue>wine</cbc:ListValue>
          <cbc:ListValue>sepia</cbc:ListValue>
          <cbc:ListValue>emerald</cbc:ListValue>
          <cbc:ListValue>sorted</cbc:ListValue>
          <cbc:ListValue>steel</cbc:ListValue>
          <cbc:ListValue>stone</cbc:ListValue>
          <cbc:ListValue>stratos</cbc:ListValue>
          <cbc:ListValue>fir</cbc:ListValue>
          <cbc:ListValue>ink blue</cbc:ListValue>
          <cbc:ListValue>mud</cbc:ListValue>
          <cbc:ListValue>ultramarine</cbc:ListValue>
          <cbc:ListValue>vanilla</cbc:ListValue>
          <cbc:ListValue>terracotta</cbc:ListValue>
          <cbc:ListValue>gentian</cbc:ListValue>
          <cbc:ListValue>syringa</cbc:ListValue>
          <cbc:ListValue>creme</cbc:ListValue>
          <cbc:ListValue>curry</cbc:ListValue>
          <cbc:ListValue>cyan</cbc:ListValue>
          <cbc:ListValue>dark brown</cbc:ListValue>
          <cbc:ListValue>dark green</cbc:ListValue>
          <cbc:ListValue>dark red</cbc:ListValue>
          <cbc:ListValue>ecru</cbc:ListValue>
          <cbc:ListValue>citrin</cbc:ListValue>
          <cbc:ListValue>english</cbc:ListValue>
          <cbc:ListValue>chianti</cbc:ListValue>
          <cbc:ListValue>eosin</cbc:ListValue>
          <cbc:ListValue>erica</cbc:ListValue>
          <cbc:ListValue>uncolored</cbc:ListValue>
          <cbc:ListValue>fern green</cbc:ListValue>
          <cbc:ListValue>flamingo</cbc:ListValue>
          <cbc:ListValue>bottles</cbc:ListValue>
          <cbc:ListValue>brick</cbc:ListValue>
          <cbc:ListValue>ice</cbc:ListValue>
          <cbc:ListValue>berry</cbc:ListValue>
          <cbc:ListValue>agate</cbc:ListValue>
          <cbc:ListValue>adria</cbc:ListValue>
          <cbc:ListValue>dusky pink</cbc:ListValue>
          <cbc:ListValue>amethyst</cbc:ListValue>
          <cbc:ListValue>apple</cbc:ListValue>
          <cbc:ListValue>apricot</cbc:ListValue>
          <cbc:ListValue>ashen</cbc:ListValue>
          <cbc:ListValue>aubergine</cbc:ListValue>
          <cbc:ListValue>azure</cbc:ListValue>
          <cbc:ListValue>fuchsia</cbc:ListValue>
          <cbc:ListValue>bordeaux</cbc:ListValue>
          <cbc:ListValue>brilliant</cbc:ListValue>
          <cbc:ListValue>blackberry</cbc:ListValue>
          <cbc:ListValue>colored</cbc:ListValue>
          <cbc:ListValue>burgundy</cbc:ListValue>
          <cbc:ListValue>cappuccino</cbc:ListValue>
          <cbc:ListValue>chamois</cbc:ListValue>
          <cbc:ListValue>champagner</cbc:ListValue>
          <cbc:ListValue>oyster</cbc:ListValue>
          <cbc:ListValue>laurel</cbc:ListValue>
          <cbc:ListValue>sarco</cbc:ListValue>
          <cbc:ListValue>crystal color sorted</cbc:ListValue>
          <cbc:ListValue>salmon</cbc:ListValue>
          <cbc:ListValue>lagoon</cbc:ListValue>
          <cbc:ListValue>lavender</cbc:ListValue>
          <cbc:ListValue>neon color sorted</cbc:ListValue>
          <cbc:ListValue>light grey</cbc:ListValue>
          <cbc:ListValue>purple</cbc:ListValue>
          <cbc:ListValue>corn</cbc:ListValue>
          <cbc:ListValue>dulcet</cbc:ListValue>
          <cbc:ListValue>coral</cbc:ListValue>
          <cbc:ListValue>magenta</cbc:ListValue>
          <cbc:ListValue>mandarin</cbc:ListValue>
          <cbc:ListValue>manganese</cbc:ListValue>
          <cbc:ListValue>mango</cbc:ListValue>
          <cbc:ListValue>terminal</cbc:ListValue>
          <cbc:ListValue>viridian</cbc:ListValue>
          <cbc:ListValue>water</cbc:ListValue>
          <cbc:ListValue>lime</cbc:ListValue>
          <cbc:ListValue>light red</cbc:ListValue>
          <cbc:ListValue>crystal clear</cbc:ListValue>
          <cbc:ListValue>graphite</cbc:ListValue>
          <cbc:ListValue>grass</cbc:ListValue>
          <cbc:ListValue>basic + neon color sorted</cbc:ListValue>
          <cbc:ListValue>basic color sorted</cbc:ListValue>
          <cbc:ListValue>blueberry</cbc:ListValue>
          <cbc:ListValue>heliotrop</cbc:ListValue>
          <cbc:ListValue>light brown</cbc:ListValue>
          <cbc:ListValue>cosmos blue</cbc:ListValue>
          <cbc:ListValue>light green</cbc:ListValue>
          <cbc:ListValue>gently</cbc:ListValue>
          <cbc:ListValue>indigo</cbc:ListValue>
          <cbc:ListValue>jade</cbc:ListValue>
          <cbc:ListValue>cardinal</cbc:ListValue>
          <cbc:ListValue>carmine</cbc:ListValue>
          <cbc:ListValue>kiwi</cbc:ListValue>
          <cbc:ListValue>cobalt</cbc:ListValue>
          <cbc:ListValue>king blue</cbc:ListValue>
          <cbc:ListValue>light yellow</cbc:ListValue>
          <cbc:ListValue>gold</cbc:ListValue>
          <cbc:ListValue>red</cbc:ListValue>
          <cbc:ListValue>yellow</cbc:ListValue>
          <cbc:ListValue>Blue</cbc:ListValue>
          <cbc:ListValue>green</cbc:ListValue>
          <cbc:ListValue>violet</cbc:ListValue>
          <cbc:ListValue>Brass</cbc:ListValue>
          <cbc:ListValue>Bronze</cbc:ListValue>
          <cac:ItemPropertyGroup>
            <cbc:ID>0173-1#02-BAA351#007</cbc:ID>
          </cac:ItemPropertyGroup>
        </cac:AdditionalItemProperty>
        <cac:AdditionalItemProperty>
          <cbc:ID>21</cbc:ID>
          <cbc:Name>Certificates and permits</cbc:Name>
          <cbc:Value/>
          <cbc:ListValue>PEFC</cbc:ListValue>
          <cbc:ListValue>EnergyStar</cbc:ListValue>
          <cbc:ListValue>ECO-circle</cbc:ListValue>
          <cbc:ListValue>GS mark of conformity</cbc:ListValue>
          <cbc:ListValue>TÜV sign</cbc:ListValue>
          <cbc:ListValue>VDE sign</cbc:ListValue>
          <cbc:ListValue>VDE-GS sign</cbc:ListValue>
          <cbc:ListValue>TCO 05</cbc:ListValue>
          <cbc:ListValue>VDE mark of conformity</cbc:ListValue>
          <cbc:ListValue>CECC mark of conformity</cbc:ListValue>
          <cbc:ListValue>VDE-EMV sign</cbc:ListValue>
          <cbc:ListValue>Nordic Swan</cbc:ListValue>
          <cbc:ListValue>Österreichische Umweltzeichenrichtlinie UZ 11 (Austrian eco-label UZ 1</cbc:ListValue>
          <cbc:ListValue>EU Eco-label</cbc:ListValue>
          <cbc:ListValue>eco-INSTITUT</cbc:ListValue>
          <cbc:ListValue>TCO 03</cbc:ListValue>
          <cbc:ListValue>TCO 01</cbc:ListValue>
          <cbc:ListValue>GEEA Energy label</cbc:ListValue>
          <cbc:ListValue>LGA pollutant tested</cbc:ListValue>
          <cbc:ListValue>QUALITY OFFICE</cbc:ListValue>
          <cbc:ListValue>BG-PRÜFZERT</cbc:ListValue>
          <cbc:ListValue>Eugropa</cbc:ListValue>
          <cbc:ListValue>Forest Stewardship Council (FSC)</cbc:ListValue>
          <cbc:ListValue>spiel gut</cbc:ListValue>
          <cbc:ListValue>TCO 99</cbc:ListValue>
          <cbc:ListValue>Paper by Nature</cbc:ListValue>
          <cbc:ListValue>EN 13432 Requirements f. packaging recoverable through composting/biod</cbc:ListValue>
          <cbc:ListValue>EN71</cbc:ListValue>
          <cbc:ListValue>CE</cbc:ListValue>
          <cbc:ListValue>Blue angel</cbc:ListValue>
          <cac:ItemPropertyGroup>
            <cbc:ID>0173-1#02-BAB392#005</cbc:ID>
          </cac:ItemPropertyGroup>
        </cac:AdditionalItemProperty>
      </cac:Item>
    </cac:TenderLine>
  </cac:TenderedProject>
</Tender>
