<?xml version="1.0" encoding="UTF-8"?>
<Invoice xmlns="urn:oasis:names:specification:ubl:schema:xsd:Invoice-2"
  xmlns:cac="urn:oasis:names:specification:ubl:schema:xsd:CommonAggregateComponents-2" xmlns:cbc="urn:oasis:names:specification:ubl:schema:xsd:CommonBasicComponents-2">
  <cbc:UBLVersionID>2.0</cbc:UBLVersionID>
  <cbc:CustomizationID schemeID="PEPPOL">urn:www.cenbii.eu:transaction:BiiCoreTrdm010:ver1.0:#urn:www.peppol.eu:bis:peppol6a:ver1.0</cbc:CustomizationID>
  <cbc:ProfileID>urn:www.cenbii.eu:profile:bii06:ver1.0</cbc:ProfileID>
  <cbc:ID>747127e6-36d1-4bc3-9e83-f739ca1e43f4</cbc:ID>
  <cbc:IssueDate/>
  <cbc:InvoiceTypeCode/>
  <cbc:Note>SampleNote</cbc:Note>
  <cbc:DocumentCurrencyCode>DKK</cbc:DocumentCurrencyCode>
  <cbc:AccountingCost>Buyer's accounting code</cbc:AccountingCost>
  <cac:OrderReference>
    <cbc:ID>123</cbc:ID>
  </cac:OrderReference>
  <cac:AccountingSupplierParty>
    <cac:Party>
      <cbc:EndpointID schemeID="GLN">22</cbc:EndpointID>
      <cac:PartyIdentification>
        <cbc:ID schemeID="GLN">22</cbc:ID>
      </cac:PartyIdentification>
      <cac:PartyName>
        <cbc:Name>Claudia Schmidt</cbc:Name>
      </cac:PartyName>
      <cac:PostalAddress>
        <cbc:ID>ID001</cbc:ID>
        <cbc:Postbox>TestPostbox</cbc:Postbox>
        <cbc:StreetName>Nature drive</cbc:StreetName>
        <cbc:AdditionalStreetName>TestAdditionalStreetName</cbc:AdditionalStreetName>
        <cbc:BuildingNumber>10</cbc:BuildingNumber>
        <cbc:Department>DP01</cbc:Department>
        <cbc:CityName>Name of the city</cbc:CityName>
        <cbc:PostalZone>3000</cbc:PostalZone>
        <cbc:CountrySubentity>For specifying a region county state</cbc:CountrySubentity>
      </cac:PostalAddress>
      <cac:PartyLegalEntity>
        <cbc:RegistrationName>The name of a party as registered with the legal authority.</cbc:RegistrationName>
        <cbc:CompanyID>Identifies a company as registered with the company registration scheme</cbc:CompanyID>
        <cac:RegistrationAddress>
          <cbc:CityName>The name of a city town or village.</cbc:CityName>
          <cbc:CountrySubentity>For specifying a region county state</cbc:CountrySubentity>
        </cac:RegistrationAddress>
      </cac:PartyLegalEntity>
      <cac:Contact>
        <cbc:Telephone>26532147</cbc:Telephone>
        <cbc:Telefax>26532147</cbc:Telefax>
        <cbc:ElectronicMail>Linda@ea.dk</cbc:ElectronicMail>
      </cac:Contact>
      <cac:Person>
        <cbc:FirstName>Linda</cbc:FirstName>
        <cbc:FamilyName>Garsh</cbc:FamilyName>
        <cbc:MiddleName>Smith</cbc:MiddleName>
        <cbc:JobTitle>AED</cbc:JobTitle>
      </cac:Person>
    </cac:Party>
  </cac:AccountingSupplierParty>
  <cac:AccountingCustomerParty>
    <cac:Party>
      <cbc:EndpointID schemeID="GLN">11</cbc:EndpointID>
      <cac:PartyIdentification>
        <cbc:ID schemeID="GLN">11</cbc:ID>
      </cac:PartyIdentification>
      <cac:PartyName>
        <cbc:Name>Michael Johnsson</cbc:Name>
      </cac:PartyName>
      <cac:PostalAddress>
        <cbc:ID>PA001</cbc:ID>
        <cbc:Postbox>TestPostboxNumber</cbc:Postbox>
        <cbc:StreetName>TestStreetName</cbc:StreetName>
        <cbc:AdditionalStreetName>TestAdditionalStreetName</cbc:AdditionalStreetName>
        <cbc:BuildingNumber>10</cbc:BuildingNumber>
        <cbc:Department>DP001</cbc:Department>
        <cbc:CityName>Cherryville</cbc:CityName>
        <cbc:PostalZone>3000</cbc:PostalZone>
        <cbc:CountrySubentity>For specifying a region</cbc:CountrySubentity>
        <cac:Country>
          <cbc:IdentificationCode>DK</cbc:IdentificationCode>
        </cac:Country>
      </cac:PostalAddress>
      <cac:PartyLegalEntity>
        <cbc:RegistrationName>The name of a party as registered with the legal authority.</cbc:RegistrationName>
        <cbc:CompanyID>Identifies a company as registered with the company registration scheme</cbc:CompanyID>
        <cac:RegistrationAddress>
          <cbc:CityName>The name of a city town or village.</cbc:CityName>
          <cbc:CountrySubentity>For specifying a region county state</cbc:CountrySubentity>
          <cac:Country>
            <cbc:IdentificationCode>CI001</cbc:IdentificationCode>
          </cac:Country>
        </cac:RegistrationAddress>
      </cac:PartyLegalEntity>
      <cac:Contact>
        <cbc:ID>26532147</cbc:ID>
        <cbc:Telephone>26532147</cbc:Telephone>
        <cbc:Telefax>Linda@ea.dk</cbc:Telefax>
        <cbc:ElectronicMail>Linda</cbc:ElectronicMail>
      </cac:Contact>
      <cac:Person>
        <cbc:FirstName>Garsh</cbc:FirstName>
        <cbc:FamilyName>Smith</cbc:FamilyName>
        <cbc:MiddleName>AED</cbc:MiddleName>
      </cac:Person>
    </cac:Party>
  </cac:AccountingCustomerParty>
  <cac:Delivery>
    <cac:DeliveryLocation>
      <cac:Address>
        <cbc:StreetName>TestStreetName</cbc:StreetName>
        <cbc:AdditionalStreetName>TestAdditionalStreetname</cbc:AdditionalStreetName>
        <cbc:BuildingNumber>10</cbc:BuildingNumber>
        <cbc:CityName>TestCityName</cbc:CityName>
        <cbc:PostalZone>3000</cbc:PostalZone>
        <cbc:CountrySubentity>For specifying a region county state</cbc:CountrySubentity>
        <cac:Country>
          <cbc:IdentificationCode>An identifier for the Country</cbc:IdentificationCode>
        </cac:Country>
      </cac:Address>
    </cac:DeliveryLocation>
  </cac:Delivery>
  <cac:TaxTotal>
    <cbc:TaxAmount/>
  </cac:TaxTotal>
  <cac:LegalMonetaryTotal>
    <cbc:LineExtensionAmount>10.0</cbc:LineExtensionAmount>
    <cbc:TaxExclusiveAmount/>
    <cbc:TaxInclusiveAmount/>
    <cbc:AllowanceTotalAmount>10.0</cbc:AllowanceTotalAmount>
    <cbc:ChargeTotalAmount>10.0</cbc:ChargeTotalAmount>
    <cbc:PayableAmount>10.0</cbc:PayableAmount>
  </cac:LegalMonetaryTotal>
  <cac:InvoiceLine/>
</Invoice>
