<?xml version="1.0" encoding="UTF-8"?>
<OrderCancellation
	xmlns="urn:oasis:names:specification:ubl:schema:xsd:OrderCancellation-2"
	xmlns:cac="urn:oasis:names:specification:ubl:schema:xsd:CommonAggregateComponents-2"
	xmlns:cbc="urn:oasis:names:specification:ubl:schema:xsd:CommonBasicComponents-2">
	<cbc:UBLVersionID/>
	<cbc:CustomizationID schemeID="required"/>
	<cbc:ProfileID/>
	<cbc:ID display="necessary"/>
	<cbc:IssueDate display="necessary"/>
	<cbc:CancellationNote display="necessary"/>
	<cac:OrderReference display="necessary">
		<cbc:ID display="necessary"/>
	</cac:OrderReference>
	<cac:BuyerCustomerParty display="necessary">
		<cac:Party display="necessary">
			<cbc:EndpointID schemeID="required" schemeAgencyName="required" schemeURI="required"/>
			<cac:PartyIdentification display="necessary">
				<cbc:ID schemeID="required" schemeAgencyName="required" schemeURI="required" display="necessary"/>
			</cac:PartyIdentification>
			<cac:PartyName display="necessary">
				<cbc:Name display="necessary"/>
			</cac:PartyName>
		</cac:Party>
	</cac:BuyerCustomerParty>
	<cac:SellerSupplierParty display="necessary">
		<cac:Party display="necessary">
			<cbc:EndpointID schemeID="required" schemeAgencyName="required" schemeURI="required"/>
			<cac:PartyIdentification display="necessary">
				<cbc:ID schemeID="required" schemeAgencyName="required" schemeURI="required" display="necessary"/>
			</cac:PartyIdentification>
			<cac:PartyName display="necessary">
				<cbc:Name display="necessary"/>
			</cac:PartyName>
		</cac:Party>
	</cac:SellerSupplierParty>
</OrderCancellation>