<?xml version="1.0" encoding="UTF-8"?>
<Tender>
	<cbc:UBLVersionID/>
	<cbc:CustomizationID schemeID="required"/>
	<cbc:ProfileID/>
	<cbc:ID display="necessary"/>
	<cbc:ContractFolderID display="necessary"/>
	<cbc:IssueDate display="necessary"/>
	<cac:Period>
		<cbc:StartDate/>
		<cbc:EndDate/>
	</cac:Period>
	<cac:TendererParty display="necessary">
		<cac:Party display="necessary">
			<cbc:EndpointID schemeID="required" schemeAgencyName="required" schemeURI="required"/>
			<cac:PartyIdentification display="necessary">
				<cbc:ID schemeID="required" schemeAgencyName="required" schemeURI="required" display="necessary"/>
			</cac:PartyIdentification>
			<cac:PartyName display="necessary">
				<cbc:Name display="necessary"/>
			</cac:PartyName>
			<cac:PostalAddress>
				<cbc:ID/>
				<cbc:Postbox/>
				<cbc:StreetName/>
				<cbc:AdditionalStreetName/>
				<cbc:BuildingNumber/>
				<cbc:Department/>
				<cbc:CityName/>
				<cbc:PostalZone/>
				<cbc:CountrySubentity/>
				<cac:Country>
					<cbc:IdentificationCode display="necessary"/>
				</cac:Country>
			</cac:PostalAddress>
			<cac:PartyTaxScheme>
				<cbc:CompanyID/>
			</cac:PartyTaxScheme>
			<cac:PartyLegalEntity>
				<cbc:CompanyID/>
			</cac:PartyLegalEntity>
			<cac:Contact>
				<cbc:Telephone/>
				<cbc:Telefax/>
				<cbc:ElectronicMail/>
			</cac:Contact>
			<cac:Person>
				<cbc:FirstName/>
				<cbc:FamilyName/>
				<cbc:MiddleName/>
				<cbc:JobTitle/>
			</cac:Person>
		</cac:Party>
	</cac:TendererParty>
	<cac:ContractingParty display="necessary">
		<cac:Party display="necessary">
			<cbc:EndpointID schemeID="required" schemeAgencyName="required" schemeURI="required"/>
			<cac:PartyIdentification display="necessary">
				<cbc:ID schemeID="required" schemeAgencyName="required" schemeURI="required" display="necessary"/>
			</cac:PartyIdentification>
			<cac:PartyName display="necessary">
				<cbc:Name display="necessary"/>
			</cac:PartyName>
			<cac:PostalAddress>
				<cbc:ID/>
				<cbc:Postbox/>
				<cbc:StreetName/>
				<cbc:AdditionalStreetName/>
				<cbc:BuildingNumber/>
				<cbc:CityName/>
				<cbc:PostalZone/>
				<cbc:CountrySubentity/>
				<cac:Country>
					<cbc:IdentificationCode display="necessary"/>
				</cac:Country>
			</cac:PostalAddress>
			<cac:PartyTaxScheme>
				<cbc:CompanyID display="necessary"/>
			</cac:PartyTaxScheme>
			<cac:PartyLegalEntity>
				<cbc:CompanyID display="necessary"/>
			</cac:PartyLegalEntity>
			<cac:Contact>
				<cbc:Telephone/>
				<cbc:Telefax/>
				<cbc:ElectronicMail/>
			</cac:Contact>
			<cac:Person>
				<cbc:FirstName/>
				<cbc:FamilyName/>
				<cbc:MiddleName/>
				<cbc:JobTitle/>
			</cac:Person>
		</cac:Party>
	</cac:ContractingParty>
	<cac:TenderedProject display="necessary">
		<cbc:ID/>
		<cbc:Description/>
		<cac:TenderLine type="line">
			<cbc:ID type="lineId"/>
			<cbc:ReferenceID/>
			<cbc:Note display="necessary"/>
			<cbc:OrderableUnit/>
			<cbc:ContentUnit display="necessary"/>
			<cbc:OrderQuantityIncrement/>
			<cbc:MinimumOrderQuantity/>
			<cbc:MaximumOrderQuantity/>
			<cbc:WarrantyInformation/>
			<cac:OfferedItemLocationQuantity type="unbounded">
				<cbc:LeadTimeMeasure/>
				<cbc:MinimumQuantity/>
				<cbc:MaximumQuantity/>
				<cac:ApplicableTerritoryAddress>
					<cbc:ID type="id"/>
					<cbc:AddressTypeCode/>
					<cbc:StreetName/>
					<cbc:AdditionalStreetName/>
					<cbc:BuildingNumber/>
					<cbc:CityName/>
					<cbc:PostalZone/>
					<cbc:CountrySubentity/>
					<cbc:Region/>
					<cac:Country>
						<cbc:IdentificationCode display="necessary"/>
					</cac:Country>
				</cac:ApplicableTerritoryAddress>
				<cac:Price>
					<cbc:PriceAmount currencyID="required" display="necessary"/>
					<cbc:BaseQuantity/>
					<cac:ValidityPeriod>
						<cbc:StartDate/>
						<cbc:EndDate/>
					</cac:ValidityPeriod>
				</cac:Price>
			</cac:OfferedItemLocationQuantity>
			<cac:Item display="necessary">
				<cbc:Description/>
				<cbc:PackQuantity/>
				<cbc:PackSizeNumeric/>
				<cbc:Name/>
				<cbc:HazardousRiskIndicator/>
				<cbc:Keyword type="unbounded" type2="id"/>
				<cbc:BrandName type="unbounded" type2="id"/>
				<cbc:ModelName type="unbounded" type2="id"/>
				<cac:SellersItemIdentification>
					<cbc:ID display="necessary"/>
					<cbc:ExtendedID/>
				</cac:SellersItemIdentification>
				<cac:ManufacturersItemIdentification>
					<cbc:ID display="necessary"/>
				</cac:ManufacturersItemIdentification>
				<cac:StandardItemIdentification>
					<cbc:ID display="necessary"/>
				</cac:StandardItemIdentification>
				<cac:ItemSpecificationDocumentReference>
					<cbc:ID display="necessary"/>
					<cbc:DocumentType/>
					<cac:Attachment>
						<cbc:EmbeddedDocumentBinaryObject/>
						<cac:ExternalReference>
							<cbc:URI display="necessary"/>
						</cac:ExternalReference>
					</cac:Attachment>
				</cac:ItemSpecificationDocumentReference>
				<cac:OriginCountry>
					<cbc:IdentificationCode display="necessary"/>
				</cac:OriginCountry>
				<cac:CommodityClassification type="unbounded">
					<cbc:CommodityCode type="id" display="necessary"/>
					<cbc:ItemClassificationCode display="necessary"/>
				</cac:CommodityClassification>
				<cac:HazardousItem type="unbounded"	>
					<cbc:UNDGCode/>
					<cbc:HazardClassID type="id"/>
				</cac:HazardousItem>
				<cac:ClassifiedTaxCategory>
					<cbc:ID display="necessary"/>
					<cac:TaxScheme display="necessary">
						<cbc:ID display="necessary"/>
					</cac:TaxScheme>
				</cac:ClassifiedTaxCategory>
				<cac:AdditionalItemProperty type="unbounded">
					<cbc:ID type="id"/>
					<cbc:Name display="necessary"/>
					<cbc:TestMethod/>
					<cbc:Value display="necessary"/>
					<cbc:ListValue type="unbounded" type2="id"/>
					<cac:ItemPropertyRange>
						<cbc:MinimumValueText/>
						<cbc:MaximumValueText/>
					</cac:ItemPropertyRange>
					<cac:ItemPropertyGroup type="unbounded">
						<cbc:ID type="id" display="necessary"/>
						<cbc:ParentID/>
						<cbc:Name/>
					</cac:ItemPropertyGroup>
				</cac:AdditionalItemProperty>
				<cac:ManufacturerParty>
					<cac:PartyName>
						<cbc:Name display="necessary"/>
					</cac:PartyName>
				</cac:ManufacturerParty>
				<cac:ItemInstance>
					<cac:LotIdentification>
						<cbc:ExpiryDate/>
					</cac:LotIdentification>
				</cac:ItemInstance>
			</cac:Item>
		</cac:TenderLine>
	</cac:TenderedProject>
</Tender>