<?xml version="1.0" encoding="UTF-8"?><DEMOConfiguration xmlns:xsd="http://www.w3.org/2001/XMLSchema" xmlns:xsi="http://www.w3.org/2001/XMLSchema-instance">
	<ConfigurationSection xsi:type="DEMOClientMessageStoreConfiguration">
		<TimedFileListenerConfigurations>
	  		<TimedFileListenerConfiguration>
	  			<name>DropListening</name>
	    		<ListenDirectory/>
	    		<PullingInterval>3000</PullingInterval>
	    		<Extension>xml</Extension>
	  		</TimedFileListenerConfiguration>
	  		<TimedFileListenerConfiguration>
	  			<name>IncomingDropListening</name>
	    		<ListenDirectory/>
	    		<PullingInterval>3000</PullingInterval>
	    		<Extension>xml</Extension>
	  		</TimedFileListenerConfiguration>
	  	</TimedFileListenerConfigurations>
  	</ConfigurationSection>
  	<ConfigurationSection xsi:type="DEMOClientServerConfiguration">
		<Account>
  			<DemoRepository>DEMORepository</DemoRepository>
  			<server>https://lime-ap.alfa1lab.com/wstransferService</server>
  			<sendchannel/>
  			<receivechannel/>
  			<username/>
  			<userpassword/>
		</Account>
  	</ConfigurationSection>
  	<ConfigurationSection xsi:type="DEMOClientVersion">
  		<version>0.9.7.0</version>
 	</ConfigurationSection>
</DEMOConfiguration>
