<?xml version="1.0" encoding="UTF-8"?>
<Order xmlns="urn:oasis:names:specification:ubl:schema:xsd:Order-2"
  xmlns:cac="urn:oasis:names:specification:ubl:schema:xsd:CommonAggregateComponents-2" xmlns:cbc="urn:oasis:names:specification:ubl:schema:xsd:CommonBasicComponents-2">
  <cbc:UBLVersionID>2</cbc:UBLVersionID>
  <cbc:CustomizationID schemeID="PEPPOL">urn:www.cenbii.eu:transaction:biicoretrdm001:ver1.0:#urn:www.peppol.eu:bis:peppol3a:ver1.0</cbc:CustomizationID>
  <cbc:ProfileID>urn:www.cenbii.eu:profile:bii03:ver1.0</cbc:ProfileID>
  <cbc:ID>8c2a10ee-5016-48d6-95e5-ebd77f8557c7</cbc:ID>
  <cbc:IssueDate>2010-07-21</cbc:IssueDate>
  <cac:ValidityPeriod>
    <cbc:EndDate>2011-08-21</cbc:EndDate>
  </cac:ValidityPeriod>
  <cac:BuyerCustomerParty>
    <cac:Party>
      <cbc:EndpointID schemeID="IBAN">51000004</cbc:EndpointID>
      <cac:PartyIdentification>
        <cbc:ID schemeID="IBAN">51000004</cbc:ID>
      </cac:PartyIdentification>
      <cac:PartyName>
        <cbc:Name>Customer name</cbc:Name>
      </cac:PartyName>
      <cac:PostalAddress>
        <cbc:Postbox>PO BOX Number</cbc:Postbox>
        <cbc:StreetName>Street</cbc:StreetName>
        <cbc:CityName>City</cbc:CityName>
        <cbc:PostalZone>ZC98</cbc:PostalZone>
        <cbc:CountrySubentity>Federal State</cbc:CountrySubentity>
        <cac:Country>
          <cbc:IdentificationCode>DK</cbc:IdentificationCode>
        </cac:Country>
      </cac:PostalAddress>
      <cac:PartyLegalEntity>
        <cbc:CompanyID>CID93487</cbc:CompanyID>
      </cac:PartyLegalEntity>
      <cac:Contact>
        <cbc:Telephone>345867354</cbc:Telephone>
        <cbc:Telefax>3489759387</cbc:Telefax>
        <cbc:ElectronicMail>mail@mail.com</cbc:ElectronicMail>
      </cac:Contact>
      <cac:Person>
        <cbc:FirstName>Contact</cbc:FirstName>
        <cbc:MiddleName>Person</cbc:MiddleName>
      </cac:Person>
    </cac:Party>
  </cac:BuyerCustomerParty>
  <cac:SellerSupplierParty>
    <cac:Party>
      <cbc:EndpointID schemeID="ISO6523">51000003</cbc:EndpointID>
      <cac:PartyIdentification>
        <cbc:ID schemeID="ISO6523">51000003</cbc:ID>
      </cac:PartyIdentification>
      <cac:PartyName>
        <cbc:Name>Name</cbc:Name>
      </cac:PartyName>
      <cac:PostalAddress>
        <cbc:Postbox>POBOX348</cbc:Postbox>
        <cbc:StreetName>Street</cbc:StreetName>
        <cbc:Department>Address</cbc:Department>
        <cbc:CityName>Town</cbc:CityName>
        <cbc:PostalZone>ZC98</cbc:PostalZone>
        <cbc:CountrySubentity>Fed State</cbc:CountrySubentity>
        <cac:Country>
          <cbc:IdentificationCode>DK</cbc:IdentificationCode>
        </cac:Country>
      </cac:PostalAddress>
      <cac:PartyLegalEntity>
        <cbc:CompanyID>PLE985</cbc:CompanyID>
      </cac:PartyLegalEntity>
      <cac:Contact>
        <cbc:Telephone>94328579</cbc:Telephone>
        <cbc:Telefax>34563472</cbc:Telefax>
        <cbc:ElectronicMail>mailseller@mail.com</cbc:ElectronicMail>
      </cac:Contact>
      <cac:Person>
        <cbc:FirstName>Party</cbc:FirstName>
        <cbc:MiddleName>person</cbc:MiddleName>
      </cac:Person>
    </cac:Party>
  </cac:SellerSupplierParty>
  <cac:OriginatorCustomerParty>
    <cac:Party>
      <cac:PartyIdentification>
        <cbc:ID/>
      </cac:PartyIdentification>
      <cac:PartyName>
        <cbc:Name/>
      </cac:PartyName>
    </cac:Party>
  </cac:OriginatorCustomerParty>
  <cac:Delivery/>
  <cac:OrderLine>
    <cac:LineItem>
      <cbc:ID>2</cbc:ID>
      <cbc:Quantity/>
      <cac:Item>
        <cbc:Description>HP 6530B 2.4GHZ AZERTY</cbc:Description>
        <cbc:Name>HP 6530b</cbc:Name>
        <cac:SellersItemIdentification>
          <cbc:ID>CE_GW688AVAZBE</cbc:ID>
        </cac:SellersItemIdentification>
        <cac:StandardItemIdentification>
          <cbc:ID>SA_GW688AVAZBE</cbc:ID>
        </cac:StandardItemIdentification>
      </cac:Item>
    </cac:LineItem>
  </cac:OrderLine>
  <cac:OrderLine>
    <cac:LineItem>
      <cbc:ID>1</cbc:ID>
      <cbc:Quantity/>
      <cac:Item>
        <cbc:Description>HP 6530B 2.4GHZ AZERTY</cbc:Description>
        <cbc:Name>HP 6530b</cbc:Name>
        <cac:SellersItemIdentification>
          <cbc:ID>CE_GW688AVAZBE</cbc:ID>
        </cac:SellersItemIdentification>
        <cac:StandardItemIdentification>
          <cbc:ID>SA_GW688AVAZBE</cbc:ID>
        </cac:StandardItemIdentification>
      </cac:Item>
    </cac:LineItem>
  </cac:OrderLine>
</Order>
