<?xml version="1.0" encoding="UTF-8"?>
<Order submitInvoice="165" submitInvoiceIdPosition="0" idPosition="1">
	<cbc:UBLVersionID display="necessary" submitInvoice="mapped:8"/>
	<cbc:CustomizationID schemeID="required" display="necessary" submitInvoice="mapped:9-schemeID/10"/>
	<cbc:ProfileID display="necessary" submitInvoice="mapped:11"/>
	<cbc:ID display="necessary"/>
	<cbc:IssueDate display="necessary" submitInvoice="mapped:13"/>
	<cbc:IssueTime/>
	<cbc:Note submitInvoice="mapped:15"/>
	<cbc:DocumentCurrencyCode submitInvoice="mapped:17"/>
	<cbc:AccountingCost submitInvoice="mapped:18"/>
	<cac:ValidityPeriod>
		<cbc:EndDate/>
	</cac:ValidityPeriod>
	<cac:QuotationDocumentReference>
		<cbc:ID display="necessary"/>
	</cac:QuotationDocumentReference>
	<cac:OrderDocumentReference>
		<cbc:ID display="necessary" submitInvoice="mapped:21"/>
	</cac:OrderDocumentReference>
	<cac:OriginatorDocumentReference>
		<cbc:ID display="necessary"/>
		<cbc:DocumentType/>
	</cac:OriginatorDocumentReference>
	<cac:AdditionalDocumentReference type="unbounded">
		<cbc:ID type="id" display="necessary" submitInvoice="mapped:24:unbounded"/>
		<cbc:DocumentType submitInvoice="mapped:25:unbounded"/>
		<cac:Attachment>
			<cbc:EmbeddedDocumentBinaryObject mimeCode="" submitInvoice="mapped:26:unbounded"/>
			<cac:ExternalReference>
				<cbc:URI display="necessary" submitInvoice="mapped:27:unbounded"/>
			</cac:ExternalReference>
		</cac:Attachment>
	</cac:AdditionalDocumentReference>
	<cac:Contract>
		<cbc:ID display="necessary"/>
		<cbc:ContractType/>
	</cac:Contract>
	<cac:BuyerCustomerParty display="necessary">
		<cac:Party display="necessary">
			<cbc:EndpointID submitInvoice="mapped:62-schemeID/64" schemeID="required" schemeAgencyName="required" schemeURI="required"/>
			<cac:PartyIdentification display="necessary">
				<cbc:ID display="necessary" submitInvoice="mapped:66-schemeID/68" schemeID="required" schemeAgencyName="required" schemeURI="required"/>
			</cac:PartyIdentification>
			<cac:PartyName display="necessary">
				<cbc:Name display="necessary" submitInvoice="mapped:70"/>
			</cac:PartyName>
			<cac:PostalAddress>
				<cbc:ID submitInvoice="mapped:71"/>
				<cbc:Postbox submitInvoice="mapped:72"/>
				<cbc:StreetName submitInvoice="mapped:73"/>
				<cbc:AdditionalStreetName submitInvoice="mapped:74"/>
				<cbc:BuildingNumber submitInvoice="mapped:75"/>
				<cbc:Department submitInvoice="mapped:76"/>
				<cbc:CityName submitInvoice="mapped:77"/>
				<cbc:PostalZone submitInvoice="mapped:78"/>
				<cbc:CountrySubentity submitInvoice="mapped:79"/>
				<cac:Country>
					<cbc:IdentificationCode display="necessary" submitInvoice="mapped:80"/>
				</cac:Country>
			</cac:PostalAddress>
			<cac:PartyTaxScheme type="unbounded">
				<cbc:RegistrationName/>
				<cbc:CompanyID/>
				<cac:RegistrationAddress>
					<cbc:CityName/>
					<cac:Country>
						<cbc:IdentificationCode display="necessary"/>
					</cac:Country>
				</cac:RegistrationAddress>
				<cac:TaxScheme display="necessary">
					<cbc:ID type="id"/>
					<cbc:Name/>
					<cbc:TaxTypeCode/>
					<cbc:CurrencyCode/>
					<cac:JurisdictionRegionAddress>
						<cbc:AddressTypeCode/>
						<cbc:BlockName/>
						<cbc:InhouseMail/>
						<cbc:PlotIdentification/>
						<cbc:CitySubdivisionName/>
						<cbc:TimezoneOffset/>
						<cac:Country>
							<cbc:IdentificationCode display="necessary"/>
							<cbc:Name/>
						</cac:Country>
						<cac:LocationCoordinate>
							<cbc:CoordinateSystemCode display="necessary"/>
							<cbc:LatitudeDegreesMeasure display="necessary"/>
							<cbc:LatitudeMinutesMeasure display="necessary"/>
							<cbc:LatitudeDirectionCode display="necessary"/>
							<cbc:LongitudeDegreesMeasure display="necessary"/>
							<cbc:LongitudeMinutesMeasure display="necessary"/>
							<cbc:LongitudeDirectionCode display="necessary"/>
						</cac:LocationCoordinate>
					</cac:JurisdictionRegionAddress>
				</cac:TaxScheme>
			</cac:PartyTaxScheme>
			<cac:PartyLegalEntity>
				<cbc:RegistrationName submitInvoice="mapped:83"/>
				<cbc:CompanyID display="necessary" submitInvoice="mapped:84"/>
				<cac:RegistrationAddress>
					<cbc:CityName submitInvoice="mapped:85"/>
					<cbc:CountrySubentity submitInvoice="mapped:86"/>
					<cac:Country>
						<cbc:IdentificationCode display="necessary" submitInvoice="mapped:87"/>
					</cac:Country>
				</cac:RegistrationAddress>
			</cac:PartyLegalEntity>
			<cac:Contact>
				<cbc:Telephone submitInvoice="mapped:88"/>
				<cbc:Telefax submitInvoice="mapped:89"/>
				<cbc:ElectronicMail submitInvoice="mapped:90"/>
			</cac:Contact>
			<cac:Person>
				<cbc:FirstName submitInvoice="mapped:91"/>
				<cbc:FamilyName submitInvoice="mapped:92"/>
				<cbc:MiddleName submitInvoice="mapped:93"/>
				<cbc:JobTitle submitInvoice="mapped:94"/>
			</cac:Person>
		</cac:Party>
		<cac:DeliveryContact>
			<cbc:Name/>
			<cbc:Telephone/>
			<cbc:Telefax/>
			<cbc:ElectronicMail/>
		</cac:DeliveryContact>
	</cac:BuyerCustomerParty>
	<cac:SellerSupplierParty display="necessary">
		<cac:Party display="necessary">
			<cbc:EndpointID submitInvoice="mapped:28-schemeID/30" schemeID="required" schemeAgencyName="required" schemeURI="required"/>
			<cac:PartyIdentification display="necessary">
				<cbc:ID display="necessary" submitInvoice="mapped:32-schemeID/34" schemeID="required" schemeAgencyName="required" schemeURI="required"/>
			</cac:PartyIdentification>
			<cac:PartyName display="necessary">
				<cbc:Name display="necessary" submitInvoice="mapped:36"/>
			</cac:PartyName>
			<cac:PostalAddress>
				<cbc:ID submitInvoice="mapped:37"/>
				<cbc:Postbox submitInvoice="mapped:38"/>
				<cbc:StreetName submitInvoice="mapped:39"/>
				<cbc:AdditionalStreetName submitInvoice="mapped:40"/>
				<cbc:BuildingNumber submitInvoice="mapped:41"/>
				<cbc:Department submitInvoice="mapped:42"/>
				<cbc:CityName submitInvoice="mapped:43"/>
				<cbc:PostalZone submitInvoice="mapped:44"/>
				<cbc:CountrySubentity submitInvoice="mapped:45"/>
				<cac:Country>
					<cbc:IdentificationCode display="necessary" submitInvoice="mapped:46"/>
				</cac:Country>
			</cac:PostalAddress>
			<cac:PartyLegalEntity>
				<cbc:RegistrationName submitInvoice="mapped:49"/>
				<cbc:CompanyID display="necessary" submitInvoice="mapped:50"/>
				<cac:RegistrationAddress>
					<cbc:CityNam submitInvoice="mapped:51"/>
					<cbc:CountrySubentity submitInvoice="mapped:52"/>
					<cac:Country>
						<cbc:IdentificationCode display="necessary" submitInvoice="mapped:53"/>
					</cac:Country>
				</cac:RegistrationAddress>
			</cac:PartyLegalEntity>
			<cac:Contact>
				<cbc:Telephone submitInvoice="mapped:55"/>
				<cbc:Telefax submitInvoice="mapped:56"/>
				<cbc:ElectronicMail submitInvoice="mapped:57"/>
			</cac:Contact>
			<cac:Person>
				<cbc:FirstName submitInvoice="mapped:58"/>
				<cbc:FamilyName submitInvoice="mapped:59"/>
				<cbc:MiddleName submitInvoice="mapped:60"/>
				<cbc:JobTitle submitInvoice="mapped:61"/>
			</cac:Person>
		</cac:Party>
	</cac:SellerSupplierParty>
	<cac:OriginatorCustomerParty display="necessary">
		<cac:Party display="necessary">
			<cac:PartyIdentification display="necessary">
				<cbc:ID display="necessary"/>
			</cac:PartyIdentification>
			<cac:PartyName display="necessary">
				<cbc:Name display="necessary"/>
			</cac:PartyName>
			<cac:Contact>
				<cbc:Telephone/>
				<cbc:Telefax/>
				<cbc:ElectronicMail/>
			</cac:Contact>
			<cac:Person>
				<cbc:FirstName/>
				<cbc:FamilyName/>
				<cbc:MiddleName/>
				<cbc:JobTitle/>
			</cac:Person>
		</cac:Party>
	</cac:OriginatorCustomerParty>
	<cac:Delivery display="necessary">
		<cac:DeliveryLocation>
			<cac:Address>
				<cbc:ID/>
				<cbc:Postbox/>
				<cbc:StreetName submitInvoice="mapped:101"/>
				<cbc:AdditionalStreetName submitInvoice="mapped:102"/>
				<cbc:BuildingNumber submitInvoice="mapped:103"/>
				<cbc:Department/>
				<cbc:CityName submitInvoice="mapped:104"/>
				<cbc:PostalZone submitInvoice="mapped:105"/>
				<cbc:CountrySubentity submitInvoice="mapped:106"/>
				<cac:Country>
					<cbc:IdentificationCode display="necessary" submitInvoice="mapped:107"/>
				</cac:Country>
			</cac:Address>
		</cac:DeliveryLocation>
		<cac:RequestedDeliveryPeriod>
			<cbc:StartDate/>
			<cbc:EndDate/>
		</cac:RequestedDeliveryPeriod>
		<cac:DeliveryParty>
			<cac:PartyIdentification display="necessary">
				<cbc:ID display="necessary"/>
			</cac:PartyIdentification>
			<cac:PartyName display="necessary">
				<cbc:Name display="necessary"/>
			</cac:PartyName>
			<cac:Contact>
				<cbc:Name/>
				<cbc:Telephone/>
				<cbc:Telefax/>
				<cbc:ElectronicMail/>
			</cac:Contact>
		</cac:DeliveryParty>
	</cac:Delivery>
	<cac:DeliveryTerms>
		<cbc:ID/>
		<cbc:SpecialTerms/>
		<cac:DeliveryLocation>
			<cbc:ID/>
		</cac:DeliveryLocation>
	</cac:DeliveryTerms>
	<cac:AllowanceCharge type="unbounded">
		<cbc:ChargeIndicator display="necessary" submitInvoice="mapped:116:unbounded"/>
		<cbc:AllowanceChargeReason submitInvoice="mapped:117:unbounded"/>
		<cbc:Amount currencyID="currency" type="id" display="necessary" submitInvoice="mapped:118:unbounded"/>
	</cac:AllowanceCharge>
	<cac:TaxTotal type="unbounded">
		<cbc:TaxAmount currencyID="currency" type="id" display="necessary"/>
	</cac:TaxTotal>
	<cac:AnticipatedMonetaryTotal>
		<cbc:LineExtensionAmount currencyID="currency" display="necessary" submitInvoice="mapped:127"/>
		<cbc:AllowanceTotalAmount currencyID="currency" submitInvoice="mapped:130"/>
		<cbc:ChargeTotalAmount currencyID="currency" submitInvoice="mapped:131"/>
		<cbc:PayableAmount currencyID="currency" display="necessary" submitInvoice="mapped:134"/>
	</cac:AnticipatedMonetaryTotal>
	<cac:OrderLine type="line">
		<cbc:Note submitInvoice="mapped:138"/>
		<cac:LineItem display="necessary">
			<cbc:ID type="lineId" display="necessary" submitInvoice="mapped:137"/>
			<cbc:Quantity unitCode="required" type="requiredFormat" display="necessary"/>
			<cbc:LineExtensionAmount currencyID="currency" type="requiredFormat" submitInvoice="mapped:141"/>
			<cbc:TotalTaxAmount currencyID="currency" type="requiredFormat"/>
			<cbc:PartialDeliveryIndicator/>
			<cbc:AccountingCost/>
			<cac:Delivery type="unbounded">
				<cac:RequestedDeliveryPeriod>
					<cbc:StartDate type="id"/>
					<cbc:EndDate/>
				</cac:RequestedDeliveryPeriod>
			</cac:Delivery>
			<cac:OriginatorParty>
				<cac:PartyIdentification>
					<cbc:ID display="necessary"/>
				</cac:PartyIdentification>
				<cac:PartyName>
					<cbc:Name display="necessary"/>
				</cac:PartyName>
			</cac:OriginatorParty>
			<cac:Price>
				<cbc:PriceAmount currencyID="currency" type="requiredFormat" display="necessary" submitInvoice="mapped:158"/>
				<cbc:BaseQuantity type="requiredFormat" submitInvoice="mapped:159"/>
			</cac:Price>
			<cac:Item display="necessary">
				<cbc:Description submitInvoice="mapped:148"/>
				<cbc:Name submitInvoice="mapped:149"/>
				<cac:SellersItemIdentification>
					<cbc:ID display="necessary" submitInvoice="mapped:150"/>
				</cac:SellersItemIdentification>
				<cac:StandardItemIdentification>
					<cbc:ID display="necessary" submitInvoice="mapped:151"/>
				</cac:StandardItemIdentification>
				<cac:AdditionalItemProperty type="unbounded">
					<cbc:Name type="id" display="necessary" submitInvoice="mapped:156:unbounded"/>
					<cbc:Value display="necessary" submitInvoice="mapped:157:unbounded"/>
				</cac:AdditionalItemProperty>
			</cac:Item>
		</cac:LineItem>
	</cac:OrderLine>
</Order>