<?xml version="1.0" encoding="utf-8" standalone="no"?><FileSystemMetadata xmlns:xsd="http://www.w3.org/2001/XMLSchema" xmlns:xsi="http://www.w3.org/2001/XMLSchema-instance">
  <id/>
  <name/>
  <data>
    <Name/>
    <DocumentTypeName/>
    <DocumentTypeId/>
    <DocumentNamespace/>
    <DocumentSize/>
    <Sender/>
    <SenderEndpointKey/>
    <Destination/>
    <DestinationEndpointKey/>
    <DestinationEndpointKeyType/>
    <MessageStatus/>
    <ErrorMessage/>
    <UniqueDocumentId/>
    <TimeCreated/>
    <TimeSend>0001-01-01T00:00:00</TimeSend>
    <TimeSendCompleted>0001-01-01T00:00:00</TimeSendCompleted>
    <TimeRecieved>0001-01-01T00:00:00</TimeRecieved>
    <ResendAttempts>0</ResendAttempts>
    <MessageIdentifier/>
  </data>
</FileSystemMetadata>