﻿<?xml version="1.0" encoding="UTF-8"?>
<OrderChange xmlns="urn:oasis:names:specification:ubl:schema:xsd:OrderChange-2"
	xmlns:cac="urn:oasis:names:specification:ubl:schema:xsd:CommonAggregateComponents-2"
	xmlns:cbc="urn:oasis:names:specification:ubl:schema:xsd:CommonBasicComponents-2">

  <cbc:UBLVersionID>2.0</cbc:UBLVersionID>
  <cbc:CustomizationID/>
  <cbc:ProfileID/>
  <cbc:ID/>
  <cbc:IssueDate/>
  <cbc:SequenceNumberID>2009-11-01</cbc:SequenceNumberID>
  <cbc:Note>SampleNote</cbc:Note>
  <cbc:AccountingCost>Buyer's accounting code</cbc:AccountingCost>
  <cac:ValidityPeriod>
    <cbc:EndDate/>
  </cac:ValidityPeriod>
  <cac:OrderReference>
    <cbc:ID/>
  </cac:OrderReference>
  <cac:QuotationDocumentReference>
    <cbc:ID>ID123</cbc:ID>
  </cac:QuotationDocumentReference>
  <cac:AdditionalDocumentReference>
    <cbc:ID>ID0123</cbc:ID>
    <cbc:DocumentType>Counter Offer</cbc:DocumentType>
    <cac:Attachment>
          <cbc:EmbeddedDocumentBinaryObject mimeCode="text/plain"/>
          <cac:ExternalReference>
            <cbc:URI>http://spec.cenbii.eu/BII/Data/TrnsDm/CoreTrnsDm/pdf/BiiCoreTrdm001%20Order;%201.0%20;%20CENBII.pdf</cbc:URI>
          </cac:ExternalReference>
        </cac:Attachment>
  </cac:AdditionalDocumentReference>
  <cac:Contract>
    <cbc:ID>ID001</cbc:ID>
    <cbc:ContractTypeCode>TestContractType</cbc:ContractTypeCode>
  </cac:Contract>
  <cac:BuyerCustomerParty>
    <cac:Party>
      <cbc:EndpointID schemeAgencyID="9" schemeID="GLN"/>
      <cac:PartyIdentification>
        <cbc:ID schemeAgencyID="9" schemeID="GLN"/>
      </cac:PartyIdentification>
      <cac:PartyName>
        <cbc:Name/>
      </cac:PartyName>
      <cac:Contact>
      	<cbc:Telephone>4242222</cbc:Telephone>
      	<cbc:Telefax>5444654</cbc:Telefax>
      	<cbc:ElectronicMail>mdk@dnak.gob.dk</cbc:ElectronicMail>
      </cac:Contact>
      <cac:Person>
      	<cbc:FirstName>Jhonatan</cbc:FirstName>
      	<cbc:FamilyName>Gramh</cbc:FamilyName>
      	<cbc:MiddleName>Droth</cbc:MiddleName>
      	<cbc:JobTitle>EED SAE</cbc:JobTitle>
      </cac:Person>
    </cac:Party>
  </cac:BuyerCustomerParty>
  <cac:SellerSupplierParty>
    <cac:Party>
      <cbc:EndpointID schemeID="DK:CVR"/>
      <cac:PartyIdentification>
        <cbc:ID schemeAgencyID="9" schemeID="GLN">546565</cbc:ID>
      </cac:PartyIdentification>
      <cac:PartyName>
        <cbc:Name/>
      </cac:PartyName>
      <cac:Contact>
      	<cbc:Telephone>4242222</cbc:Telephone>
      	<cbc:Telefax>5444654</cbc:Telefax>
      	<cbc:ElectronicMail>jjh@dnak.gob.dk</cbc:ElectronicMail>
      </cac:Contact>
      <cac:Person>
      	<cbc:FirstName>Jhonatan</cbc:FirstName>
      	<cbc:FamilyName>Gramh</cbc:FamilyName>
      	<cbc:MiddleName>Droth</cbc:MiddleName>
      	<cbc:JobTitle>YYC</cbc:JobTitle>
      </cac:Person>
    </cac:Party>
  </cac:SellerSupplierParty>
  <cac:OriginatorCustomerParty>
    <cac:Party>
      <cac:PartyName>
        <cbc:Name>ACME supplies</cbc:Name>
      </cac:PartyName>
      <cac:Contact>
        <cbc:Name>Linda Brown</cbc:Name>
        <cbc:Telephone>26532147</cbc:Telephone>
        <cbc:Telefax>26532147</cbc:Telefax>
        <cbc:ElectronicMail>Linda@ea.dk</cbc:ElectronicMail>
      </cac:Contact>
      <cac:Person>
		<cbc:Title>Mr.</cbc:Title>
      </cac:Person>
    </cac:Party>
  </cac:OriginatorCustomerParty>
  <cac:Delivery>
    <cbc:ID>56468</cbc:ID>
    <cbc:LatestDeliveryDate/>
    <cbc:LatestDeliveryTime>10:10:10</cbc:LatestDeliveryTime>
    <cac:DeliveryLocation>
      <cbc:Description>2009-11-15</cbc:Description>
      <cbc:CountrySubentityCode>CSC001</cbc:CountrySubentityCode>
      <cac:Address>
        <cbc:ID>ID0001</cbc:ID>
        <cbc:AddressTypeCode>ATC002</cbc:AddressTypeCode>
        <cbc:Floor>Floor It</cbc:Floor>
        <cbc:Room>of. 105</cbc:Room>
        <cbc:StreetName>TestStreetName</cbc:StreetName>
        <cbc:AdditionalStreetName>TestAdditionalStreetname</cbc:AdditionalStreetName>
        <cbc:BlockName>REGION A</cbc:BlockName>
        <cbc:BuildingName>East</cbc:BuildingName>
        <cbc:BuildingNumber>10</cbc:BuildingNumber>
        <cbc:InhouseMail>Specific location within a building.</cbc:InhouseMail>
		<cbc:MarkAttention>FAO</cbc:MarkAttention>
		<cbc:MarkCare>C/O</cbc:MarkCare>
		<cbc:PlotIdentification>UD003</cbc:PlotIdentification>
		<cbc:CitySubdivisionName>District</cbc:CitySubdivisionName>
		<cbc:CityName>TestCityName</cbc:CityName>
		<cbc:PostalZone>3000</cbc:PostalZone>
		<cbc:CountrySubentity>NUT</cbc:CountrySubentity>
		<cbc:Region>Region IT</cbc:Region>
		<cbc:District>Geographical division</cbc:District>
		<cbc:TimezoneOffset>UTC</cbc:TimezoneOffset>
		<cac:AddressLine>
			<cbc:Line>15</cbc:Line>
		</cac:AddressLine>
        <cac:Country>
          <cbc:IdentificationCode>DK</cbc:IdentificationCode>
          <cbc:Name>Country Name DK</cbc:Name>
        </cac:Country>
        <cac:LocationCoordinate>
			<cbc:CoordinateSystemCode>CO0012</cbc:CoordinateSystemCode>
			<cbc:LatitudeDegreesMeasure unitCode="DD">32</cbc:LatitudeDegreesMeasure>
			<cbc:LatitudeMinutesMeasure unitCode="DD">45</cbc:LatitudeMinutesMeasure>
			<cbc:LatitudeDirectionCode>LDC</cbc:LatitudeDirectionCode>
			<cbc:LongitudeDegreesMeasure unitCode="CS">47</cbc:LongitudeDegreesMeasure>
			<cbc:LongitudeMinutesMeasure unitCode="CS">454</cbc:LongitudeMinutesMeasure>
			<cbc:LongitudeDirectionCode>7</cbc:LongitudeDirectionCode>
        </cac:LocationCoordinate>
      </cac:Address>
    </cac:DeliveryLocation>
    <cac:DeliveryParty>
      <cac:PartyName>
        <cbc:Name>ACME supplies</cbc:Name>
      </cac:PartyName>
      <cac:Contact>
        <cbc:Name>Linda Brown</cbc:Name>
        <cbc:Telephone>26532147</cbc:Telephone>
        <cbc:Telefax>26532147</cbc:Telefax>
        <cbc:ElectronicMail>Linda@ea.dk</cbc:ElectronicMail>
      </cac:Contact>
    </cac:DeliveryParty>
  </cac:Delivery>
  <cac:AllowanceCharge>
    <cbc:ChargeIndicator>true</cbc:ChargeIndicator>
    <cbc:AllowanceChargeReason>true</cbc:AllowanceChargeReason>
    <cbc:PrepaidIndicator>true</cbc:PrepaidIndicator>
    <cbc:Amount currencyID="DKK">15.5</cbc:Amount>
  </cac:AllowanceCharge>
  <cac:AnticipatedMonetaryTotal>
    <cbc:LineExtensionAmount currencyID="DKK">5000.00</cbc:LineExtensionAmount>
    <cbc:TaxExclusiveAmount currencyID="DKK">25</cbc:TaxExclusiveAmount>
    <cbc:AllowanceTotalAmount currencyID="DKK">15.00</cbc:AllowanceTotalAmount>
    <cbc:ChargeTotalAmount currencyID="DKK">15.00</cbc:ChargeTotalAmount>
    <cbc:PayableAmount currencyID="DKK">6312.50</cbc:PayableAmount>
  </cac:AnticipatedMonetaryTotal>
  <cac:OrderLine>
    <cac:LineItem>
      <cbc:ID>1</cbc:ID>
      <cbc:Quantity unitCode="EA">1.00</cbc:Quantity>
      <cbc:LineExtensionAmount currencyID="DKK">5000.00</cbc:LineExtensionAmount>
      <cac:PricingReference>
      	<cac:OriginalItemLocationQuantity>
			<cbc:LeadTimeMeasure unitCode="DAY">5</cbc:LeadTimeMeasure>
			<cbc:MinimumQuantity unitCode="BO">6</cbc:MinimumQuantity>
			<cbc:MaximumQuantity unitCode="BO">54</cbc:MaximumQuantity>
			<cbc:TradingRestrictions>trading restrictions</cbc:TradingRestrictions>
			<cac:ApplicableTerritoryAddress>
				<cbc:ID>ID001</cbc:ID>
				<cbc:AddressTypeCode>ATC12</cbc:AddressTypeCode>
				<cbc:AddressFormatCode>AFC001</cbc:AddressFormatCode>
				<cbc:Postbox>PX234</cbc:Postbox>
				<cbc:Floor>DPTO104</cbc:Floor>
				<cbc:Room>308</cbc:Room>
				<cbc:StreetName>Name of the street</cbc:StreetName>
				<cbc:AdditionalStreetName>An additional name of a street used to further specify the street name.</cbc:AdditionalStreetName>
				<cbc:BlockName>An area surrounded by streets and usually containing several buildings for this address.</cbc:BlockName>
				<cbc:BuildingName>The name of a building.</cbc:BuildingName>
				<cbc:BuildingNumber>104</cbc:BuildingNumber>
				<cbc:InhouseMail>A specific location within a building.</cbc:InhouseMail>
				<cbc:Department>An addressable department of an organization.</cbc:Department>
				<cbc:MarkAttention>FAO</cbc:MarkAttention>
				<cbc:MarkCare>C/O</cbc:MarkCare>
				<cbc:PlotIdentification>45154</cbc:PlotIdentification>
				<cbc:CitySubdivisionName>CSN71</cbc:CitySubdivisionName>
				<cbc:CityName>Name of a city</cbc:CityName>
				<cbc:PostalZone>ZIP</cbc:PostalZone>
				<cbc:CountrySubentity>region</cbc:CountrySubentity>
				<cbc:CountrySubentityCode>CSC15</cbc:CountrySubentityCode>
				<cbc:Region>Addressable region</cbc:Region>
				<cbc:District>Geographical division of a country</cbc:District>
				<cbc:TimezoneOffset>Address is situated</cbc:TimezoneOffset>
				<cac:AddressLine>
					<cbc:Line>Line of address</cbc:Line>
				</cac:AddressLine>
				<cac:Country>
					<cbc:IdentificationCode>IDC0001</cbc:IdentificationCode>
					<cbc:Name>Paris</cbc:Name>
				</cac:Country>
				<cac:LocationCoordinate>
					<cbc:CoordinateSystemCode>CSC001</cbc:CoordinateSystemCode>
					<cbc:LatitudeDegreesMeasure unitCode="DD">18</cbc:LatitudeDegreesMeasure>
					<cbc:LatitudeMinutesMeasure unitCode="DD">14</cbc:LatitudeMinutesMeasure>
					<cbc:LatitudeDirectionCode>LDC114</cbc:LatitudeDirectionCode>
					<cbc:LongitudeDegreesMeasure unitCode="CS">1454</cbc:LongitudeDegreesMeasure>
					<cbc:LongitudeMinutesMeasure unitCode="CS">45</cbc:LongitudeMinutesMeasure>
					<cbc:LongitudeDirectionCode>LDC123</cbc:LongitudeDirectionCode>
				</cac:LocationCoordinate>
			</cac:ApplicableTerritoryAddress>
			<cac:Price>
				<cbc:PriceAmount currencyID="DKK">453.00</cbc:PriceAmount>
				<cbc:BaseQuantity>80.00</cbc:BaseQuantity>
				<cbc:PriceTypeCode>C54</cbc:PriceTypeCode>
				<cbc:PriceType>The price type</cbc:PriceType>
				<cbc:OrderableUnitFactorRate>1</cbc:OrderableUnitFactorRate>
				<cac:ValidityPeriod>
					<cbc:StartDate/>
					<cbc:StartTime>11:10:14</cbc:StartTime>
					<cbc:EndDate/>
					<cbc:EndTime>12:10:14</cbc:EndTime>
					<cbc:DurationMeasure unitCode="DD">4456</cbc:DurationMeasure>
					<cbc:Description>A description of the period</cbc:Description>
				</cac:ValidityPeriod>
				<cac:PriceList>
					<cbc:ID>ID659</cbc:ID>
				</cac:PriceList>
				<cac:AllowanceCharge>
					<cbc:ID>ID554</cbc:ID>
					<cbc:ChargeIndicator>true</cbc:ChargeIndicator>
					<cbc:AllowanceChargeReasonCode>BB65</cbc:AllowanceChargeReasonCode>
					<cbc:AllowanceChargeReason>Reason for the Allowance Charge</cbc:AllowanceChargeReason>
					<cbc:MultiplierFactorNumeric>4</cbc:MultiplierFactorNumeric>
					<cbc:PrepaidIndicator>true</cbc:PrepaidIndicator>
					<cbc:SequenceNumeric>1</cbc:SequenceNumeric>
					<cbc:Amount currencyID="DKK">700.00</cbc:Amount>
					<cbc:BaseAmount currencyID="DKK">400.00</cbc:BaseAmount>
				</cac:AllowanceCharge>
			</cac:Price>
			<cac:DeliveryUnit>
				<cbc:BatchQuantity unitCode="CS">1</cbc:BatchQuantity>
				<cbc:ConsumerUnitQuantity  unitCode="BO">12</cbc:ConsumerUnitQuantity>
			</cac:DeliveryUnit>
			<cac:ApplicableTaxCategory>
				<cbc:ID>ID151</cbc:ID>
				<cbc:Name>Name of the tax category.</cbc:Name>
				<cbc:Percent>25</cbc:Percent>
				<cbc:BaseUnitMeasure unitCode="CS">4</cbc:BaseUnitMeasure>
				<cbc:PerUnitAmount currencyID="DKK">1</cbc:PerUnitAmount>
				<cbc:TaxExemptionReasonCode>TERC765</cbc:TaxExemptionReasonCode>
				<cbc:TaxExemptionReason>Textual reason why item is tax exempt.</cbc:TaxExemptionReason>
				<cac:TaxScheme>
					<cbc:ID>ID998</cbc:ID>
					<cbc:Name>Name of the tax scheme</cbc:Name>
					<cbc:TaxTypeCode>TTC566</cbc:TaxTypeCode>
					<cbc:CurrencyCode>CC657</cbc:CurrencyCode>
					<cac:JurisdictionRegionAddress>
						<cbc:AddressTypeCode>atc346</cbc:AddressTypeCode>
						<cbc:BlockName>Block one</cbc:BlockName>
						<cbc:InhouseMail>A specific location within a building.</cbc:InhouseMail>
						<cbc:PlotIdentification>PL7808</cbc:PlotIdentification>
						<cbc:CitySubdivisionName>Distric AF</cbc:CitySubdivisionName>
						<cbc:TimezoneOffset>UTC</cbc:TimezoneOffset>
						<cac:Country>
							<cbc:IdentificationCode>ID557</cbc:IdentificationCode>
							<cbc:Name>Name of the country</cbc:Name>
						</cac:Country>
						<cac:LocationCoordinate>
							<cbc:CoordinateSystemCode>CSC54</cbc:CoordinateSystemCode>
							<cbc:LatitudeDegreesMeasure unitCode="DD">54</cbc:LatitudeDegreesMeasure>
							<cbc:LatitudeMinutesMeasure unitCode="DD">52</cbc:LatitudeMinutesMeasure>
							<cbc:LatitudeDirectionCode>7676</cbc:LatitudeDirectionCode>
							<cbc:LongitudeDegreesMeasure unitCode="CS">5444</cbc:LongitudeDegreesMeasure>
							<cbc:LongitudeMinutesMeasure unitCode="DD">25</cbc:LongitudeMinutesMeasure>
							<cbc:LongitudeDirectionCode>LDC676</cbc:LongitudeDirectionCode>
						</cac:LocationCoordinate>
					</cac:JurisdictionRegionAddress>
				</cac:TaxScheme>
			</cac:ApplicableTaxCategory>
		</cac:OriginalItemLocationQuantity>
		<cac:AlternativeConditionPrice>
				<cbc:PriceAmount currencyID="DKK">45</cbc:PriceAmount>
				<cbc:BaseQuantity>5</cbc:BaseQuantity>
				<cbc:PriceTypeCode>PI54</cbc:PriceTypeCode>
				<cbc:PriceType>U</cbc:PriceType>
				<cbc:OrderableUnitFactorRate>12</cbc:OrderableUnitFactorRate>
				<cac:ValidityPeriod>
					<cbc:StartDate/>
					<cbc:StartTime>10:12:05</cbc:StartTime>
					<cbc:EndDate/>
					<cbc:EndTime>10:12:06</cbc:EndTime>
					<cbc:DurationMeasure unitCode="DD">40</cbc:DurationMeasure>
					<cbc:Description>A description of the period.</cbc:Description>
				</cac:ValidityPeriod>
				<cac:PriceList>
					<cbc:ID>ID8976</cbc:ID>
				</cac:PriceList>
				<cac:AllowanceCharge>
					<cbc:ID>ID23</cbc:ID>
					<cbc:ChargeIndicator>true</cbc:ChargeIndicator>
					<cbc:AllowanceChargeReasonCode>CD6544</cbc:AllowanceChargeReasonCode>
					<cbc:AllowanceChargeReason>The reason for the Allowance Charge</cbc:AllowanceChargeReason>
					<cbc:MultiplierFactorNumeric>45</cbc:MultiplierFactorNumeric>
					<cbc:PrepaidIndicator>true</cbc:PrepaidIndicator>
					<cbc:SequenceNumeric>1</cbc:SequenceNumeric>
					<cbc:Amount currencyID="DKK">50.0</cbc:Amount>
					<cbc:BaseAmount currencyID="DKK">45.0</cbc:BaseAmount>
				</cac:AllowanceCharge>
			</cac:AlternativeConditionPrice>
      </cac:PricingReference>
      <cac:Price>
        <cbc:PriceAmount currencyID="DKK">5000.00</cbc:PriceAmount>
      </cac:Price>
      <cac:Item>
        <cbc:Description>Billboard</cbc:Description>
        <cbc:Name>Billboard</cbc:Name>
        <cac:SellersItemIdentification>
          <cbc:ID schemeAgencyID="9" schemeID="GTIN">5712345780121</cbc:ID>
        </cac:SellersItemIdentification>
        <cac:StandardItemIdentification>
          <cbc:ID schemeAgencyID="9" schemeID="GTIN">5712345780121</cbc:ID>
        </cac:StandardItemIdentification>
        <cac:AdditionalItemProperty>
          <cbc:Name>TestAdditionalItemPropertyName</cbc:Name>
          <cbc:Value>TestAdditionalItemPropertyValue</cbc:Value>
        </cac:AdditionalItemProperty>
      </cac:Item>
    </cac:LineItem>
    <cac:SellerProposedSubstituteLineItem>
      <cbc:ID>8844</cbc:ID>
      <cbc:Quantity>54.00</cbc:Quantity>
      <cbc:LineExtensionAmount currencyID="DKK">500.00</cbc:LineExtensionAmount>
      <cac:PricingReference>
      	<cac:OriginalItemLocationQuantity>
			<cbc:LeadTimeMeasure unitCode="DAY">5</cbc:LeadTimeMeasure>
			<cbc:MinimumQuantity unitCode="BO">6</cbc:MinimumQuantity>
			<cbc:MaximumQuantity unitCode="BO">54</cbc:MaximumQuantity>
			<cbc:TradingRestrictions>trading restrictions</cbc:TradingRestrictions>
			<cac:ApplicableTerritoryAddress>
				<cbc:ID>ID45</cbc:ID>
				<cbc:AddressTypeCode>ATC887</cbc:AddressTypeCode>
				<cbc:AddressFormatCode>3477</cbc:AddressFormatCode>
				<cbc:Postbox>PO445</cbc:Postbox>
				<cbc:Floor>45</cbc:Floor>
				<cbc:Room>56</cbc:Room>
				<cbc:StreetName>The name of a street.</cbc:StreetName>
				<cbc:AdditionalStreetName>An additional name of a street used to further specify the street name.</cbc:AdditionalStreetName>
				<cbc:BlockName>Metro station</cbc:BlockName>
				<cbc:BuildingName>The name of a building</cbc:BuildingName>
				<cbc:BuildingNumber>454</cbc:BuildingNumber>
				<cbc:InhouseMail>A specific location within a building.</cbc:InhouseMail>
				<cbc:Department>An addressable department of an organization.</cbc:Department>
				<cbc:MarkAttention>FAO</cbc:MarkAttention>
				<cbc:MarkCare>C/O</cbc:MarkCare>
				<cbc:PlotIdentification>PI455</cbc:PlotIdentification>
				<cbc:CitySubdivisionName>District 9</cbc:CitySubdivisionName>
				<cbc:CityName>The name of a city</cbc:CityName>
				<cbc:PostalZone>ZIP</cbc:PostalZone>
				<cbc:CountrySubentity>For specifying a region</cbc:CountrySubentity>
				<cbc:CountrySubentityCode>CSC654</cbc:CountrySubentityCode>
				<cbc:Region>An addressable region or group of countries.</cbc:Region>
				<cbc:District>A geographical division of a country.</cbc:District>
				<cbc:TimezoneOffset>UTC</cbc:TimezoneOffset>
				<cac:AddressLine>
					<cbc:Line>A line of address expressed as unstructured text</cbc:Line>
				</cac:AddressLine>
				<cac:Country>
					<cbc:IdentificationCode>IC098</cbc:IdentificationCode>
					<cbc:Name>Name of the Country</cbc:Name>
				</cac:Country>
				<cac:LocationCoordinate>
					<cbc:CoordinateSystemCode>CSC234</cbc:CoordinateSystemCode>
					<cbc:LatitudeDegreesMeasure unitCode="DD">54</cbc:LatitudeDegreesMeasure>
					<cbc:LatitudeMinutesMeasure unitCode="DD">15</cbc:LatitudeMinutesMeasure>
					<cbc:LatitudeDirectionCode>LDC5423</cbc:LatitudeDirectionCode>
					<cbc:LongitudeDegreesMeasure unitCode="CS">564</cbc:LongitudeDegreesMeasure>
					<cbc:LongitudeMinutesMeasure unitCode="CS">15</cbc:LongitudeMinutesMeasure>
					<cbc:LongitudeDirectionCode>LDC45</cbc:LongitudeDirectionCode>
				</cac:LocationCoordinate>
			</cac:ApplicableTerritoryAddress>
			<cac:Price>
				<cbc:PriceAmount currencyID="DKK">50</cbc:PriceAmount>
				<cbc:BaseQuantity unitCode="CS">12</cbc:BaseQuantity>
				<cbc:PriceTypeCode>PTC544</cbc:PriceTypeCode>
				<cbc:PriceType>The price type expressed as text.</cbc:PriceType>
				<cbc:OrderableUnitFactorRate>1</cbc:OrderableUnitFactorRate>
				<cac:ValidityPeriod>
					<cbc:StartDate/>
					<cbc:StartTime>10:10:11</cbc:StartTime>
					<cbc:EndDate/>
					<cbc:EndTime>11:10:15</cbc:EndTime>
					<cbc:DurationMeasure unitCode="DAY">4</cbc:DurationMeasure>
					<cbc:Description>A description of the period.</cbc:Description>
				</cac:ValidityPeriod>
				<cac:PriceList>
					<cbc:ID>ID0598</cbc:ID>
				</cac:PriceList>
				<cac:AllowanceCharge>
					<cbc:ID>ID985</cbc:ID>
					<cbc:ChargeIndicator>true</cbc:ChargeIndicator>
					<cbc:AllowanceChargeReasonCode>ACRC5456</cbc:AllowanceChargeReasonCode>
					<cbc:AllowanceChargeReason>The reason for the Allowance Charge</cbc:AllowanceChargeReason>
					<cbc:MultiplierFactorNumeric>65</cbc:MultiplierFactorNumeric>
					<cbc:PrepaidIndicator>true</cbc:PrepaidIndicator>
					<cbc:SequenceNumeric>1</cbc:SequenceNumeric>
					<cbc:Amount currencyID="DKK">50.00</cbc:Amount>
					<cbc:BaseAmount currencyID="DKK">45.00</cbc:BaseAmount>
				</cac:AllowanceCharge>
			</cac:Price>
			<cac:DeliveryUnit>
				<cbc:BatchQuantity	unitCode="CS">1</cbc:BatchQuantity>
				<cbc:ConsumerUnitQuantity unitCode="BO">12</cbc:ConsumerUnitQuantity>
			</cac:DeliveryUnit>
			<cac:ApplicableTaxCategory>
				<cbc:ID>ID785</cbc:ID>
				<cbc:Name>The name of the tax category.</cbc:Name>
				<cbc:Percent>25</cbc:Percent>
				<cbc:BaseUnitMeasure unitCode="EA">1</cbc:BaseUnitMeasure>
				<cbc:PerUnitAmount currencyID="DKK">45</cbc:PerUnitAmount>
				<cbc:TaxExemptionReasonCode>TERC5458</cbc:TaxExemptionReasonCode>
				<cbc:TaxExemptionReason>The reason for tax being exempted.</cbc:TaxExemptionReason>
				<cac:TaxScheme>
					<cbc:ID>ID9F0</cbc:ID>
					<cbc:Name>The name of the tax scheme.</cbc:Name>
					<cbc:TaxTypeCode>VAT</cbc:TaxTypeCode>
					<cbc:CurrencyCode>C889C</cbc:CurrencyCode>
					<cac:JurisdictionRegionAddress>
						<cbc:AddressTypeCode>A code specifying the type of this address</cbc:AddressTypeCode>
						<cbc:BlockName>Block Name</cbc:BlockName>
						<cbc:InhouseMail>Inhouse Mail</cbc:InhouseMail>
						<cbc:PlotIdentification>PI986</cbc:PlotIdentification>
						<cbc:CitySubdivisionName>City Subdivision Name</cbc:CitySubdivisionName>
						<cbc:TimezoneOffset>UTC</cbc:TimezoneOffset>
						<cac:Country>
							<cbc:IdentificationCode>ID986</cbc:IdentificationCode>
							<cbc:Name>Name of the Country</cbc:Name>
						</cac:Country>
						<cac:LocationCoordinate>
							<cbc:CoordinateSystemCode>CSC234</cbc:CoordinateSystemCode>
							<cbc:LatitudeDegreesMeasure unitCode="DD">62</cbc:LatitudeDegreesMeasure>
							<cbc:LatitudeMinutesMeasure unitCode="04">65</cbc:LatitudeMinutesMeasure>
							<cbc:LatitudeDirectionCode>4</cbc:LatitudeDirectionCode>
							<cbc:LongitudeDegreesMeasure unitCode="04">56</cbc:LongitudeDegreesMeasure>
							<cbc:LongitudeMinutesMeasure unitCode="04">54</cbc:LongitudeMinutesMeasure>
							<cbc:LongitudeDirectionCode>The direction of longitude measurement from the meridian.</cbc:LongitudeDirectionCode>
						</cac:LocationCoordinate>
					</cac:JurisdictionRegionAddress>
				</cac:TaxScheme>
			</cac:ApplicableTaxCategory>
	 	</cac:OriginalItemLocationQuantity>
      	<cac:AlternativeConditionPrice>
			<cbc:PriceAmount currencyID="DKK">54</cbc:PriceAmount>
			<cbc:BaseQuantity>65</cbc:BaseQuantity>
			<cbc:PriceTypeCode>PTC234</cbc:PriceTypeCode>
			<cbc:PriceType>1</cbc:PriceType>
			<cbc:OrderableUnitFactorRate>1</cbc:OrderableUnitFactorRate>
			<cac:ValidityPeriod>
				<cbc:StartDate/>
				<cbc:StartTime>10:10:10</cbc:StartTime>
				<cbc:EndDate/>
				<cbc:EndTime>11:11:11</cbc:EndTime>
				<cbc:DurationMeasure unitCode="CS">4</cbc:DurationMeasure>
				<cbc:Description>A description of the period.</cbc:Description>
			</cac:ValidityPeriod>
			<cac:PriceList>
				<cbc:ID>ID098</cbc:ID>
			</cac:PriceList>
			<cac:AllowanceCharge>
				<cbc:ID>ID56</cbc:ID>
				<cbc:ChargeIndicator>true</cbc:ChargeIndicator>
				<cbc:AllowanceChargeReasonCode>CACRC6456</cbc:AllowanceChargeReasonCode>
				<cbc:AllowanceChargeReason>The reason for the Allowance Charge</cbc:AllowanceChargeReason>
				<cbc:MultiplierFactorNumeric>54</cbc:MultiplierFactorNumeric>
				<cbc:PrepaidIndicator>true</cbc:PrepaidIndicator>
				<cbc:SequenceNumeric>1</cbc:SequenceNumeric>
				<cbc:Amount currencyID="DKK">54</cbc:Amount>
				<cbc:BaseAmount currencyID="DKK">565</cbc:BaseAmount>
			</cac:AllowanceCharge>
		</cac:AlternativeConditionPrice>
	  </cac:PricingReference>
      <cac:Price>
        <cbc:PriceAmount currencyID="DKK">45</cbc:PriceAmount>
      </cac:Price>
      <cac:Item>
        <cbc:Description>Item Description</cbc:Description>
        <cbc:Name>Name Item</cbc:Name>
        <cac:SellersItemIdentification>
          <cbc:ID>7889</cbc:ID>
        </cac:SellersItemIdentification>
        <cac:StandardItemIdentification>
          <cbc:ID>7889</cbc:ID>
        </cac:StandardItemIdentification>
        <cac:AdditionalItemProperty>
          <cbc:Name>Name Additional</cbc:Name>
          <cbc:Value>Value Additional</cbc:Value>
        </cac:AdditionalItemProperty>
      </cac:Item>
    </cac:SellerProposedSubstituteLineItem>
  </cac:OrderLine>
</OrderChange>
