<?xml version="1.0" encoding="UTF-8" standalone="no"?>
<Catalogue xmlns="urn:oasis:names:specification:ubl:schema:xsd:Catalogue-2"
	xmlns:cac="urn:oasis:names:specification:ubl:schema:xsd:CommonAggregateComponents-2"
	xmlns:cbc="urn:oasis:names:specification:ubl:schema:xsd:CommonBasicComponents-2">

  	<cbc:UBLVersionID>2.0</cbc:UBLVersionID>
  	<cbc:CustomizationID/>
  	<cbc:ProfileID/>
  	<cbc:ID/>
  	<cbc:Name>Furniture Catalogue</cbc:Name>
  	<cbc:IssueDate/>
  	<cbc:VersionID>SC001</cbc:VersionID>
  	<cac:ValidityPeriod>
  		<cbc:StartDate/>
		<cbc:EndDate/>
  	</cac:ValidityPeriod>
  	<cac:ReferencedContract>
  		<cbc:ID/>
		<cbc:ContractType>ReferencedContractContractTypeABS</cbc:ContractType>
  	</cac:ReferencedContract>
	<cac:ProviderParty>
		<cbc:EndpointID/>
		<cac:PartyIdentification>
			<cbc:ID/>
		</cac:PartyIdentification>
		<cac:PartyName>
			<cbc:Name/>
		</cac:PartyName>
  	</cac:ProviderParty>
  	<cac:ReceiverParty>
  		<cbc:EndpointID/>
  		<cac:PartyIdentification>
  			<cbc:ID/>
  		</cac:PartyIdentification>
  		<cac:PartyName>
			<cbc:Name/>
		</cac:PartyName>
  	</cac:ReceiverParty>
	<cac:SellerSupplierParty>
		<cac:Party>
		    <cbc:EndpointID/>
		    <cac:PartyIdentification>
				<cbc:ID/>
			</cac:PartyIdentification>
			<cac:PartyName>
				<cbc:Name/>
			</cac:PartyName>
			<cac:PostalAddress>
				<cbc:ID>TestID</cbc:ID>
				<cbc:Postbox>TestPostbox</cbc:Postbox>
				<cbc:StreetName>TestStreetName</cbc:StreetName>
				<cbc:AdditionalStreetName>TestAdditionalStreetName</cbc:AdditionalStreetName>
				<cbc:BuildingNumber>10</cbc:BuildingNumber>
				<cbc:Department>45</cbc:Department>
				<cbc:CityName>TestCityName</cbc:CityName>
				<cbc:PostalZone>3000</cbc:PostalZone>
				<cbc:CountrySubentity>TestCountry</cbc:CountrySubentity>
				<cac:Country>
					<cbc:IdentificationCode>DK</cbc:IdentificationCode>
				</cac:Country>
			</cac:PostalAddress>
			<cac:Contact>
				<cbc:Telephone>4564484</cbc:Telephone>
				<cbc:Telefax>5468444</cbc:Telefax>
				<cbc:ElectronicMail>mj@MJCORP.dk</cbc:ElectronicMail>
			</cac:Contact>
			<cac:Person>
				<cbc:FirstName>Michael</cbc:FirstName>
				<cbc:FamilyName>Johnsson</cbc:FamilyName>
				<cbc:MiddleName>Kurk</cbc:MiddleName>
				<cbc:JobTitle>MJCORP</cbc:JobTitle>
			</cac:Person>
		</cac:Party>
	</cac:SellerSupplierParty>
	<cac:ContractorCustomerParty>
		<cac:Party>
			<cbc:EndpointID/>
			<cac:PartyIdentification>
				<cbc:ID/>
			</cac:PartyIdentification>
			<cac:PartyName>
				<cbc:Name/>
			</cac:PartyName>
			<cac:Contact>
				<cbc:Telephone>4574454</cbc:Telephone>
				<cbc:Telefax>5665541</cbc:Telefax>
				<cbc:ElectronicMail>cs@CSORG.dk</cbc:ElectronicMail>
			</cac:Contact>
			<cac:Person>
				<cbc:FirstName>Claudia</cbc:FirstName>
				<cbc:FamilyName>Schmidt</cbc:FamilyName>
				<cbc:MiddleName>Kraanah</cbc:MiddleName>
				<cbc:JobTitle>CSORG</cbc:JobTitle>
			</cac:Person>
		</cac:Party>
	</cac:ContractorCustomerParty>
	<cac:CatalogueLine/>
</Catalogue>
