﻿<?xml version="1.0" encoding="UTF-8"?>
<?xml-stylesheet type="text/xsl" href="PEPPOL BIS-3a stylesheet.xsl"?>
<!--Order xmlns:stat="urn:oasis:names:specification:ubl:schema:xsd:DocumentStatusCode-1.0" xmlns="urn:oasis:names:specification:ubl:schema:xsd:Order-2" xmlns:cac="urn:oasis:names:specification:ubl:schema:xsd:CommonAggregateComponents-2" xmlns:cbc="urn:oasis:names:specification:ubl:schema:xsd:CommonBasicComponents-2" xmlns:ext="urn:oasis:names:specification:ubl:schema:xsd:CommonExtensionComponents-2" xmlns:qdt="urn:oasis:names:specification:ubl:schema:xsd:QualifiedDatatypes-2" xmlns:xsi="http://www.w3.org/2001/XMLSchema-instance"-->
<Order xmlns="urn:oasis:names:specification:ubl:schema:xsd:Order-2" xmlns:cac="urn:oasis:names:specification:ubl:schema:xsd:CommonAggregateComponents-2" xmlns:cbc="urn:oasis:names:specification:ubl:schema:xsd:CommonBasicComponents-2" xmlns:ccts="urn:un:unece:uncefact:documentation:2" xmlns:ext="urn:oasis:names:specification:ubl:schema:xsd:CommonExtensionComponents-2" xmlns:qdt="urn:oasis:names:specification:ubl:schema:xsd:QualifiedDatatypes-2" xmlns:udt="urn:un:unece:uncefact:data:specification:UnqualifiedDataTypesSchemaModule:2">
	<cbc:UBLVersionID>2.0</cbc:UBLVersionID>	
	<cbc:CustomizationID schemeID="PEPPOL"> 
		urn:www.cenbii.eu:transaction:biicoretrdm001:ver1.0:#urn:www.peppol.eu:bis:peppol3a:ver1.0
	</cbc:CustomizationID>	
	<cbc:ProfileID>urn:www.cenbii.eu:profile:bii03:ver1.0</cbc:ProfileID>
	<cbc:ID>ORD108</cbc:ID>
	<cbc:IssueDate>2011-10-01</cbc:IssueDate>
	<cbc:DocumentCurrencyCode listID="ISO 4217 Alpha" listAgencyID="6">EUR</cbc:DocumentCurrencyCode>
	<cbc:AccountingCost>Project 123</cbc:AccountingCost>
	<cac:Contract>
		<cbc:ID>Contract 123</cbc:ID>
		<cbc:ContractType>Framework agreement</cbc:ContractType>
	</cac:Contract>
	<cac:BuyerCustomerParty>
		<cac:Party>
			<cbc:EndpointID schemeID="DK:CVR">DK123123123</cbc:EndpointID> 
			<cac:PartyIdentification>
				<cbc:ID schemeID="GLN">123123123</cbc:ID> 
			</cac:PartyIdentification>
			<cac:PartyName>
				<cbc:Name>IT og Telestyrelesen</cbc:Name>
			</cac:PartyName>
			<cac:PostalAddress>
				<cbc:StreetName>Main Street 123</cbc:StreetName>
				<cbc:CityName>Copenhagen</cbc:CityName>
				<cbc:PostalZone>2100</cbc:PostalZone>
				<cac:Country>
					<cbc:IdentificationCode listID="ISO3166-1" listAgencyID="6">DK</cbc:IdentificationCode>
				</cac:Country>
			</cac:PostalAddress>
			<cac:PartyTaxScheme>
				<cbc:CompanyID schemeID="DK:VAT" schemeAgencyID="ZZZ">DK123</cbc:CompanyID>
				<cac:TaxScheme>
					<cbc:ID schemeID="UN/ECE 5153" schemeAgencyID="6">VAT</cbc:ID>
				</cac:TaxScheme>
			</cac:PartyTaxScheme>
	
			<cac:Contact>
				<cbc:Telephone>5121230</cbc:Telephone>
				<cbc:Telefax>5121231</cbc:Telefax>
				<cbc:ElectronicMail>john@itst.dk</cbc:ElectronicMail>
			</cac:Contact>
			<cac:Person>
				<cbc:FirstName>John</cbc:FirstName>
				<cbc:FamilyName>Smith</cbc:FamilyName>
				<cbc:MiddleName>X</cbc:MiddleName>
				<cbc:JobTitle>Purchasing manager</cbc:JobTitle>
			</cac:Person>
		</cac:Party>
	</cac:BuyerCustomerParty>
	<cac:SellerSupplierParty>
		<cac:Party>
			<cbc:EndpointID schemeID="GLN" schemeAgencyID="9">1xxx8987987</cbc:EndpointID>
			<cac:PartyIdentification>
				<cbc:ID schemeID="GLN">987987987</cbc:ID>
			</cac:PartyIdentification>
			<cac:PartyName>
				<cbc:Name>The Office Supplier</cbc:Name>
			</cac:PartyName>
			<cac:PostalAddress>
				<cbc:StreetName>main street 987</cbc:StreetName>
				<cbc:CityName>Copenhagen</cbc:CityName>
				<cbc:PostalZone>600</cbc:PostalZone>
				<cac:Country>
					<cbc:IdentificationCode listID="ISO3166-1" listAgencyID="6">DK</cbc:IdentificationCode>
				</cac:Country>
			</cac:PostalAddress>
		</cac:Party>
	</cac:SellerSupplierParty>
	<cac:Delivery>
		<cac:DeliveryLocation>
			<cac:Address>
				<cbc:ID schemeID="GLN" schemeAgencyID="9">456654456</cbc:ID>
				<cbc:StreetName>main street 987</cbc:StreetName>
				<cbc:CityName>Copenhagen</cbc:CityName>
				<cbc:PostalZone>600</cbc:PostalZone>
				<cac:Country>
					<cbc:IdentificationCode listID="ISO3166-1" listAgencyID="6">DK</cbc:IdentificationCode>
				</cac:Country>
			</cac:Address>
		</cac:DeliveryLocation>
		<cac:DeliveryParty>
			<cac:Contact>
				<cbc:Name>Anders F. R.</cbc:Name>
				<cbc:Telephone>4621280</cbc:Telephone>
				<cbc:ElectronicMail>arf@itst.dk</cbc:ElectronicMail>
			</cac:Contact>
		</cac:DeliveryParty>
	</cac:Delivery>
		<cac:AllowanceCharge>
			<cbc:ChargeIndicator>true</cbc:ChargeIndicator>
			<cbc:AllowanceChargeReason>Transport</cbc:AllowanceChargeReason>
			<cbc:Amount currencyID="EUR">100</cbc:Amount>
		</cac:AllowanceCharge>
		<cac:AllowanceCharge>
			<cbc:ChargeIndicator>true</cbc:ChargeIndicator>
			<cbc:AllowanceChargeReason>Order and handling</cbc:AllowanceChargeReason>
			<cbc:Amount currencyID="EUR">50</cbc:Amount>
		</cac:AllowanceCharge>
		<cac:AllowanceCharge>
			<cbc:ChargeIndicator>false</cbc:ChargeIndicator>
			<cbc:AllowanceChargeReason>Regular Discount</cbc:AllowanceChargeReason>
			<cbc:Amount currencyID="EUR">30</cbc:Amount>
		</cac:AllowanceCharge>
		<cac:TaxTotal>
			<cbc:TaxAmount currencyID="EUR">438.93</cbc:TaxAmount>
		</cac:TaxTotal>
		<cac:AnticipatedMonetaryTotal>
			<cbc:LineExtensionAmount currencyID="EUR">1890.15</cbc:LineExtensionAmount>
			<cbc:AllowanceTotalAmount currencyID="EUR">30</cbc:AllowanceTotalAmount>
			<cbc:ChargeTotalAmount currencyID="EUR">150</cbc:ChargeTotalAmount>
			<cbc:PayableAmount currencyID="EUR">2449.08</cbc:PayableAmount>
		</cac:AnticipatedMonetaryTotal>
		<cac:OrderLine>
			<cbc:Note>The coolest PC on the market</cbc:Note>
			<cac:LineItem>
				<cbc:ID>1</cbc:ID>
				<cbc:Quantity unitCode="C62">1</cbc:Quantity>
				<cbc:LineExtensionAmount currencyID="EUR">1499.00</cbc:LineExtensionAmount>
				<cbc:TotalTaxAmount currencyID="EUR">374.75</cbc:TotalTaxAmount>
				<cac:Price>
					<cbc:PriceAmount currencyID="EUR">1499.00</cbc:PriceAmount>
					<cbc:BaseQuantity unitCode="C62">1</cbc:BaseQuantity>
				</cac:Price>
				<cac:Item>
					<cbc:Description languageID="EN">AMD Processor, 14" Display, 4GB Memory, 320GB Hard Drive</cbc:Description>
					<cbc:Name>Portable PC computer</cbc:Name>
					<cac:SellersItemIdentification>
						<cbc:ID>JB007</cbc:ID>
					</cac:SellersItemIdentification>
				</cac:Item>
			</cac:LineItem>
		</cac:OrderLine>
		<cac:OrderLine>
			<cac:LineItem>
				<cbc:ID>2</cbc:ID>
				<cbc:Quantity unitCode="C62">1</cbc:Quantity>
				<cbc:LineExtensionAmount currencyID="EUR">23.90</cbc:LineExtensionAmount>
				<cbc:TotalTaxAmount currencyID="EUR">0</cbc:TotalTaxAmount>
				<cac:Price>
					<cbc:PriceAmount currencyID="EUR">23.90</cbc:PriceAmount>
				</cac:Price>
				<cac:Item>
				<cbc:Name>"Advanced computing" manual</cbc:Name>
				<cac:SellersItemIdentification>
					<cbc:ID>JB008</cbc:ID>
				</cac:SellersItemIdentification>
				</cac:Item>
			</cac:LineItem>
		</cac:OrderLine>
		<cac:OrderLine>
			<cac:LineItem>
				<cbc:ID>3</cbc:ID>
				<cbc:Quantity unitCode="C62">2</cbc:Quantity>
				<cbc:LineExtensionAmount currencyID="EUR">64.00</cbc:LineExtensionAmount>
				<cbc:TotalTaxAmount currencyID="EUR">0</cbc:TotalTaxAmount>
				<cac:Price>
					<cbc:PriceAmount currencyID="EUR">32.00</cbc:PriceAmount>
				</cac:Price>
				<cac:Item>
					<cbc:Name>"Computing for dummies" book</cbc:Name>
					<cac:SellersItemIdentification>
						<cbc:ID>JB009</cbc:ID>
					</cac:SellersItemIdentification>
				</cac:Item>
			</cac:LineItem>
		</cac:OrderLine>
		<cac:OrderLine>
			<cbc:Note>package separately from rest of items</cbc:Note>
			<cac:LineItem>
				<cbc:ID>4</cbc:ID>
				<cbc:Quantity unitCode="C62">1</cbc:Quantity>
				<cbc:LineExtensionAmount currencyID="EUR">89.50</cbc:LineExtensionAmount>
				<cbc:TotalTaxAmount currencyID="EUR">10.74</cbc:TotalTaxAmount>
				<cac:Price>
					<cbc:PriceAmount currencyID="EUR">89.50</cbc:PriceAmount>
				</cac:Price>
				<cac:Item>
					<cbc:Name>Portable drive, 500Mb</cbc:Name>
					<cac:SellersItemIdentification>
						<cbc:ID>JB010</cbc:ID>
					</cac:SellersItemIdentification>
				</cac:Item>
			</cac:LineItem>
		</cac:OrderLine>
		<cac:OrderLine>
			<cbc:Note languageID="EN">Minimum 250 meters</cbc:Note>
			<cac:LineItem>
				<cbc:ID>5</cbc:ID>
				<cbc:Quantity unitCode="MTR">250</cbc:Quantity>
				<cbc:LineExtensionAmount currencyID="EUR">213.75</cbc:LineExtensionAmount>
				<cbc:TotalTaxAmount currencyID="EUR">53.44</cbc:TotalTaxAmount>
				<cac:Price>
					<cbc:PriceAmount currencyID="EUR">0.8655</cbc:PriceAmount>
					<cbc:BaseQuantity unitCode="MTR">1</cbc:BaseQuantity>
				</cac:Price>
				<cac:Item>
					<cbc:Name>Net Cable</cbc:Name>
					<cac:SellersItemIdentification>
						<cbc:ID>JB011</cbc:ID>
					</cac:SellersItemIdentification>
				</cac:Item>
			</cac:LineItem>
		</cac:OrderLine>
	</Order>

