<?xml version="1.0" encoding="UTF-8"?>
<Invoice xmlns="urn:oasis:names:specification:ubl:schema:xsd:Invoice-2"
	xmlns:cac="urn:oasis:names:specification:ubl:schema:xsd:CommonAggregateComponents-2"
	xmlns:cbc="urn:oasis:names:specification:ubl:schema:xsd:CommonBasicComponents-2">

  <cbc:UBLVersionID>1</cbc:UBLVersionID>
  <cbc:CustomizationID/>
  <cbc:ProfileID/>
  <cbc:ID/>
  <cbc:IssueDate/>
  <cbc:InvoiceTypeCode listAgencyID="320" listID="urn:oioubl:codelist:invoicetypecode-1.1">380</cbc:InvoiceTypeCode>
  <cbc:Note>5002701</cbc:Note>
  <cbc:TaxPointDate/>
  <cbc:DocumentCurrencyCode/>
  <cbc:AccountingCost>5250124502</cbc:AccountingCost>
  <cac:InvoicePeriod>
    <cbc:StartDate/>
    <cbc:EndDate/>
  </cac:InvoicePeriod>
  <cac:OrderReference>
    <cbc:ID>5002701</cbc:ID>
  </cac:OrderReference>
  <cac:BillingReference>
  	<cac:InvoiceDocumentReference>
		<cbc:ID>ID776</cbc:ID>
		<cbc:UUID>UI566</cbc:UUID>
		<cbc:IssueDate/>
		<cbc:DocumentTypeCode>380</cbc:DocumentTypeCode>
		<cbc:DocumentType>The document type</cbc:DocumentType>
		<cac:Attachment>
			<cac:ExternalReference>
				<cbc:URI>UI8778</cbc:URI>
				<cbc:DocumentHash>Specifies the hash code for the externally stored document.</cbc:DocumentHash>
				<cbc:ExpiryDate/>
				<cbc:ExpiryTime>10:11:10</cbc:ExpiryTime>
			</cac:ExternalReference>
		</cac:Attachment>
  	</cac:InvoiceDocumentReference>
  	<cac:CreditNoteDocumentReference>
  		<cbc:ID>ID889</cbc:ID>
		<cbc:UUID>UI8978</cbc:UUID>
		<cbc:IssueDate/>
		<cbc:DocumentTypeCode>DC544</cbc:DocumentTypeCode>
		<cbc:DocumentType>380</cbc:DocumentType>
		<cac:Attachment>
			<cac:ExternalReference>
				<cbc:URI>UI575</cbc:URI>
				<cbc:DocumentHash>Specifies the hash code for the externally stored document.</cbc:DocumentHash>
				<cbc:ExpiryDate/>
				<cbc:ExpiryTime>10:11:10</cbc:ExpiryTime>
			</cac:ExternalReference>
		</cac:Attachment>
  	</cac:CreditNoteDocumentReference>
  </cac:BillingReference>
  <cac:ContractDocumentReference>
    <cbc:ID>5002701</cbc:ID>
    <cbc:DocumentType>5002701</cbc:DocumentType>
  </cac:ContractDocumentReference>
  <cac:AdditionalDocumentReference>
    <cbc:ID>TestAdditionalDocumentReferenceID</cbc:ID>
    <cbc:DocumentType>TestDocumentType</cbc:DocumentType>
    <cac:Attachment>
      <cbc:EmbeddedDocumentBinaryObject mimeCode="text/plain">1010</cbc:EmbeddedDocumentBinaryObject>
      <cac:ExternalReference>
      	<cbc:URI>54</cbc:URI>
      </cac:ExternalReference>
    </cac:Attachment>
  </cac:AdditionalDocumentReference>
  <cac:AccountingSupplierParty>
    <cac:Party>
      <cbc:EndpointID schemeID="DK:CVR"/>
      <cac:PartyIdentification>
      	<cbc:ID>49849</cbc:ID>
      </cac:PartyIdentification>
      <cac:PartyName>
        <cbc:Name/>
      </cac:PartyName>
      <cac:PostalAddress>
      	<cbc:ID>ID98</cbc:ID>
        <cbc:Postbox>TestPostboxNumber</cbc:Postbox>
        <cbc:StreetName>TestStreetName</cbc:StreetName>
        <cbc:AdditionalStreetName>TestAdditionalStreetName</cbc:AdditionalStreetName>
        <cbc:BuildingNumber>10</cbc:BuildingNumber>
        <cbc:CityName>Cherryville</cbc:CityName>
        <cbc:PostalZone>3000</cbc:PostalZone>
        <cbc:CountrySubentity>Country subentity</cbc:CountrySubentity>
        <cac:Country>
          <cbc:IdentificationCode/>
        </cac:Country>
      </cac:PostalAddress>
      <cac:PartyTaxScheme>
        <cbc:CompanyID schemeID="DK:SE">DK16356706</cbc:CompanyID>
        <cac:TaxScheme>
          <cbc:ID schemeAgencyID="320" schemeID="urn:oioubl:id:taxschemeid-1.1">63</cbc:ID>
        </cac:TaxScheme>
      </cac:PartyTaxScheme>
      <cac:PartyLegalEntity>
      	<cbc:RegistrationName>The name of a party as registered</cbc:RegistrationName>
        <cbc:CompanyID schemeID="DK:CVR">DK16356706</cbc:CompanyID>
        	<cac:RegistrationAddress>
        		<cbc:CityName>The name of a city town or village</cbc:CityName>
        		<cbc:CountrySubentity>A territorial division of a country such as a county or state.</cbc:CountrySubentity>
        		<cac:Country>
        			<cbc:IdentificationCode>CIC767</cbc:IdentificationCode>
        		</cac:Country>
        	</cac:RegistrationAddress>
      </cac:PartyLegalEntity>
      <cac:Contact>
        <cbc:Telephone>26532147</cbc:Telephone>
        <cbc:Telefax>26532147</cbc:Telefax>
        <cbc:ElectronicMail>Linda@ea.dk</cbc:ElectronicMail>
      </cac:Contact>
      <cac:Person>
      	<cbc:FirstName>Jhon</cbc:FirstName>
      	<cbc:FamilyName>Gester</cbc:FamilyName>
      	<cbc:MiddleName>Frank</cbc:MiddleName>
      	<cbc:JobTitle>Analist</cbc:JobTitle>
      </cac:Person>
    </cac:Party>
  </cac:AccountingSupplierParty>
  <cac:AccountingCustomerParty>
    <cac:Party>
      <cbc:EndpointID schemeAgencyID="9" schemeID="GLN"/>
      <cac:PartyIdentification>
		<cbc:ID>ID086</cbc:ID>
      </cac:PartyIdentification>
      <cac:PartyName>
        <cbc:Name/>
      </cac:PartyName>
      <cac:PostalAddress>
      	<cbc:ID>ID923</cbc:ID>
        <cbc:Postbox>TestPostboxNumber</cbc:Postbox>
        <cbc:StreetName>TestStreetName</cbc:StreetName>
        <cbc:AdditionalStreetName>TestAdditionalStreetName</cbc:AdditionalStreetName>
        <cbc:BuildingNumber>10</cbc:BuildingNumber>
        <cbc:Department>Department</cbc:Department>
        <cbc:CityName>Cherryville</cbc:CityName>
        <cbc:PostalZone>3000</cbc:PostalZone>
        <cbc:CountrySubentity>A territorial division of a country</cbc:CountrySubentity>
        <cac:Country>
          <cbc:IdentificationCode/>
        </cac:Country>
      </cac:PostalAddress>
      <cac:PartyTaxScheme>
        <cbc:CompanyID schemeID="DK:SE">DK16356706</cbc:CompanyID>
        <cac:TaxScheme>
          <cbc:ID schemeAgencyID="320" schemeID="urn:oioubl:id:taxschemeid-1.1">63</cbc:ID>
        </cac:TaxScheme>
      </cac:PartyTaxScheme>
      <cac:PartyLegalEntity>
      	<cbc:RegistrationName>	The name of a party as registered with the legal authority</cbc:RegistrationName>
        <cbc:CompanyID schemeID="DK:CVR">DK16356706</cbc:CompanyID>
        <cac:RegistrationAddress>
        	<cbc:CityName>Name of the city</cbc:CityName>
        	<cbc:CountrySubentity>Country subentity</cbc:CountrySubentity>
        	<cac:Country>
        		<cbc:IdentificationCode>ID235</cbc:IdentificationCode>
        	</cac:Country>
        </cac:RegistrationAddress>
      </cac:PartyLegalEntity>
      <cac:Contact>
        <cbc:Telephone>26532147</cbc:Telephone>
        <cbc:Telefax>2342344</cbc:Telefax>
        <cbc:ElectronicMail>Linda@ea.dk</cbc:ElectronicMail>
      </cac:Contact>
      <cac:Person>
      	<cbc:FirstName>Richard</cbc:FirstName>
      	<cbc:FamilyName>Ganst</cbc:FamilyName>
      	<cbc:MiddleName>Jack</cbc:MiddleName>
      	<cbc:JobTitle>Administration</cbc:JobTitle>
      </cac:Person>
    </cac:Party>
  </cac:AccountingCustomerParty>
  <cac:PayeeParty>
	<cac:PartyIdentification>
		<cbc:ID>ID476</cbc:ID>
	</cac:PartyIdentification>
    <cac:PartyName>
      <cbc:Name>Linda Brown</cbc:Name>
    </cac:PartyName>
    <cac:PartyLegalEntity>
      <cbc:CompanyID>TestCompanyID</cbc:CompanyID>
    </cac:PartyLegalEntity>
  </cac:PayeeParty>
  <cac:Delivery>
    <cbc:ActualDeliveryDate/>
    <cac:DeliveryLocation>
    	<cbc:ID>ID554</cbc:ID>
    	<cac:Address>
    		<cbc:StreetName>Street name test</cbc:StreetName>
    		<cbc:BuildingNumber>Building number test</cbc:BuildingNumber>
    		<cbc:Department>Department test</cbc:Department>
    		<cbc:CityName>City name test</cbc:CityName>
    		<cbc:PostalZone>PBX531</cbc:PostalZone>
    		<cbc:CountrySubentity>Country subentity</cbc:CountrySubentity>
    		<cac:AddressLine>
				<cbc:Line>A line of address expressed as unstructured text</cbc:Line>
    		</cac:AddressLine>
    		<cac:Country>
    			<cbc:IdentificationCode>IC5543</cbc:IdentificationCode>
    		</cac:Country>
    	</cac:Address>
    </cac:DeliveryLocation>
  </cac:Delivery>
  <cac:PaymentMeans>
    <cbc:PaymentMeansCode>42</cbc:PaymentMeansCode>
    <cbc:PaymentDueDate/>
    <cbc:PaymentID>1</cbc:PaymentID>
    <cac:PayeeFinancialAccount>
      <cbc:ID>1234567890</cbc:ID>
      <cac:FinancialInstitutionBranch>
        <cbc:ID>1234</cbc:ID>
        <cac:FinancialInstitution>
          <cbc:ID>1234</cbc:ID>
        </cac:FinancialInstitution>
      </cac:FinancialInstitutionBranch>
    </cac:PayeeFinancialAccount>
  </cac:PaymentMeans>
  <cac:PaymentTerms>
    <cbc:Note>1</cbc:Note>
  </cac:PaymentTerms>
  <cac:AllowanceCharge>
    <cbc:ChargeIndicator>true</cbc:ChargeIndicator>
    <cbc:AllowanceChargeReason>true</cbc:AllowanceChargeReason>
    <cbc:Amount currencyID="DKK">50.5</cbc:Amount>
  </cac:AllowanceCharge>
  <cac:TaxTotal>
    <cbc:TaxAmount currencyID="DKK">1250.00</cbc:TaxAmount>
    <cac:TaxSubtotal>
      <cbc:TaxableAmount currencyID="DKK">5000.00</cbc:TaxableAmount>
      <cbc:TaxAmount currencyID="DKK">1250.50</cbc:TaxAmount>
      <cac:TaxCategory>
        <cbc:ID schemeAgencyID="320" schemeID="urn:oioubl:id:taxcategoryid-1.1">StandardRated</cbc:ID>
        <cbc:Percent>25</cbc:Percent>
        <cbc:TaxExemptionReasonCode>CV654</cbc:TaxExemptionReasonCode>
        <cbc:TaxExemptionReason>The reason for tax being exempted</cbc:TaxExemptionReason>
        <cac:TaxScheme>
          <cbc:ID schemeAgencyID="320" schemeID="urn:oioubl:id:taxschemeid-1.1">63</cbc:ID>
        </cac:TaxScheme>
      </cac:TaxCategory>
    </cac:TaxSubtotal>
  </cac:TaxTotal>
  <cac:LegalMonetaryTotal>
    <cbc:LineExtensionAmount currencyID="DKK">5000.00</cbc:LineExtensionAmount>
    <cbc:TaxExclusiveAmount currencyID="DKK">150.00</cbc:TaxExclusiveAmount>
    <cbc:TaxInclusiveAmount currencyID="DKK">150.00</cbc:TaxInclusiveAmount>
    <cbc:AllowanceTotalAmount currencyID="DKK">5000.00</cbc:AllowanceTotalAmount>
    <cbc:ChargeTotalAmount currencyID="DKK">1250.00</cbc:ChargeTotalAmount>
    <cbc:PrepaidAmount currencyID="DKK">6250.00</cbc:PrepaidAmount>
    <cbc:PayableRoundingAmount currencyID="DKK">6250.00</cbc:PayableRoundingAmount>
    <cbc:PayableAmount currencyID="DKK">15</cbc:PayableAmount>
  </cac:LegalMonetaryTotal>
  <cac:InvoiceLine>
    <cbc:ID>1</cbc:ID>
    <cbc:Note>Free-form text applying to the Invoice Line</cbc:Note>
    <cbc:InvoicedQuantity unitCode="EA">1.00</cbc:InvoicedQuantity>
    <cbc:LineExtensionAmount currencyID="DKK">5000.00</cbc:LineExtensionAmount>
    <cbc:AccountingCost>Can be used for e.g project reference or other references that are needed for allocation of cost</cbc:AccountingCost>
    <cac:OrderLineReference>
    	<cbc:LineID>ID345</cbc:LineID>
    </cac:OrderLineReference>
    <cac:AllowanceCharge>
    	<cbc:ChargeIndicator>true</cbc:ChargeIndicator>
    	<cbc:AllowanceChargeReason>The reason for the Allowance ChargE</cbc:AllowanceChargeReason>
    	<cbc:Amount currencyID="DKK">10.00</cbc:Amount>
    	<cbc:BaseAmount currencyID="DKK">5.00</cbc:BaseAmount>
    </cac:AllowanceCharge>
	<cac:TaxTotal>
		<cbc:TaxAmount currencyID="DKK">450</cbc:TaxAmount>
	</cac:TaxTotal>
    <cac:Item>
      <cbc:Description>Billboard</cbc:Description>
      <cbc:Name>11</cbc:Name>
      <cac:SellersItemIdentification>
        <cbc:ID schemeAgencyID="9" schemeID="GTIN">5712345780121</cbc:ID>
      </cac:SellersItemIdentification>
      <cac:StandardItemIdentification>
        <cbc:ID schemeAgencyID="9" schemeID="GTIN">5712345780121</cbc:ID>
      </cac:StandardItemIdentification>
      <cac:CommodityClassification>
        <cbc:ItemClassificationCode>5712345780121</cbc:ItemClassificationCode>
      </cac:CommodityClassification>
      <cac:ClassifiedTaxCategory>
        <cbc:ID>5712321</cbc:ID>
        <cac:TaxScheme>
          <cbc:ID>57123421</cbc:ID>
        </cac:TaxScheme>
      </cac:ClassifiedTaxCategory>
      <cac:AdditionalItemProperty>
        <cbc:Name>TestAdditionalItemPropertyName</cbc:Name>
        <cbc:Value>TestAdditionalItemPropertyValue</cbc:Value>
      </cac:AdditionalItemProperty>
    </cac:Item>
    <cac:Price>
      <cbc:PriceAmount currencyID="DKK">12</cbc:PriceAmount>
      <cbc:BaseQuantity>4</cbc:BaseQuantity>
      <cac:AllowanceCharge>
        <cbc:ChargeIndicator>true</cbc:ChargeIndicator>
        <cbc:AllowanceChargeReason>The reason for the Allowance Charge</cbc:AllowanceChargeReason>
        <cbc:MultiplierFactorNumeric>13</cbc:MultiplierFactorNumeric>
        <cbc:Amount currencyID="DKK">15.5</cbc:Amount>
        <cbc:BaseAmount currencyID="DKK">50.5</cbc:BaseAmount>
      </cac:AllowanceCharge>
    </cac:Price>
  </cac:InvoiceLine>
</Invoice>
