<?xml version="1.0" encoding="UTF-8"?>
<OrderChange
	xmlns="urn:oasis:names:specification:ubl:schema:xsd:OrderChange-2"
	xmlns:cac="urn:oasis:names:specification:ubl:schema:xsd:CommonAggregateComponents-2"
	xmlns:cbc="urn:oasis:names:specification:ubl:schema:xsd:CommonBasicComponents-2">
	<cbc:UBLVersionID/>
	<cbc:CustomizationID schemeID="required"/>
	<cbc:ProfileID/>
	<cbc:ID/>
	<cbc:IssueDate display="necessary"/>
	<cbc:SequenceNumberID display="necessary"/>
	<cbc:Note/>
	<cbc:AccountingCost/>
	<cac:ValidityPeriod>
		<cbc:EndDate/>
	</cac:ValidityPeriod>
	<cac:OrderReference display="necessary">
		<cbc:ID display="necessary"/>
	</cac:OrderReference>
	<cac:QuotationDocumentReference>
		<cbc:ID display="necessary"/>
	</cac:QuotationDocumentReference>
	<cac:AdditionalDocumentReference>
		<cbc:ID display="necessary"/>
		<cbc:DocumentType/>
		<cac:Attachment>
			<cbc:EmbeddedDocumentBinaryObject mimeCode=""/>
			<cac:ExternalReference>
				<cbc:URI display="necessary"/>
      </cac:ExternalReference>
    </cac:Attachment>
  </cac:AdditionalDocumentReference>
  <cac:Contract>
    <cbc:ID display="necessary"/>
    <cbc:ContractTypeCode/>
  </cac:Contract>
  <cac:BuyerCustomerParty display="necessary">
    <cac:Party display="necessary">
      <cbc:EndpointID schemeID="required" schemeAgencyName="required" schemeURI="required"/>
      <cac:PartyIdentification display="necessary">
        <cbc:ID schemeID="required" schemeAgencyName="required" schemeURI="required" display="necessary"/>
      </cac:PartyIdentification>
      <cac:PartyName display="necessary">
        <cbc:Name display="necessary"/>
      </cac:PartyName>
      <cac:Contact>
        <cbc:Telephone/>
        <cbc:Telefax/>
        <cbc:ElectronicMail/>
      </cac:Contact>
      <cac:Person>
        <cbc:FirstName/>
        <cbc:FamilyName/>
        <cbc:MiddleName/>
        <cbc:JobTitle/>
      </cac:Person>
    </cac:Party>
  </cac:BuyerCustomerParty>
  <cac:SellerSupplierParty display="necessary">
    <cac:Party display="necessary">
      <cbc:EndpointID schemeID="required" schemeAgencyName="required" schemeURI="required"/>
      <cac:PartyIdentification display="necessary">
        <cbc:ID schemeID="required" schemeAgencyName="required" schemeURI="required" display="necessary"/>
      </cac:PartyIdentification>
      <cac:PartyName display="necessary">
        <cbc:Name display="necessary"/>
      </cac:PartyName>
      <cac:Contact>
        <cbc:Telephone/>
        <cbc:Telefax/>
        <cbc:ElectronicMail/>
      </cac:Contact>
      <cac:Person>
        <cbc:FirstName/>
        <cbc:FamilyName/>
        <cbc:MiddleName/>
        <cbc:JobTitle/>
      </cac:Person>
    </cac:Party>
  </cac:SellerSupplierParty>
  <cac:OriginatorCustomerParty>
    <cac:Party display="necessary">
      <cac:PartyName display="necessary">
        <cbc:Name display="necessary"/>
      </cac:PartyName>
      <cac:Contact>
        <cbc:Name/>
        <cbc:Telephone/>
        <cbc:Telefax/>
        <cbc:ElectronicMail/>
      </cac:Contact>
      <cac:Person>
        <cbc:Title/>
      </cac:Person>
    </cac:Party>
  </cac:OriginatorCustomerParty>
  <cac:Delivery>
    <cbc:ID/>
    <cbc:LatestDeliveryDate/>
    <cbc:LatestDeliveryTime/>
    <cac:DeliveryLocation>
      <cbc:Description/>
      <cbc:CountrySubentityCode/>
      <cac:Address>
        <cbc:ID/>
        <cbc:AddressTypeCode/>
        <cbc:Floor/>
        <cbc:Room/>
        <cbc:StreetName/>
        <cbc:AdditionalStreetName/>
        <cbc:BlockName/>
        <cbc:BuildingName/>
        <cbc:BuildingNumber/>
        <cbc:InhouseMail/>
        <cbc:MarkAttention/>
        <cbc:MarkCare/>
        <cbc:PlotIdentification/>
        <cbc:CitySubdivisionName/>
        <cbc:CityName/>
        <cbc:PostalZone/>
        <cbc:CountrySubentity/>
        <cbc:Region/>
        <cbc:District/>
        <cbc:TimezoneOffset/>
        <cac:AddressLine>
          <cbc:Line display="necessary"/>
        </cac:AddressLine>
        <cac:Country>
          <cbc:IdentificationCode display="necessary"/>
          <cbc:Name/>
        </cac:Country>
        <cac:LocationCoordinate>
          <cbc:CoordinateSystemCode display="necessary"/>
          <cbc:LatitudeDegreesMeasure unitCode="" display="necessary"/>
          <cbc:LatitudeMinutesMeasure unitCode="" display="necessary"/>
          <cbc:LatitudeDirectionCode display="necessary"/>
          <cbc:LongitudeDegreesMeasure unitCode="" display="necessary"/>
          <cbc:LongitudeMinutesMeasure unitCode="" display="necessary"/>
          <cbc:LongitudeDirectionCode display="necessary"/>
        </cac:LocationCoordinate>
      </cac:Address>
    </cac:DeliveryLocation>
    <cac:DeliveryParty>
      <cac:PartyName>
        <cbc:Name display="necessary"/>
      </cac:PartyName>
      <cac:Contact>
        <cbc:Name/>
        <cbc:Telephone/>
        <cbc:Telefax/>
        <cbc:ElectronicMail/>
      </cac:Contact>
    </cac:DeliveryParty>
  </cac:Delivery>
  <cac:AllowanceCharge>
    <cbc:ChargeIndicator display="necessary"/>
    <cbc:AllowanceChargeReason/>
    <cbc:PrepaidIndicator/>
    <cbc:Amount type="requiredFormat" currencyID="" display="necessary"/>
  </cac:AllowanceCharge>
  <cac:AnticipatedMonetaryTotal>
    <cbc:LineExtensionAmount type="requiredFormat" currencyID="" display="necessary"/>
    <cbc:TaxExclusiveAmount type="requiredFormat" currencyID=""/>
    <cbc:AllowanceTotalAmount type="requiredFormat" currencyID=""/>
    <cbc:ChargeTotalAmount type="requiredFormat" currencyID=""/>
    <cbc:PayableAmount type="requiredFormat" currencyID="" display="necessary"/>
  </cac:AnticipatedMonetaryTotal>
  <cac:OrderLine>
    <cac:LineItem display="necessary">
      <cbc:ID display="necessary"/>
      <cbc:Quantity type="requiredFormat" unitCode="" display="necessary"/>
      <cbc:LineExtensionAmount type="requiredFormat" currencyID=""/>
      <cac:PricingReference>
        <cac:OriginalItemLocationQuantity>
          <cbc:LeadTimeMeasure unitCode=""/>
          <cbc:MinimumQuantity type="requiredFormat" unitCode=""/>
          <cbc:MaximumQuantity type="requiredFormat" unitCode=""/>
          <cbc:TradingRestrictions/>
          <cac:ApplicableTerritoryAddress>
            <cbc:ID/>
            <cbc:AddressTypeCode/>
            <cbc:AddressFormatCode/>
            <cbc:Postbox/>
            <cbc:Floor/>
            <cbc:Room/>
            <cbc:StreetName/>
            <cbc:AdditionalStreetName/>
            <cbc:BlockName/>
            <cbc:BuildingName/>
            <cbc:BuildingNumber/>
            <cbc:InhouseMail/>
            <cbc:Department/>
            <cbc:MarkAttention/>
            <cbc:MarkCare/>
            <cbc:PlotIdentification/>
            <cbc:CitySubdivisionName/>
            <cbc:CityName/>
            <cbc:PostalZone/>
            <cbc:CountrySubentity/>
            <cbc:CountrySubentityCode/>
            <cbc:Region/>
            <cbc:District/>
            <cbc:TimezoneOffset/>
            <cac:AddressLine>
              <cbc:Line display="necessary"/>
            </cac:AddressLine>
            <cac:Country>
              <cbc:IdentificationCode display="necessary"/>
              <cbc:Name/>
            </cac:Country>
            <cac:LocationCoordinate>
              <cbc:CoordinateSystemCode display="necessary"/>
              <cbc:LatitudeDegreesMeasure unitCode="" display="necessary"/>
              <cbc:LatitudeMinutesMeasure unitCode="" display="necessary"/>
              <cbc:LatitudeDirectionCode display="necessary"/>
              <cbc:LongitudeDegreesMeasure unitCode="" display="necessary"/>
              <cbc:LongitudeMinutesMeasure unitCode="" display="necessary"/>
              <cbc:LongitudeDirectionCode display="necessary"/>
            </cac:LocationCoordinate>
          </cac:ApplicableTerritoryAddress>
          <cac:Price>
            <cbc:PriceAmount type="requiredFormat" currencyID="" display="necessary"/>
            <cbc:BaseQuantity type="requiredFormat"/>
            <cbc:PriceTypeCode type="requiredFormat"/>
            <cbc:PriceType type="requiredFormat"/>
            <cbc:OrderableUnitFactorRate/>
            <cac:ValidityPeriod>
              <cbc:StartDate/>
              <cbc:StartTime/>
              <cbc:EndDate/>
              <cbc:EndTime/>
              <cbc:DurationMeasure unitCode=""/>
              <cbc:Description/>
            </cac:ValidityPeriod>
            <cac:PriceList>
              <cbc:ID display="necessary"/>
            </cac:PriceList>
            <cac:AllowanceCharge>
              <cbc:ID/>
              <cbc:ChargeIndicator display="necessary"/>
              <cbc:AllowanceChargeReasonCode/>
              <cbc:AllowanceChargeReason/>
              <cbc:MultiplierFactorNumeric type="requiredFormat"/>
              <cbc:PrepaidIndicator/>
              <cbc:SequenceNumeric type="requiredFormat"/>
              <cbc:Amount type="requiredFormat" currencyID="" display="necessary"/>
              <cbc:BaseAmount type="requiredFormat" currencyID=""/>
            </cac:AllowanceCharge>
          </cac:Price>
          <cac:DeliveryUnit>
            <cbc:BatchQuantity type="requiredFormat" unitCode="" display="necessary"/>
            <cbc:ConsumerUnitQuantity type="requiredFormat" unitCode=""/>
          </cac:DeliveryUnit>
          <cac:ApplicableTaxCategory>
            <cbc:ID display="necessary"/>
            <cbc:Name/>
            <cbc:Percent/>
            <cbc:BaseUnitMeasure unitCode=""/>
            <cbc:PerUnitAmount type="requiredFormat" currencyID=""/>
            <cbc:TaxExemptionReasonCode/>
            <cbc:TaxExemptionReason/>
            <cac:TaxScheme display="necessary">
              <cbc:ID display="necessary"/>
              <cbc:Name/>
              <cbc:TaxTypeCode/>
              <cbc:CurrencyCode/>
              <cac:JurisdictionRegionAddress>
                <cbc:AddressTypeCode/>
                <cbc:BlockName/>
                <cbc:InhouseMail/>
                <cbc:PlotIdentification/>
                <cbc:CitySubdivisionName/>
                <cbc:TimezoneOffset/>
                <cac:Country>
                  <cbc:IdentificationCode display="necessary"/>
                  <cbc:Name/>
                </cac:Country>
                <cac:LocationCoordinate>
                  <cbc:CoordinateSystemCode display="necessary"/>
                  <cbc:LatitudeDegreesMeasure unitCode="" display="necessary"/>
                  <cbc:LatitudeMinutesMeasure unitCode="" display="necessary"/>
                  <cbc:LatitudeDirectionCode display="necessary"/>
                  <cbc:LongitudeDegreesMeasure unitCode="" display="necessary"/>
                  <cbc:LongitudeMinutesMeasure unitCode="" display="necessary"/>
                  <cbc:LongitudeDirectionCode display="necessary"/>
                </cac:LocationCoordinate>
              </cac:JurisdictionRegionAddress>
            </cac:TaxScheme>
          </cac:ApplicableTaxCategory>
        </cac:OriginalItemLocationQuantity>
        <cac:AlternativeConditionPrice>
          <cbc:PriceAmount type="requiredFormat" currencyID="" display="necessary"/>
          <cbc:BaseQuantity type="requiredFormat"/>
          <cbc:PriceTypeCode/>
          <cbc:PriceType/>
          <cbc:OrderableUnitFactorRate/>
          <cac:ValidityPeriod>
            <cbc:StartDate/>
            <cbc:StartTime/>
            <cbc:EndDate/>
            <cbc:EndTime/>
            <cbc:DurationMeasure unitCode=""/>
            <cbc:Description/>
          </cac:ValidityPeriod>
          <cac:PriceList>
            <cbc:ID display="necessary"/>
          </cac:PriceList>
          <cac:AllowanceCharge>
            <cbc:ID/>
            <cbc:ChargeIndicator display="necessary"/>
            <cbc:AllowanceChargeReasonCode/>
            <cbc:AllowanceChargeReason/>
            <cbc:MultiplierFactorNumeric type="requiredFormat"/>
            <cbc:PrepaidIndicator/>
            <cbc:SequenceNumeric type="requiredFormat"/>
            <cbc:Amount type="requiredFormat" currencyID="" display="necessary"/>
            <cbc:BaseAmount type="requiredFormat" currencyID=""/>
          </cac:AllowanceCharge>
        </cac:AlternativeConditionPrice>
      </cac:PricingReference>
      <cac:Price>
        <cbc:PriceAmount type="requiredFormat" currencyID="" display="necessary"/>
      </cac:Price>
      <cac:Item display="necessary">
        <cbc:Description/>
        <cbc:Name/>
        <cac:SellersItemIdentification>
          <cbc:ID schemeAgencyID="" schemeID="" display="necessary"/>
        </cac:SellersItemIdentification>
        <cac:StandardItemIdentification>
          <cbc:ID schemeAgencyID="" schemeID="" display="necessary"/>
        </cac:StandardItemIdentification>
        <cac:AdditionalItemProperty>
          <cbc:Name display="necessary"/>
          <cbc:Value display="necessary"/>
        </cac:AdditionalItemProperty>
      </cac:Item>
    </cac:LineItem>
    <cac:SellerProposedSubstituteLineItem>
      <cbc:ID display="necessary"/>
      <cbc:Quantity type="requiredFormat" display="necessary"/>
      <cbc:LineExtensionAmount type="requiredFormat" currencyID=""/>
      <cac:PricingReference>
        <cac:OriginalItemLocationQuantity>
          <cbc:LeadTimeMeasure unitCode=""/>
          <cbc:MinimumQuantity type="requiredFormat" unitCode=""/>
          <cbc:MaximumQuantity type="requiredFormat" unitCode=""/>
          <cbc:TradingRestrictions/>
          <cac:ApplicableTerritoryAddress>
            <cbc:ID/>
            <cbc:AddressTypeCode/>
            <cbc:AddressFormatCode/>
            <cbc:Postbox/>
            <cbc:Floor/>
            <cbc:Room/>
            <cbc:StreetName/>
            <cbc:AdditionalStreetName/>
            <cbc:BlockName/>
            <cbc:BuildingName/>
            <cbc:BuildingNumber/>
            <cbc:InhouseMail/>
            <cbc:Department/>
            <cbc:MarkAttention/>
            <cbc:MarkCare/>
            <cbc:PlotIdentification/>
            <cbc:CitySubdivisionName/>
            <cbc:CityName/>
            <cbc:PostalZone/>
            <cbc:CountrySubentity/>
            <cbc:CountrySubentityCode/>
            <cbc:Region/>
            <cbc:District/>
            <cbc:TimezoneOffset/>
            <cac:AddressLine>
              <cbc:Line display="necessary"/>
            </cac:AddressLine>
            <cac:Country>
              <cbc:IdentificationCode display="necessary"/>
              <cbc:Name/>
            </cac:Country>
            <cac:LocationCoordinate>
              <cbc:CoordinateSystemCode display="necessary"/>
              <cbc:LatitudeDegreesMeasure unitCode="" display="necessary"/>
              <cbc:LatitudeMinutesMeasure unitCode="" display="necessary"/>
              <cbc:LatitudeDirectionCode display="necessary"/>
              <cbc:LongitudeDegreesMeasure unitCode="" display="necessary"/>
              <cbc:LongitudeMinutesMeasure unitCode="" display="necessary"/>
              <cbc:LongitudeDirectionCode display="necessary"/>
            </cac:LocationCoordinate>
          </cac:ApplicableTerritoryAddress>
          <cac:Price>
            <cbc:PriceAmount type="requiredFormat" currencyID="" display="necessary"/>
            <cbc:BaseQuantity type="requiredFormat" unitCode=""/>
            <cbc:PriceTypeCode/>
            <cbc:PriceType/>
            <cbc:OrderableUnitFactorRate/>
            <cac:ValidityPeriod>
              <cbc:StartDate/>
              <cbc:StartTime/>
              <cbc:EndDate/>
              <cbc:EndTime/>
              <cbc:DurationMeasure unitCode=""/>
              <cbc:Description/>
            </cac:ValidityPeriod>
            <cac:PriceList>
              <cbc:ID display="necessary"/>
            </cac:PriceList>
            <cac:AllowanceCharge>
              <cbc:ID/>
              <cbc:ChargeIndicator display="necessary"/>
              <cbc:AllowanceChargeReasonCode/>
              <cbc:AllowanceChargeReason/>
              <cbc:MultiplierFactorNumeric type="requiredFormat"/>
              <cbc:PrepaidIndicator/>
              <cbc:SequenceNumeric type="requiredFormat"/>
              <cbc:Amount type="requiredFormat" currencyID="" display="necessary"/>
              <cbc:BaseAmount type="requiredFormat" currencyID=""/>
            </cac:AllowanceCharge>
          </cac:Price>
          <cac:DeliveryUnit>
            <cbc:BatchQuantity type="requiredFormat" unitCode="" display="necessary"/>
            <cbc:ConsumerUnitQuantity type="requiredFormat" unitCode=""/>
          </cac:DeliveryUnit>
          <cac:ApplicableTaxCategory>
            <cbc:ID display="necessary"/>
            <cbc:Name/>
            <cbc:Percent/>
            <cbc:BaseUnitMeasure unitCode=""/>
            <cbc:PerUnitAmount type="requiredFormat" currencyID=""/>
            <cbc:TaxExemptionReasonCode/>
            <cbc:TaxExemptionReason/>
            <cac:TaxScheme display="necessary">
              <cbc:ID display="necessary"/>
              <cbc:Name/>
              <cbc:TaxTypeCode/>
              <cbc:CurrencyCode/>
              <cac:JurisdictionRegionAddress>
                <cbc:AddressTypeCode/>
                <cbc:BlockName/>
                <cbc:InhouseMail/>
                <cbc:PlotIdentification/>
                <cbc:CitySubdivisionName/>
                <cbc:TimezoneOffset/>
                <cac:Country>
                  <cbc:IdentificationCode display="necessary"/>
                  <cbc:Name/>
                </cac:Country>
                <cac:LocationCoordinate>
                  <cbc:CoordinateSystemCode display="necessary"/>
                  <cbc:LatitudeDegreesMeasure unitCode="" display="necessary"/>
                  <cbc:LatitudeMinutesMeasure unitCode="" display="necessary"/>
                  <cbc:LatitudeDirectionCode display="necessary"/>
                  <cbc:LongitudeDegreesMeasure unitCode="" display="necessary"/>
                  <cbc:LongitudeMinutesMeasure unitCode="" display="necessary"/>
                  <cbc:LongitudeDirectionCode display="necessary"/>
                </cac:LocationCoordinate>
              </cac:JurisdictionRegionAddress>
            </cac:TaxScheme>
          </cac:ApplicableTaxCategory>
        </cac:OriginalItemLocationQuantity>
        <cac:AlternativeConditionPrice>
          <cbc:PriceAmount type="requiredFormat" currencyID="" display="necessary"/>
          <cbc:BaseQuantity type="requiredFormat"/>
          <cbc:PriceTypeCode/>
          <cbc:PriceType/>
          <cbc:OrderableUnitFactorRate/>
          <cac:ValidityPeriod>
            <cbc:StartDate/>
            <cbc:StartTime/>
            <cbc:EndDate/>
            <cbc:EndTime/>
            <cbc:DurationMeasure unitCode=""/>
            <cbc:Description/>
          </cac:ValidityPeriod>
          <cac:PriceList>
            <cbc:ID display="necessary"/>
          </cac:PriceList>
          <cac:AllowanceCharge>
            <cbc:ID/>
            <cbc:ChargeIndicator display="necessary"/>
            <cbc:AllowanceChargeReasonCode/>
            <cbc:AllowanceChargeReason/>
            <cbc:MultiplierFactorNumeric type="requiredFormat"/>
            <cbc:PrepaidIndicator/>
            <cbc:SequenceNumeric type="requiredFormat"/>
            <cbc:Amount type="requiredFormat" currencyID="" display="necessary"/>
            <cbc:BaseAmount type="requiredFormat" currencyID=""/>
          </cac:AllowanceCharge>
        </cac:AlternativeConditionPrice>
      </cac:PricingReference>
      <cac:Price>
        <cbc:PriceAmount type="requiredFormat" currencyID="" display="necessary"/>
      </cac:Price>
      <cac:Item display="necessary">
        <cbc:Description/>
        <cbc:Name/>
        <cac:SellersItemIdentification>
          <cbc:ID display="necessary"/>
        </cac:SellersItemIdentification>
        <cac:StandardItemIdentification>
          <cbc:ID display="necessary"/>
        </cac:StandardItemIdentification>
        <cac:AdditionalItemProperty>
          <cbc:Name display="necessary"/>
          <cbc:Value display="necessary"/>
        </cac:AdditionalItemProperty>
      </cac:Item>
    </cac:SellerProposedSubstituteLineItem>
  </cac:OrderLine>
</OrderChange>
