<?xml version="1.0" encoding="UTF-8"?>
<Catalogue submitOrder="178" submitOrderIdPosition="1" idPosition="0">
	<cbc:UBLVersionID display="necessary" submitOrder="mapped:8"/>
	<cbc:CustomizationID schemeID="required" display="necessary" submitOrder="mapped:9-schemeID/10"/>
	<cbc:ProfileID display="necessary" submitOrder="mapped:11"/>
	<cbc:ID display="necessary"/>
	<cbc:Name/>
	<cbc:IssueDate display="necessary" submitOrder="mapped:13"/>
	<cbc:VersionID/>
	<cac:ValidityPeriod>
		<cbc:StartDate/>
		<cbc:EndDate submitOrder="mapped:18"/>
	</cac:ValidityPeriod>
	<cac:ReferencedContract display="necessary">
		<cbc:ID display="necessary"/>
		<cbc:ContractType/>
	</cac:ReferencedContract>
	<cac:ProviderParty display="necessary">
		<cbc:EndpointID schemeID="required" schemeAgencyName="required" schemeURI="required"/>
		<cac:PartyIdentification display="necessary">
			<cbc:ID display="necessary" schemeID="required" schemeAgencyName="required" schemeURI="required"/>
		</cac:PartyIdentification>
		<cac:PartyName display="necessary">
			<cbc:Name display="necessary"/>
		</cac:PartyName>
		<cac:PostalAddress>
		    <cbc:StreetName/>
		    <cbc:CityName/>
		  	<cbc:PostalZone/>
		  	<cac:Country>
		  		<cbc:IdentificationCode/>
	  	  	</cac:Country>
	  	</cac:PostalAddress>
	  	<cac:PartyTaxScheme>
		  	<cbc:CompanyID/>
		  	<cac:TaxScheme >
		  		<cbc:ID/>
	  		</cac:TaxScheme>
	  	</cac:PartyTaxScheme>
	</cac:ProviderParty>
	<cac:ReceiverParty display="necessary">
		<cbc:EndpointID schemeID="required" schemeAgencyName="required" schemeURI="required"/>
		<cac:PartyIdentification display="necessary">
			<cbc:ID display="necessary" schemeID="required" schemeAgencyName="required" schemeURI="required"/>
		</cac:PartyIdentification>
		<cac:PartyName display="necessary">
			<cbc:Name display="necessary"/>
		</cac:PartyName>
		<cac:PostalAddress>
		    <cbc:StreetName/>
		    <cbc:CityName/>
		  	<cbc:PostalZone/>
		  	<cac:Country>
		  		<cbc:IdentificationCode/>
	  	  	</cac:Country>
	  	</cac:PostalAddress>
	  	<cac:PartyTaxScheme>
		  	<cbc:CompanyID/>
		  	<cac:TaxScheme >
		  		<cbc:ID/>
	  		</cac:TaxScheme>
	  	</cac:PartyTaxScheme>
	</cac:ReceiverParty>
	<cac:SellerSupplierParty>
		<cac:Party display="necessary">
			<cbc:EndpointID submitOrder="mapped:87-schemeID/89" schemeID="required" schemeAgencyName="required" schemeURI="required"/>
			<cac:PartyIdentification display="necessary">
				<cbc:ID display="necessary" submitOrder="mapped:91-schemeID/93" schemeID="required" schemeAgencyName="required" schemeURI="required"/>
			</cac:PartyIdentification>
			<cac:PartyName display="necessary">
				<cbc:Name display="necessary" submitOrder="mapped:95"/>
			</cac:PartyName>
			<cac:PostalAddress>
				<cbc:ID submitOrder="mapped:96"/>
				<cbc:Postbox submitOrder="mapped:97"/>
				<cbc:StreetName submitOrder="mapped:98"/>
				<cbc:AdditionalStreetName submitOrder="mapped:99"/>
				<cbc:BuildingNumber submitOrder="mapped:100"/>
				<cbc:Department submitOrder="mapped:101"/>
				<cbc:CityName submitOrder="mapped:102"/>
				<cbc:PostalZone submitOrder="mapped:103"/>
				<cbc:CountrySubentity submitOrder="mapped:104"/>
				<cac:Country display="necessary">
					<cbc:IdentificationCode display="necessary" submitOrder="mapped:105"/>
				</cac:Country>
			</cac:PostalAddress>
			<cac:PartyTaxScheme>
				<cbc:CompanyID/>
				<cac:TaxScheme >
					<cbc:ID/>
				</cac:TaxScheme>
	  		</cac:PartyTaxScheme>
	  		<cac:PartyLegalEntity display="necessary">
		  		<cbc:CompanyID display="necessary" submitOrder="mapped:107"/>
	  		</cac:PartyLegalEntity>
			<cac:Contact>
				<cbc:Telephone submitOrder="mapped:111"/>
				<cbc:Telefax submitOrder="mapped:112"/>
				<cbc:ElectronicMail submitOrder="mapped:113"/>
			</cac:Contact>
			<cac:Person>
				<cbc:FirstName submitOrder="mapped:114"/>
				<cbc:FamilyName submitOrder="mapped:115"/>
				<cbc:MiddleName submitOrder="mapped:116"/>
				<cbc:JobTitle submitOrder="mapped:117"/>
			</cac:Person>
		</cac:Party>
	</cac:SellerSupplierParty>
	<cac:ContractorCustomerParty>
		<cac:Party display="necessary">
			<cbc:EndpointID submitOrder="mapped:29-schemeID/31" schemeID="required" schemeAgencyName="required" schemeURI="required"/>
			<cac:PartyIdentification display="necessary">
				<cbc:ID display="necessary" submitOrder="mapped:33-schemeID/35" schemeID="required" schemeAgencyName="required" schemeURI="required"/>
			</cac:PartyIdentification>
			<cac:PartyName display="necessary">
				<cbc:Name display="necessary" submitOrder="mapped:37"/>
			</cac:PartyName>
			<cac:PostalAddress>
				<cbc:ID submitOrder="mapped:38"/>
				<cbc:Postbox submitOrder="mapped:39"/>
				<cbc:StreetName submitOrder="mapped:40"/>
				<cbc:AdditionalStreetName submitOrder="mapped:41"/>
				<cbc:BuildingNumber submitOrder="mapped:42"/>
				<cbc:CityName submitOrder="mapped:44"/>
				<cbc:PostalZone submitOrder="mapped:45"/>
				<cbc:CountrySubentity submitOrder="mapped:46"/>
				<cac:Country display="necessary">
					<cbc:IdentificationCode display="necessary" submitOrder="mapped:47"/>
				</cac:Country>
			</cac:PostalAddress>
	  		<cac:PartyTaxScheme>
				<cbc:CompanyID/>
				<cac:TaxScheme>
					<cbc:ID/>
				</cac:TaxScheme>
	  		</cac:PartyTaxScheme>
	  		<cac:PartyLegalEntity display="necessary">
				<cbc:CompanyID display="necessary" submitOrder="mapped:72"/>
	  		</cac:PartyLegalEntity>
			<cac:Contact>
				<cbc:Telephone submitOrder="mapped:76"/>
				<cbc:Telefax submitOrder="mapped:77"/>
				<cbc:ElectronicMail submitOrder="mapped:78"/>
			</cac:Contact>
			<cac:Person>
				<cbc:FirstName submitOrder="mapped:79"/>
				<cbc:FamilyName submitOrder="mapped:80"/>
				<cbc:MiddleName submitOrder="mapped:81"/>
				<cbc:JobTitle submitOrder="mapped:82"/>
			</cac:Person>
		</cac:Party>
	</cac:ContractorCustomerParty>
	<cac:CatalogueLine type="line">
		<cbc:ID type="lineId" display="necessary" submitOrder="mapped:159"/>
		<cbc:ActionCode display="necessary"/>
		<cbc:Note type="unbounded" type2="id"/>
		<cbc:OrderableIndicator display="necessary"/>
		<cbc:OrderableUnit/>
		<cbc:ContentUnitQuantity type="requiredFormat" display="necessary"/>
		<cbc:OrderQuantityIncrementNumeric type="requiredFormat"/>
		<cbc:MinimumOrderQuantity type="requiredFormat"/>
		<cbc:MaximumOrderQuantity type="requiredFormat"/>
		<cbc:WarrantyInformation/>
		<cac:LineValidityPeriod>
			<cbc:StartDate/>
			<cbc:EndDate/>
		</cac:LineValidityPeriod>
		<cac:ItemComparison>
			<cbc:PriceAmount type="requiredFormat" currencyID="required" display="necessary"/>
			<cbc:Quantity type="requiredFormat" display="necessary"/>
		</cac:ItemComparison>
		<cac:ComponentRelatedItem type="unbounded">
			<cbc:ID type="id" display="necessary"/>
			<cbc:Quantity type="requiredFormat"/>
			<cbc:Description/>
		</cac:ComponentRelatedItem>
		<cac:RequiredRelatedItem type="unbounded">
			<cbc:ID type="id" display="necessary"/>
			<cbc:Quantity type="requiredFormat"/>
			<cbc:Description/>
		</cac:RequiredRelatedItem>
		<cac:AccessoryRelatedItem type="unbounded">
			<cbc:ID type="id" display="necessary"/>
			<cbc:Quantity display="necessary" type="requiredFormat"/>
			<cbc:Description/>
    	</cac:AccessoryRelatedItem>
		<cac:RequiredItemLocationQuantity type="unbounded">
			<cbc:LeadTimeMeasure unitCode="required"/>
			<cbc:MinimumQuantity unitCode="required" type="requiredFormat"/>
			<cbc:MaximumQuantity unitCode="required" type="requiredFormat"/>
			<cac:ApplicableTerritoryAddress>
				<cbc:ID type="id"/>
				<cbc:AddressTypeCode/>
				<cbc:StreetName/>
				<cbc:AdditionalStreetName/>
				<cbc:BuildingNumber/>
				<cbc:CityName/>
				<cbc:PostalZone/>
				<cbc:CountrySubentity/>
				<cbc:Region/>
				<cac:Country display="necessary">
					<cbc:IdentificationCode display="necessary"/>
				</cac:Country>
			</cac:ApplicableTerritoryAddress>
			<cac:Price display="necessary">
				<cbc:PriceAmount display="necessary" type="requiredFormat" currencyID="required"/>
				<cbc:BaseQuantity type="requiredFormat"/>
				<cac:ValidityPeriod>
					<cbc:StartDate/>
					<cbc:EndDate/>
				</cac:ValidityPeriod>
			</cac:Price>
		</cac:RequiredItemLocationQuantity>
		<cac:Item display="necessary">
			<cbc:Description submitOrder="mapped:172"/>
			<cbc:PackQuantity unitCode="required" type="requiredFormat"/>
			<cbc:PackSizeNumeric type="requiredFormat"/>
			<cbc:Name submitOrder="mapped:173"/>
			<cbc:HazardousRiskIndicator/>
			<cbc:Keyword type="unbounded" type2="id"/>
			<cbc:BrandName/>
	  		<cbc:ModelName/>
	  		<cac:BuyersItemIdentification>
				<cbc:ID/>
	  		</cac:BuyersItemIdentification>
			<cac:SellersItemIdentification>
				<cbc:ID display="necessary" submitOrder="mapped:174"/>
				<cbc:ExtendedID/>
			</cac:SellersItemIdentification>
			<cac:ManufacturersItemIdentification>
				<cbc:ID display="necessary"/>
			</cac:ManufacturersItemIdentification>
			<cac:StandardItemIdentification >
				<cbc:ID schemeID="required" display="necessary" submitOrder="mapped:175"/>
			</cac:StandardItemIdentification>
			<cac:ItemSpecificationDocumentReference>
				<cbc:ID display="necessary"/>
				<cbc:DocumentType/>
				<cac:Attachment>
					<cbc:EmbeddedDocumentBinaryObject mimeCode="required"/>
					<cac:ExternalReference display="necessary">
						<cbc:URI display="necessary"/>
					</cac:ExternalReference>
				</cac:Attachment>
			</cac:ItemSpecificationDocumentReference>
			<cac:OriginCountry display="necessary">
				<cbc:IdentificationCode display="necessary"/>
			</cac:OriginCountry>
			<cac:CommodityClassification type="unbounded">
				<cbc:CommodityCode/>
				<cbc:ItemClassificationCode type="id" listID="required" listVersionID="required"/>
			</cac:CommodityClassification>
			<cac:HazardousItem type="unbounded">
				<cbc:UNDGCode/>
				<cbc:HazardClassID type="id"/>
			</cac:HazardousItem>
			<cac:ClassifiedTaxCategory>
				<cbc:ID display="necessary"/>
				<cbc:Percent/>
				<cac:TaxScheme display="necessary">
					<cbc:ID display="necessary"/>
				</cac:TaxScheme>
			</cac:ClassifiedTaxCategory>
			<cac:ItemInstance>
			<cac:AdditionalItemProperty type="unbounded">
				<cbc:Name type="id" display="necessary" submitOrder="mapped:176:unbounded"/>
				<cbc:Value display="necessary" submitOrder="mapped:177:unbounded"/>
				<cbc:TestMethod/>
				<cac:ItemPropertyGroup type="unbounded">
					<cbc:ID type="id" display="necessary"/>
					<cbc:Name/>
				</cac:ItemPropertyGroup>
			</cac:AdditionalItemProperty>
			</cac:ItemInstance>
			<cac:ManufacturerParty display="necessary">
				<cac:PartyName display="necessary">
					<cbc:Name display="necessary"/>
				</cac:PartyName>
			</cac:ManufacturerParty>

				<cac:LotIdentification>
					<cbc:ExpiryDate/>
				</cac:LotIdentification>

		</cac:Item>
	</cac:CatalogueLine>
</Catalogue>
