﻿<?xml version="1.0" encoding="UTF-8"?>
<CreditNote xmlns="urn:oasis:names:specification:ubl:schema:xsd:CreditNote-2"
	xmlns:cac="urn:oasis:names:specification:ubl:schema:xsd:CommonAggregateComponents-2"
	xmlns:cbc="urn:oasis:names:specification:ubl:schema:xsd:CommonBasicComponents-2">

  <cbc:UBLVersionID>1</cbc:UBLVersionID>
  <cbc:CustomizationID/>
  <cbc:ProfileID/>
  <cbc:ID/>
  <cbc:IssueDate/>
  <cbc:Note>5002701</cbc:Note>
  <cbc:DocumentCurrencyCode/>
  <cbc:AccountingCost>5250124502</cbc:AccountingCost>
  <cac:InvoicePeriod>
    <cbc:StartDate/>
    <cbc:EndDate/>
  </cac:InvoicePeriod>
  <cac:BillingReference>
    <cac:InvoiceDocumentReference>
      <cbc:ID/>
    </cac:InvoiceDocumentReference>
    <cac:CreditNoteDocumentReference>
      <cbc:ID/>
    </cac:CreditNoteDocumentReference>
  </cac:BillingReference>
  <cac:AccountingSupplierParty>
    <cac:Party>
      <cbc:EndpointID schemeID="DK:CVR"/>
      <cac:PartyIdentification>
      	<cbc:ID>456457477</cbc:ID>
      </cac:PartyIdentification>
      <cac:PartyName>
        <cbc:Name/>
      </cac:PartyName>
      <cac:PostalAddress>
      	<cbc:ID>ID8876</cbc:ID>
        <cbc:Postbox>TestPostboxNumber</cbc:Postbox>
        <cbc:StreetName>TestStreetName</cbc:StreetName>
        <cbc:AdditionalStreetName>TestAdditionalStreetName</cbc:AdditionalStreetName>
        <cbc:BuildingNumber>10</cbc:BuildingNumber>
        <cbc:CityName>Cherryville</cbc:CityName>
        <cbc:PostalZone>3000</cbc:PostalZone>
        <cbc:CountrySubentity>A territorial division of a country</cbc:CountrySubentity>
        <cac:Country>
          <cbc:IdentificationCode>DK</cbc:IdentificationCode>
        </cac:Country>
      </cac:PostalAddress>
      <cac:PartyTaxScheme>
        <cbc:CompanyID schemeID="DK:SE">DK16356706</cbc:CompanyID>
        <cac:TaxScheme>
          <cbc:ID schemeAgencyID="320" schemeID="urn:oioubl:id:taxschemeid-1.1">63</cbc:ID>
        </cac:TaxScheme>
      </cac:PartyTaxScheme>
      <cac:PartyLegalEntity>
        <cbc:CompanyID schemeID="DK:CVR">DK16356706</cbc:CompanyID>
      </cac:PartyLegalEntity>
      <cac:Contact>
        <cbc:Name>Linda Brown</cbc:Name>
        <cbc:Telephone>26532147</cbc:Telephone>
        <cbc:ElectronicMail>Linda@ea.dk</cbc:ElectronicMail>
      </cac:Contact>
      <cac:Person>
      	<cbc:FirstName>Marie</cbc:FirstName>
      	<cbc:FamilyName>Gorht</cbc:FamilyName>
      	<cbc:MiddleName>Susan</cbc:MiddleName>
      	<cbc:JobTitle>ARRP</cbc:JobTitle>
      </cac:Person>
    </cac:Party>
  </cac:AccountingSupplierParty>
  <cac:AccountingCustomerParty>
    <cac:Party>
      <cbc:EndpointID schemeAgencyID="9" schemeID="GLN"/>
      <cac:PartyName>
        <cbc:Name/>
      </cac:PartyName>
      <cac:PostalAddress>
        <cbc:ID>TestPostalAddressID</cbc:ID>
        <cbc:Postbox>TestPostboxNumber</cbc:Postbox>
        <cbc:StreetName>TestStreetName</cbc:StreetName>
        <cbc:AdditionalStreetName>TestAdditionalStreetName</cbc:AdditionalStreetName>
        <cbc:BuildingNumber/>
        <cbc:CityName>Cherryville</cbc:CityName>
        <cbc:PostalZone>3000</cbc:PostalZone>
        <cbc:Region>3000</cbc:Region>
        <cac:Country>
          <cbc:IdentificationCode/>
        </cac:Country>
      </cac:PostalAddress>
      <cac:PartyTaxScheme>
        <cbc:CompanyID schemeID="DK:SE">DK16356706</cbc:CompanyID>
        <cac:TaxScheme>
          <cbc:ID schemeAgencyID="320" schemeID="urn:oioubl:id:taxschemeid-1.1">63</cbc:ID>
          <cbc:Name>DK16356706</cbc:Name>
          <cbc:TaxTypeCode>DK16356706</cbc:TaxTypeCode>
          <cbc:CurrencyCode>DK16356706</cbc:CurrencyCode>
          <cac:JurisdictionRegionAddress>
            <cac:Country>
              <cbc:IdentificationCode>DK</cbc:IdentificationCode>
              <cbc:Name>DK</cbc:Name>
            </cac:Country>
          </cac:JurisdictionRegionAddress>
        </cac:TaxScheme>
      </cac:PartyTaxScheme>
      <cac:PartyLegalEntity>
        <cbc:CompanyID>TestCompanyID</cbc:CompanyID>
      </cac:PartyLegalEntity>
      <cac:Contact>
        <cbc:Name>Linda Brown</cbc:Name>
        <cbc:Telephone>26532147</cbc:Telephone>
        <cbc:ElectronicMail>Linda@ea.dk</cbc:ElectronicMail>
      </cac:Contact>
    </cac:Party>
  </cac:AccountingCustomerParty>
  <cac:PayeeParty>
    <cac:PartyName>
      <cbc:Name>Linda Brown</cbc:Name>
    </cac:PartyName>
    <cac:PartyLegalEntity>
      <cbc:CompanyID>TestCompanyID</cbc:CompanyID>
    </cac:PartyLegalEntity>
  </cac:PayeeParty>
  <cac:AllowanceCharge>
    <cbc:ChargeIndicator>true</cbc:ChargeIndicator>
    <cbc:AllowanceChargeReason>true</cbc:AllowanceChargeReason>
    <cbc:Amount currencyID="DKK">15.5</cbc:Amount>
    <cbc:AccountingCost>15.5</cbc:AccountingCost>
  </cac:AllowanceCharge>
  <cac:TaxTotal>
    <cbc:TaxAmount currencyID="DKK">1250.00</cbc:TaxAmount>
    <cac:TaxSubtotal>
      <cbc:TaxableAmount currencyID="DKK">5000.00</cbc:TaxableAmount>
      <cbc:TaxAmount currencyID="DKK">1250.50</cbc:TaxAmount>
      <cac:TaxCategory>
        <cbc:ID schemeAgencyID="320" schemeID="urn:oioubl:id:taxcategoryid-1.1">StandardRated</cbc:ID>
        <cbc:Percent>25</cbc:Percent>
        <cac:TaxScheme>
          <cbc:ID schemeAgencyID="320" schemeID="urn:oioubl:id:taxschemeid-1.1">63</cbc:ID>
        </cac:TaxScheme>
      </cac:TaxCategory>
    </cac:TaxSubtotal>
  </cac:TaxTotal>
  <cac:LegalMonetaryTotal>
    <cbc:LineExtensionAmount currencyID="DKK">14</cbc:LineExtensionAmount>
    <cbc:AllowanceTotalAmount currencyID="DKK">5000.00</cbc:AllowanceTotalAmount>
    <cbc:ChargeTotalAmount currencyID="DKK">1250.00</cbc:ChargeTotalAmount>
    <cbc:PrepaidAmount currencyID="DKK">6250.00</cbc:PrepaidAmount>
    <cbc:PayableRoundingAmount currencyID="DKK">6250.00</cbc:PayableRoundingAmount>
    <cbc:PayableAmount currencyID="DKK">17.5</cbc:PayableAmount>
  </cac:LegalMonetaryTotal>
  <cac:CreditNoteLine>
    <cbc:ID>1</cbc:ID>
    <cbc:LineExtensionAmount currencyID="DKK">5000.00</cbc:LineExtensionAmount>
    <cac:Item>
      <cbc:Description>Billboard</cbc:Description>
      <cbc:Name>13</cbc:Name>
      <cac:SellersItemIdentification>
        <cbc:ID schemeAgencyID="9" schemeID="GTIN">5712345780121</cbc:ID>
      </cac:SellersItemIdentification>
      <cac:StandardItemIdentification>
        <cbc:ID schemeAgencyID="9" schemeID="GTIN">5712345780121</cbc:ID>
      </cac:StandardItemIdentification>
      <cac:CommodityClassification>
        <cbc:ItemClassificationCode>5712345780121</cbc:ItemClassificationCode>
      </cac:CommodityClassification>
      <cac:ClassifiedTaxCategory>
        <cbc:ID>5712345780121</cbc:ID>
        <cac:TaxScheme>
          <cbc:ID>5712345780121</cbc:ID>
        </cac:TaxScheme>
      </cac:ClassifiedTaxCategory>
    </cac:Item>
    <cac:Price>
      <cbc:PriceAmount currencyID="DKK">14</cbc:PriceAmount>
      <cac:AllowanceCharge>
        <cbc:ChargeIndicator>true</cbc:ChargeIndicator>
        <cbc:MultiplierFactorNumeric>123</cbc:MultiplierFactorNumeric>
        <cbc:Amount currencyID="DKK">15.5</cbc:Amount>
        <cbc:BaseAmount currencyID="DKK">50.5</cbc:BaseAmount>
      </cac:AllowanceCharge>
    </cac:Price>
  </cac:CreditNoteLine>
</CreditNote>
