<?xml version="1.0" encoding="UTF-8" standalone="no"?>
<Catalogue xmlns="urn:oasis:names:specification:ubl:schema:xsd:Catalogue-2"
	xmlns:cac="urn:oasis:names:specification:ubl:schema:xsd:CommonAggregateComponents-2"
	xmlns:cbc="urn:oasis:names:specification:ubl:schema:xsd:CommonBasicComponents-2">

	<cbc:UBLVersionID>2.0</cbc:UBLVersionID>
  	<cbc:CustomizationID/>
  	<cbc:ProfileID/>
  	<cbc:ID/>
  	<cbc:Name>Christmas catalogue</cbc:Name>
	<cbc:IssueDate/>
	<cbc:VersionID>SC001</cbc:VersionID>
	<cac:ValidityPeriod>
		<cbc:StartDate/>
		<cbc:EndDate/>
	</cac:ValidityPeriod>
	<cac:ReferencedContract>
		<cbc:ID/>
		<cbc:ContractType>The type of Contract</cbc:ContractType>
	</cac:ReferencedContract>
	<cac:ProviderParty>
		<cbc:EndpointID schemeAgencyID="9" schemeID="GLN"/>
		<cac:PartyIdentification>
			<cbc:ID>ABS ID Sender</cbc:ID>
		</cac:PartyIdentification>
		<cac:PartyName>
			<cbc:Name/>
		</cac:PartyName>
		<cac:PostalAddress>
			<cbc:StreetName>Adriaan Brouwersvliet 10</cbc:StreetName>
			<cbc:CityName>Antwerp</cbc:CityName>
			<cbc:PostalZone>2100</cbc:PostalZone>
			<cac:Country>
				<cbc:IdentificationCode>BE</cbc:IdentificationCode>
			</cac:Country>
		</cac:PostalAddress>
		<cac:PartyTaxScheme>
			<cbc:CompanyID>BE0440.000.988</cbc:CompanyID>
			<cac:TaxScheme>
				<cbc:ID>VAT</cbc:ID>
			</cac:TaxScheme>
		</cac:PartyTaxScheme>
	</cac:ProviderParty>
	<cac:ReceiverParty>
		<cbc:EndpointID schemeAgencyID="9" schemeID="GLN"/>
		<cac:PartyIdentification>
			<cbc:ID>ABS ID Receiver</cbc:ID>
		</cac:PartyIdentification>
		<cac:PartyName>
			<cbc:Name/>
		</cac:PartyName>
		<cac:PostalAddress>
			<cbc:StreetName>Rue de la Loi 200</cbc:StreetName>
			<cbc:CityName>Bruxelles</cbc:CityName>
			<cbc:PostalZone>1049</cbc:PostalZone>
			<cac:Country>
				<cbc:IdentificationCode>BE</cbc:IdentificationCode>
			</cac:Country>
		</cac:PostalAddress>
		<cac:PartyTaxScheme>
			<cbc:CompanyID/>
			<cac:TaxScheme>
				<cbc:ID>VAT</cbc:ID>
			</cac:TaxScheme>
		</cac:PartyTaxScheme>
	</cac:ReceiverParty>
	<cac:SellerSupplierParty>
		<cac:Party>
			<cbc:EndpointID schemeAgencyID="9" schemeID="GLN"/>
			<cac:PartyIdentification>
				<cbc:ID schemeAgencyID="9" schemeID="GLN">PartyIdentification SSP ID</cbc:ID>
			</cac:PartyIdentification>
			<cac:PartyName>
				<cbc:Name>Party Name Seller</cbc:Name>
			</cac:PartyName>
		</cac:Party>
	</cac:SellerSupplierParty>
	<cac:ContractorCustomerParty>
		<cac:Party>
			<cac:PartyIdentification>
				<cbc:ID schemeAgencyID="9" schemeID="GLN">CustomerParty CCP ID</cbc:ID>
			</cac:PartyIdentification>
			<cac:PartyName>
				<cbc:Name>Party Name Contractor</cbc:Name>
			</cac:PartyName>
		</cac:Party>
	</cac:ContractorCustomerParty>
	<cac:CatalogueLine/>
</Catalogue>
