<?xml version="1.0" encoding="UTF-8"?>
<Catalogue>
	<cbc:UBLVersionID display="necessary"/>
	<cbc:CustomizationID schemeID="required" display="necessary"/>
	<cbc:ProfileID display="necessary"/>
	<cbc:ID display="necessary"/>
	<cbc:Name/>
	<cbc:IssueDate display="necessary"/>
	<cbc:VersionID/>
	<cac:ValidityPeriod>
		<cbc:StartDate/>
		<cbc:EndDate/>
	</cac:ValidityPeriod>
	<cac:ReferencedContract>
		<cbc:ID display="necessary"/>
		<cbc:ContractType/>
	</cac:ReferencedContract>
	<cac:ProviderParty display="necessary">
		<cbc:EndpointID schemeID="required" schemeAgencyName="required" schemeURI="required"/>
		<cac:PartyIdentification display="necessary">
			<cbc:ID schemeID="required" schemeAgencyName="required" schemeURI="required" display="necessary"/>
		</cac:PartyIdentification>
		<cac:PartyName display="necessary">
			<cbc:Name display="necessary"/>
		</cac:PartyName>
	</cac:ProviderParty>
	<cac:ReceiverParty display="necessary">
		<cbc:EndpointID schemeID="required" schemeAgencyName="required" schemeURI="required"/>
		<cac:PartyIdentification display="necessary">
			<cbc:ID schemeID="required" schemeAgencyName="required" schemeURI="required" display="necessary"/>
		</cac:PartyIdentification>
		<cac:PartyName display="necessary">
			<cbc:Name display="necessary"/>
		</cac:PartyName>
	</cac:ReceiverParty>
	<cac:SellerSupplierParty>
		<cac:Party display="necessary">
			<cbc:EndpointID schemeID="required" schemeAgencyName="required" schemeURI="required"/>
			<cac:PartyIdentification display="necessary">
				<cbc:ID schemeID="required" schemeAgencyName="required" schemeURI="required" display="necessary"/>
			</cac:PartyIdentification>
			<cac:PartyName display="necessary">
				<cbc:Name display="necessary"/>
			</cac:PartyName>
		</cac:Party>
	</cac:SellerSupplierParty>
	<cac:ContractorCustomerParty>
		<cac:Party display="necessary">
			<cac:PartyIdentification display="necessary">
				<cbc:ID schemeID="required" schemeAgencyName="required" schemeURI="required" display="necessary"/>
			</cac:PartyIdentification>
			<cac:PartyName display="necessary">
				<cbc:Name display="necessary"/>
			</cac:PartyName>
		</cac:Party>
	</cac:ContractorCustomerParty>
	<cac:CatalogueLine type="line">
		<cbc:ID type="lineId" display="necessary"/>
		<cbc:ActionCode display="necessary"/>
		<cbc:OrderableIndicator display="necessary"/>
		<cbc:OrderableUnit type="requiredFormat"/>
		<cbc:ContentUnitQuantity type="requiredFormat" display="necessary"/>
		<cbc:OrderQuantityIncrementNumeric type="requiredFormat"/>
		<cbc:MinimumOrderQuantity type="requiredFormat"/>
		<cbc:MaximumOrderQuantity type="requiredFormat"/>
		<cbc:WarrantyInformation type="requiredFormat"/>
		<cac:LineValidityPeriod>
			<cbc:StartDate/>
			<cbc:EndDate/>
		</cac:LineValidityPeriod>
		<cac:ItemComparison>
			<cbc:PriceAmount type="requiredFormat" currencyID="required" display="necessary"/>
			<cbc:Quantity type="requiredFormat" display="necessary"/>
		</cac:ItemComparison>
		<cac:ComponentRelatedItem type="unbounded">
			<cbc:ID type="id"/>
			<cbc:Quantity type="requiredFormat"/>
			<cbc:Description/>
		</cac:ComponentRelatedItem>
		<cac:RequiredRelatedItem type="unbounded">
			<cbc:ID type="id" display="necessary"/>
			<cbc:Quantity type="requiredFormat"/>
			<cbc:Description/>
		</cac:RequiredRelatedItem>
		<cac:RequiredItemLocationQuantity type="unbounded">
			<cbc:LeadTimeMeasure unitCode=""/>
			<cbc:MinimumQuantity type="requiredFormat"/>
			<cbc:MaximumQuantity type="requiredFormat"/>
			<cac:ApplicableTerritoryAddress>
				<cbc:AddressTypeCode/>
				<cbc:StreetName/>
				<cbc:AdditionalStreetName/>
				<cbc:BlockName/>
				<cbc:BuildingNumber/>
				<cbc:InhouseMail/>
				<cbc:PlotIdentification/>
				<cbc:CitySubdivisionName/>
				<cbc:CityName type="id"/>
				<cbc:PostalZone/>
				<cbc:Region/>
				<cbc:TimezoneOffset/>
				<cac:Country>
					<cbc:IdentificationCode display="necessary"/>
				</cac:Country>
				<cac:LocationCoordinate>
					<cbc:CoordinateSystemCode display="necessary"/>
					<cbc:LatitudeDegreesMeasure unitCode="" display="necessary"/>
					<cbc:LatitudeMinutesMeasure unitCode="" display="necessary"/>
					<cbc:LatitudeDirectionCode display="necessary"/>
					<cbc:LongitudeDegreesMeasure unitCode="" display="necessary"/>
					<cbc:LongitudeMinutesMeasure unitCode="" display="necessary"/>
					<cbc:LongitudeDirectionCode display="necessary"/>
				</cac:LocationCoordinate>
			</cac:ApplicableTerritoryAddress>
			<cac:Price>
				<cbc:PriceAmount type="requiredFormat" currencyID="required" display="necessary"/>
				<cbc:BaseQuantity type="requiredFormat"/>
				<cac:ValidityPeriod>
					<cbc:StartDate/>
					<cbc:EndDate/>
				</cac:ValidityPeriod>
			</cac:Price>
		</cac:RequiredItemLocationQuantity>
		<cac:Item display="necessary">
			<cbc:Description/>
			<cbc:PackQuantity type="requiredFormat"/>
			<cbc:PackSizeNumeric type="requiredFormat"/>
			<cbc:Name/>
			<cbc:Keyword type="unbounded" type2="id"/>
			<cac:SellersItemIdentification>
				<cbc:ID display="necessary"/>
				<cbc:ExtendedID/>
			</cac:SellersItemIdentification>
			<cac:ManufacturersItemIdentification>
				<cbc:ID display="necessary"/>
			</cac:ManufacturersItemIdentification>
			<cac:StandardItemIdentification>
				<cbc:ID display="necessary"/>
			</cac:StandardItemIdentification>
			<cac:ItemSpecificationDocumentReference type="unbounded">
				<cbc:ID type="id" display="necessary"/>
				<cbc:DocumentType/>
				<cac:Attachment>
					<cbc:EmbeddedDocumentBinaryObject mimeCode="required"/>
					<cac:ExternalReference>
						<cbc:URI display="necessary"/>
					</cac:ExternalReference>
				</cac:Attachment>
			</cac:ItemSpecificationDocumentReference>
			<cac:OriginCountry>
				<cbc:IdentificationCode display="necessary"/>
			</cac:OriginCountry>
			<cac:CommodityClassification type="unbounded" display="necessary">
				<cbc:CommodityCode type="id"/>
				<cbc:ItemClassificationCode/>
			</cac:CommodityClassification>
			<cac:HazardousItem type="unbounded">
				<cbc:UNDGCode type="id"/>
			</cac:HazardousItem>
			<cac:ClassifiedTaxCategory>
				<cbc:ID display="necessary"/>
				<cac:TaxScheme display="necessary">
					<cbc:ID display="necessary"/>
				</cac:TaxScheme>
			</cac:ClassifiedTaxCategory>
			<cac:AdditionalItemProperty type="unbounded">
				<cbc:Name type="id"/>
				<cbc:Value/>
				<cac:ItemPropertyGroup type="unbounded">
					<cbc:ID type="id" display="necessary"/>
					<cbc:Name/>
				</cac:ItemPropertyGroup>
			</cac:AdditionalItemProperty>
			<cac:ItemInstance>
				<cac:LotIdentification>
					<cbc:ExpiryDate/>
				</cac:LotIdentification>
			</cac:ItemInstance>
		</cac:Item>
	</cac:CatalogueLine>
</Catalogue>