<?xml version="1.0" encoding="UTF-8"?>
<Reminder xmlns="urn:oasis:names:specification:ubl:schema:xsd:Reminder-2"
	xmlns:cac="urn:oasis:names:specification:ubl:schema:xsd:CommonAggregateComponents-2"
	xmlns:cbc="urn:oasis:names:specification:ubl:schema:xsd:CommonBasicComponents-2">
	<cbc:UBLVersionID/>
	<cbc:CustomizationID schemeID="required"/>
	<cbc:ProfileID/>
	<cbc:ID display="necessary"/>
	<cbc:IssueDate display="necessary"/>
	<cbc:ReminderTypeCode listAgencyID="" listID=""/>
	<cbc:ReminderSequenceNumeric/>
	<cbc:Note/>
	<cac:AccountingSupplierParty display="necessary">
		<cac:Party display="necessary">
			<cbc:EndpointID schemeID="required" schemeAgencyName="required" schemeURI="required"/>
			<cac:PartyIdentification display="necessary">
				<cbc:ID schemeID="required" schemeAgencyName="required" schemeURI="required" display="necessary"/>
			</cac:PartyIdentification>
			<cac:PartyName display="necessary">
				<cbc:Name display="necessary"/>
			</cac:PartyName>
		</cac:Party>
	</cac:AccountingSupplierParty>
	<cac:AccountingCustomerParty display="necessary">
		<cac:Party display="necessary">
			<cbc:EndpointID schemeID="required" schemeAgencyName="required" schemeURI="required"/>
			<cac:PartyIdentification display="necessary">
				<cbc:ID schemeID="required" schemeAgencyName="required" schemeURI="required" display="necessary"/>
			</cac:PartyIdentification>
			<cac:PartyName display="necessary">
				<cbc:Name display="necessary"/>
			</cac:PartyName>
		</cac:Party>
	</cac:AccountingCustomerParty>
	<cac:PayeeParty>
		<cac:PartyIdentification>
			<cbc:ID display="necessary"/>
		</cac:PartyIdentification>
		<cac:PartyName>
			<cbc:Name display="necessary"/>
		</cac:PartyName>
	</cac:PayeeParty>
	<cac:TaxTotal>
		<cbc:TaxAmount type="requiredFormat" currencyID="" display="necessary"/>
		<cac:TaxSubtotal>
			<cbc:TaxableAmount type="requiredFormat" currencyID="" display="necessary"/>
			<cbc:TaxAmount type="requiredFormat" currencyID="" display="necessary"/>
			<cac:TaxCategory display="necessary">
				<cbc:ID display="necessary"/>
				<cac:TaxScheme display="necessary">
					<cbc:ID display="necessary"/>
				</cac:TaxScheme>
			</cac:TaxCategory>
		</cac:TaxSubtotal>
	</cac:TaxTotal>
	<cac:LegalMonetaryTotal display="necessary">
		<cbc:LineExtensionAmount type="requiredFormat" currencyID="" display="necessary"/>
		<cbc:PayableAmount type="requiredFormat" currencyID="" display="necessary"/>
	</cac:LegalMonetaryTotal>
	<cac:ReminderLine>
		<cbc:ID display="necessary">1</cbc:ID>
		<cbc:Note/>
		<cbc:DebitLineAmount type="requiredFormat" currencyID=""/>
		<cbc:CreditLineAmount type="requiredFormat" currencyID=""/>
		<cac:BillingReference display="necessary">
			<cac:InvoiceDocumentReference>
				<cbc:ID display="necessary"/>
			</cac:InvoiceDocumentReference>
			<cac:CreditNoteDocumentReference>
				<cbc:ID display="necessary"/>
			</cac:CreditNoteDocumentReference>
		</cac:BillingReference>
	</cac:ReminderLine>
</Reminder>