<?xml version="1.0" encoding="UTF-8" standalone="no"?>
<CatalogueRequest xmlns="urn:oasis:names:specification:ubl:schema:xsd:CatalogueRequest-2"
	xmlns:cac="urn:oasis:names:specification:ubl:schema:xsd:CommonAggregateComponents-2"
	xmlns:cbc="urn:oasis:names:specification:ubl:schema:xsd:CommonBasicComponents-2">

	<cbc:UBLVersionID>2.0</cbc:UBLVersionID>
  	<cbc:CustomizationID/>
  	<cbc:ProfileID/>
  	<cbc:ID/>
	<cbc:IssueDate/>
	<cbc:Description>Describes the Catalogue Request</cbc:Description>
	<cac:ValidityPeriod>
		<cbc:EndDate/>
		<cbc:EndTime/>
	</cac:ValidityPeriod>
	<cac:ReceiverParty>
		<cbc:EndpointID schemeAgencyID="9" schemeID="GLN"/>
		<cac:PartyIdentification>
			<cbc:ID schemeAgencyID="9" schemeID="GLN">ABS ID REC</cbc:ID>
		</cac:PartyIdentification>
		<cac:PartyName>
			<cbc:Name/>
		</cac:PartyName>
		<cac:Contact>
			<cbc:Telephone>4564484</cbc:Telephone>
			<cbc:Telefax>5468444</cbc:Telefax>
			<cbc:ElectronicMail>mj@MJCORP.dk</cbc:ElectronicMail>
		</cac:Contact>
		<cac:Person>
			<cbc:FirstName>Michael</cbc:FirstName>
			<cbc:FamilyName>Johnsson</cbc:FamilyName>
			<cbc:MiddleName>Kurk</cbc:MiddleName>
			<cbc:JobTitle>MJCORP</cbc:JobTitle>
		</cac:Person>
	</cac:ReceiverParty>
	<cac:ProviderParty>
		<cbc:EndpointID schemeAgencyID="9" schemeID="GLN"/>
		<cac:PartyIdentification>
			<cbc:ID schemeAgencyID="9" schemeID="GLN">ABS ID PRV</cbc:ID>
		</cac:PartyIdentification>
		<cac:PartyName>
			<cbc:Name/>
		</cac:PartyName>
		<cac:PostalAddress>
			<cbc:ID>Postal Address ID</cbc:ID>
			<cbc:Postbox>A post office box number</cbc:Postbox>
			<cbc:StreetName>Name of the street</cbc:StreetName>
			<cbc:AdditionalStreetName>Additional name of a street used to further specify the street name</cbc:AdditionalStreetName>
			<cbc:BuildingNumber>The number of a building</cbc:BuildingNumber>
			<cbc:CityName>Copenhagen</cbc:CityName>
			<cbc:PostalZone>26-29</cbc:PostalZone>
			<cbc:CountrySubentity>Sjaelland</cbc:CountrySubentity>
			<cac:Country>
				<cbc:IdentificationCode>DK00D</cbc:IdentificationCode>
			</cac:Country>
		</cac:PostalAddress>
		<cac:Contact>
			<cbc:Telephone>4574454</cbc:Telephone>
			<cbc:Telefax>5665541</cbc:Telefax>
			<cbc:ElectronicMail>cs@CSORG.dk</cbc:ElectronicMail>
		</cac:Contact>
		<cac:Person>
			<cbc:FirstName>Claudia</cbc:FirstName>
			<cbc:FamilyName>Schmidt</cbc:FamilyName>
			<cbc:MiddleName>Kraanah</cbc:MiddleName>
			<cbc:JobTitle>CSORG</cbc:JobTitle>
		</cac:Person>
	</cac:ProviderParty>
	<cac:ReferencedContract>
		<cbc:ID/>
		<cbc:ContractType>The type of Contract, expressed as text</cbc:ContractType>
	</cac:ReferencedContract>
	<cac:CatalogueRequestLine/>
</CatalogueRequest>
