<?xml version="1.0" encoding="UTF-8"?>
<CatalogueRequest
	xmlns="urn:oasis:names:specification:ubl:schema:xsd:CatalogueRequest-2"
	xmlns:cac="urn:oasis:names:specification:ubl:schema:xsd:CommonAggregateComponents-2"
	xmlns:cbc="urn:oasis:names:specification:ubl:schema:xsd:CommonBasicComponents-2">
	<cbc:UBLVersionID/>
	<cbc:CustomizationID schemeID="required"/>
	<cbc:ProfileID/>
	<cbc:ID display="necessary"/>
	<cbc:IssueDate display="necessary"/>
	<cbc:Description/>
	<cac:ValidityPeriod>
		<cbc:EndDate/>
		<cbc:EndTime/>
	</cac:ValidityPeriod>
	<cac:ReceiverParty display="necessary">
		<cbc:EndpointID schemeID="required" schemeAgencyName="required" schemeURI="required"/>
		<cac:PartyIdentification display="necessary">
			<cbc:ID schemeID="required" schemeAgencyName="required" schemeURI="required" display="necessary"/>
		</cac:PartyIdentification>
		<cac:PartyName display="necessary">
			<cbc:Name display="necessary"/>
		</cac:PartyName>
		<cac:Contact>
			<cbc:Telephone/>
			<cbc:Telefax/>
			<cbc:ElectronicMail/>
		</cac:Contact>
		<cac:Person>
			<cbc:FirstName/>
			<cbc:FamilyName/>
			<cbc:MiddleName/>
			<cbc:JobTitle/>
		</cac:Person>
	</cac:ReceiverParty>
	<cac:ProviderParty display="necessary">
		<cbc:EndpointID schemeID="required" schemeAgencyName="required" schemeURI="required"/>
		<cac:PartyIdentification display="necessary">
			<cbc:ID schemeID="required" schemeAgencyName="required" schemeURI="required" display="necessary"/>
		</cac:PartyIdentification>
		<cac:PartyName display="necessary">
			<cbc:Name display="necessary"/>
		</cac:PartyName>
		<cac:PostalAddress>
			<cbc:ID/>
			<cbc:Postbox/>
			<cbc:StreetName/>
			<cbc:AdditionalStreetName/>
			<cbc:BuildingNumber/>
			<cbc:CityName/>
			<cbc:PostalZone/>
			<cbc:CountrySubentity/>
			<cac:Country display="necessary">
				<cbc:IdentificationCode display="necessary"/>
			</cac:Country>
		</cac:PostalAddress>
		<cac:Contact>
			<cbc:Telephone/>
			<cbc:Telefax/>
			<cbc:ElectronicMail/>
		</cac:Contact>
		<cac:Person>
			<cbc:FirstName/>
			<cbc:FamilyName/>
			<cbc:MiddleName/>
			<cbc:JobTitle/>
		</cac:Person>
	</cac:ProviderParty>
	<cac:ReferencedContract display="necessary">
		<cbc:ID display="necessary"/>
		<cbc:ContractType/>
	</cac:ReferencedContract>
	<cac:CatalogueRequestLine type="line">
		<cbc:ID type="lineId" display="necessary"/>
		<cac:Item display="necessary">
			<cbc:Description/>
			<cbc:Name/>
			<cac:SellersItemIdentification>
				<cbc:ID display="necessary"/>
				<cbc:ExtendedID/>
			</cac:SellersItemIdentification>
			<cac:StandardItemIdentification>
				<cbc:ID display="necessary"/>
				<cbc:ExtendedID/>
			</cac:StandardItemIdentification>
			<cac:CatalogueItemIdentification>
				<cbc:ID display="necessary"/>
				<cbc:ExtendedID/>
			</cac:CatalogueItemIdentification>
			<cac:CommodityClassification>
				<cbc:ItemClassificationCode/>
			</cac:CommodityClassification>
			<cac:AdditionalItemProperty type="unbounded">
				<cbc:Name type="id" display="necessary"/>
				<cbc:Value display="necessary"/>
				<cac:ItemPropertyGroup display="necessary">
					<cbc:ID display="necessary"/>
					<cbc:Name/>
				</cac:ItemPropertyGroup>
			</cac:AdditionalItemProperty>
		</cac:Item>
	</cac:CatalogueRequestLine>
</CatalogueRequest>