<?xml version="1.0" encoding="UTF-8"?>
<Invoice xmlns="urn:oasis:names:specification:ubl:schema:xsd:Invoice-2"
	xmlns:cac="urn:oasis:names:specification:ubl:schema:xsd:CommonAggregateComponents-2"
	xmlns:cbc="urn:oasis:names:specification:ubl:schema:xsd:CommonBasicComponents-2">
	<cbc:UBLVersionID display="necessary"/>
	<cbc:CustomizationID schemeID="required" display="necessary"/>
	<cbc:ProfileID display="necessary"/>
	<cbc:ID display="necessary"/>
	<cbc:IssueDate display="necessary"/>
	<cbc:InvoiceTypeCode listAgencyID="" listID=""/>
	<cbc:Note/>
	<cbc:TaxPointDate/>
	<cbc:DocumentCurrencyCode display="necessary"/>
	<cbc:AccountingCost/>
	<cac:InvoicePeriod>
		<cbc:StartDate/>
		<cbc:EndDate/>
	</cac:InvoicePeriod>
	<cac:OrderReference>
		<cbc:ID display="necessary"/>
	</cac:OrderReference>
	<cac:BillingReference>
		<cac:InvoiceDocumentReference>
			<cbc:ID display="necessary"/>
			<cbc:UUID/>
			<cbc:IssueDate/>
			<cbc:DocumentTypeCode/>
			<cbc:DocumentType/>
			<cac:Attachment>
				<cac:ExternalReference>
					<cbc:URI display="necessary"/>
					<cbc:DocumentHash/>
					<cbc:ExpiryDate/>
					<cbc:ExpiryTime/>
				</cac:ExternalReference>
			</cac:Attachment>
		</cac:InvoiceDocumentReference>
		<cac:CreditNoteDocumentReference>
			<cbc:ID display="necessary"/>
			<cbc:UUID/>
			<cbc:IssueDate/>
			<cbc:DocumentTypeCode/>
			<cbc:DocumentType/>
			<cac:Attachment>
				<cac:ExternalReference>
					<cbc:URI display="necessary"/>
					<cbc:DocumentHash/>
					<cbc:ExpiryDate/>
					<cbc:ExpiryTime/>
				</cac:ExternalReference>
			</cac:Attachment>
		</cac:CreditNoteDocumentReference>
	</cac:BillingReference>
	<cac:ContractDocumentReference>
		<cbc:ID display="necessary"/>
		<cbc:DocumentType/>
	</cac:ContractDocumentReference>
	<cac:AdditionalDocumentReference>
		<cbc:ID display="necessary"/>
		<cbc:DocumentType/>
		<cac:Attachment>
			<cbc:EmbeddedDocumentBinaryObject
				mimeCode=""/>
			<cac:ExternalReference>
				<cbc:URI display="necessary"/>
			</cac:ExternalReference>
		</cac:Attachment>
	</cac:AdditionalDocumentReference>
	<cac:AccountingSupplierParty display="necessary">
		<cac:Party display="necessary">
			<cbc:EndpointID schemeID="required" schemeAgencyName="required" schemeURI="required"/>
			<cac:PartyIdentification display="necessary">
				<cbc:ID schemeID="required" schemeAgencyName="required" schemeURI="required" display="necessary"/>
			</cac:PartyIdentification>
			<cac:PartyName display="necessary">
				<cbc:Name display="necessary"/>
			</cac:PartyName>
			<cac:PostalAddress display="necessary">
				<cbc:ID/>
				<cbc:Postbox/>
				<cbc:StreetName/>
				<cbc:AdditionalStreetName/>
				<cbc:BuildingNumber/>
				<cbc:CityName/>
				<cbc:PostalZone/>
				<cbc:CountrySubentity/>
				<cac:Country display="necessary">
					<cbc:IdentificationCode display="necessary">IC6</cbc:IdentificationCode>
				</cac:Country>
			</cac:PostalAddress>
			<cac:PartyTaxScheme>
				<cbc:CompanyID schemeID=""/>
				<cac:TaxScheme display="necessary">
					<cbc:ID schemeAgencyID="" schemeID="" display="necessary"/>
				</cac:TaxScheme>
			</cac:PartyTaxScheme>
			<cac:PartyLegalEntity>
				<cbc:RegistrationName/>
				<cbc:CompanyID schemeID="" display="necessary"/>
				<cac:RegistrationAddress>
					<cbc:CityName/>
					<cbc:CountrySubentity display="necessary"/>
					<cac:Country>
						<cbc:IdentificationCode/>
					</cac:Country>
				</cac:RegistrationAddress>
			</cac:PartyLegalEntity>
			<cac:Contact>
				<cbc:Telephone/>
				<cbc:Telefax/>
				<cbc:ElectronicMail/>
			</cac:Contact>
			<cac:Person>
				<cbc:FirstName/>
				<cbc:FamilyName/>
				<cbc:MiddleName/>
				<cbc:JobTitle/>
			</cac:Person>
		</cac:Party>
	</cac:AccountingSupplierParty>
	<cac:AccountingCustomerParty display="necessary">
		<cac:Party display="necessary">
			<cbc:EndpointID schemeID="required" schemeAgencyName="required" schemeURI="required"/>
			<cac:PartyIdentification display="necessary">
				<cbc:ID schemeID="required" schemeAgencyName="required" schemeURI="required" display="necessary"/>
			</cac:PartyIdentification>
			<cac:PartyName display="necessary">
				<cbc:Name display="necessary"/>
			</cac:PartyName>
			<cac:PostalAddress>
				<cbc:ID/>
				<cbc:Postbox/>
				<cbc:StreetName/>
				<cbc:AdditionalStreetName/>
				<cbc:BuildingNumber/>
				<cbc:Department/>
				<cbc:CityName/>
				<cbc:PostalZone/>
				<cbc:CountrySubentity/>
				<cac:Country display="necessary">
					<cbc:IdentificationCode display="necessary"/>
				</cac:Country>
			</cac:PostalAddress>
			<cac:PartyTaxScheme>
				<cbc:CompanyID schemeID=""/>
				<cac:TaxScheme display="necessary">
					<cbc:ID schemeAgencyID="" schemeID="" display="necessary"/>
				</cac:TaxScheme>
			</cac:PartyTaxScheme>
			<cac:PartyLegalEntity>
				<cbc:RegistrationName/>
				<cbc:CompanyID schemeID="" display="necessary"/>
				<cac:RegistrationAddress>
					<cbc:CityName/>
					<cbc:CountrySubentity/>
					<cac:Country display="necessary">
						<cbc:IdentificationCode display="necessary"/>
					</cac:Country>
				</cac:RegistrationAddress>
			</cac:PartyLegalEntity>
			<cac:Contact>
				<cbc:Telephone/>
				<cbc:Telefax/>
				<cbc:ElectronicMail/>
			</cac:Contact>
			<cac:Person>
				<cbc:FirstName/>
				<cbc:FamilyName/>
				<cbc:MiddleName/>
				<cbc:JobTitle/>
			</cac:Person>
		</cac:Party>
	</cac:AccountingCustomerParty>
	<cac:PayeeParty>
		<cac:PartyIdentification>
			<cbc:ID display="necessary"/>
		</cac:PartyIdentification>
		<cac:PartyName>
			<cbc:Name display="necessary"/>
		</cac:PartyName>
		<cac:PartyLegalEntity>
			<cbc:CompanyID display="necessary"/>
		</cac:PartyLegalEntity>
	</cac:PayeeParty>
	<cac:Delivery>
		<cbc:ActualDeliveryDate/>
		<cac:DeliveryLocation>
			<cbc:ID/>
			<cac:Address>
				<cbc:StreetName/>
				<cbc:BuildingNumber/>
				<cbc:Department/>
				<cbc:CityName/>
				<cbc:PostalZone/>
				<cbc:CountrySubentity/>
				<cac:AddressLine display="necessary">
					<cbc:Line display="necessary"/>
				</cac:AddressLine>
				<cac:Country display="necessary">
					<cbc:IdentificationCode display="necessary"/>
				</cac:Country>
			</cac:Address>
		</cac:DeliveryLocation>
	</cac:Delivery>
	<cac:PaymentMeans>
		<cbc:PaymentMeansCode display="necessary"/>
		<cbc:PaymentDueDate/>
		<cbc:PaymentID/>
		<cac:PayeeFinancialAccount>
			<cbc:ID display="necessary"/>
			<cac:FinancialInstitutionBranch>
				<cbc:ID/>
				<cac:FinancialInstitution>
					<cbc:ID display="necessary"/>
				</cac:FinancialInstitution>
			</cac:FinancialInstitutionBranch>
		</cac:PayeeFinancialAccount>
	</cac:PaymentMeans>
	<cac:PaymentTerms>
		<cbc:Note/>
	</cac:PaymentTerms>
	<cac:AllowanceCharge>
		<cbc:ChargeIndicator display="necessary"/>
		<cbc:AllowanceChargeReason/>
		<cbc:Amount type="requiredFormat" currencyID="" display="necessary"/>
	</cac:AllowanceCharge>
	<cac:TaxTotal display="necessary">
		<cbc:TaxAmount type="requiredFormat" currencyID="" display="necessary"/>
		<cac:TaxSubtotal>
			<cbc:TaxableAmount type="requiredFormat" currencyID="" display="necessary"/>
			<cbc:TaxAmount type="requiredFormat" currencyID="" display="necessary"/>
			<cac:TaxCategory display="necessary">
				<cbc:ID schemeAgencyID="" schemeID="" display="necessary"/>
				<cbc:Percent/>
				<cbc:TaxExemptionReasonCode/>
				<cbc:TaxExemptionReason/>
				<cac:TaxScheme display="necessary">
					<cbc:ID schemeAgencyID="" schemeID="" display="necessary"/>
				</cac:TaxScheme>
			</cac:TaxCategory>
		</cac:TaxSubtotal>
	</cac:TaxTotal>
	<cac:LegalMonetaryTotal display="necessary">
		<cbc:LineExtensionAmount type="requiredFormat" currencyID="" display="necessary"/>
		<cbc:TaxExclusiveAmount type="requiredFormat" currencyID="" display="necessary"/>
		<cbc:TaxInclusiveAmount type="requiredFormat" currencyID="" display="necessary"/>
		<cbc:AllowanceTotalAmount type="requiredFormat" currencyID=""/>
		<cbc:ChargeTotalAmount type="requiredFormat" currencyID=""/>
		<cbc:PrepaidAmount type="requiredFormat" currencyID=""/>
		<cbc:PayableRoundingAmount type="requiredFormat" currencyID=""/>
		<cbc:PayableAmount type="requiredFormat" currencyID="" display="necessary"/>
	</cac:LegalMonetaryTotal>
	<cac:InvoiceLine>
		<cbc:ID display="necessary"/>
		<cbc:Note/>
		<cbc:InvoicedQuantity type="requiredFormat" unitCode=""/>
		<cbc:LineExtensionAmount type="requiredFormat" currencyID="" display="necessary"/>
		<cbc:AccountingCost/>
		<cac:OrderLineReference>
			<cbc:LineID display="necessary"/>
		</cac:OrderLineReference>
		<cac:AllowanceCharge>
			<cbc:ChargeIndicator display="necessary"/>
			<cbc:AllowanceChargeReason/>
			<cbc:Amount type="requiredFormat" currencyID="" display="necessary"/>
			<cbc:BaseAmount type="requiredFormat" currencyID=""/>
		</cac:AllowanceCharge>
		<cac:TaxTotal>
			<cbc:TaxAmount type="requiredFormat" currencyID="" display="necessary"/>
		</cac:TaxTotal>
		<cac:Item display="necessary">
			<cbc:Description/>
			<cbc:Name display="necessary"/>
			<cac:SellersItemIdentification>
				<cbc:ID schemeAgencyID="" schemeID="" display="necessary"/>
			</cac:SellersItemIdentification>
			<cac:StandardItemIdentification>
				<cbc:ID schemeAgencyID="" schemeID="" display="necessary"/>
			</cac:StandardItemIdentification>
			<cac:CommodityClassification>
				<cbc:ItemClassificationCode/>
			</cac:CommodityClassification>
			<cac:ClassifiedTaxCategory>
				<cbc:ID display="necessary"/>
				<cac:TaxScheme display="necessary">
					<cbc:ID display="necessary"/>
				</cac:TaxScheme>
			</cac:ClassifiedTaxCategory>
			<cac:AdditionalItemProperty>
				<cbc:Name display="necessary"/>
				<cbc:Value display="necessary"/>
			</cac:AdditionalItemProperty>
		</cac:Item>
		<cac:Price display="necessary">
			<cbc:PriceAmount type="requiredFormat" currencyID="" display="necessary"/>
			<cbc:BaseQuantity type="requiredFormat"/>
			<cac:AllowanceCharge>
				<cbc:ChargeIndicator display="necessary"/>
				<cbc:AllowanceChargeReason/>
				<cbc:MultiplierFactorNumeric/>
				<cbc:Amount type="requiredFormat" currencyID="" display="necessary"/>
				<cbc:BaseAmount type="requiredFormat" currencyID=""/>
			</cac:AllowanceCharge>
		</cac:Price>
	</cac:InvoiceLine>
</Invoice>