<?xml version="1.0" encoding="UTF-8"?>
<OrderResponseSimple xmlns="urn:oasis:names:specification:ubl:schema:xsd:OrderResponseSimple-2"
	xmlns:cac="urn:oasis:names:specification:ubl:schema:xsd:CommonAggregateComponents-2"
	xmlns:cbc="urn:oasis:names:specification:ubl:schema:xsd:CommonBasicComponents-2">

	<cbc:UBLVersionID>2.0</cbc:UBLVersionID>
  	<cbc:CustomizationID/>
  	<cbc:ProfileID/>
  	<cbc:ID/>
  	<cbc:IssueDate/>
  	<cbc:Note>5002701</cbc:Note>
  	<cbc:AcceptedIndicator>false</cbc:AcceptedIndicator>
  	<cac:OrderReference>
    	<cbc:ID/>
  	</cac:OrderReference>
  	<cac:SellerSupplierParty>
	    <cac:Party>
	      <cbc:EndpointID schemeID="DK:CVR"/>
	      <cac:PartyIdentification>
	        <cbc:ID schemeID="DK:CVR">DK16356706</cbc:ID>
	      </cac:PartyIdentification>
	      <cac:PartyName>
	        <cbc:Name/>
	      </cac:PartyName>
	    </cac:Party>
	</cac:SellerSupplierParty>
  	<cac:BuyerCustomerParty>
	    <cac:Party>
	      <cbc:EndpointID schemeAgencyID="9" schemeID="GLN"/>
	      <cac:PartyIdentification>
	        <cbc:ID schemeAgencyID="9" schemeID="GLN">5798009811578</cbc:ID>
	      </cac:PartyIdentification>
	      <cac:PartyName>
	        <cbc:Name/>
	      </cac:PartyName>
	    </cac:Party>
  	</cac:BuyerCustomerParty>
</OrderResponseSimple>