﻿<?xml version="1.0" encoding="UTF-8"?>
<Reminder xmlns="urn:oasis:names:specification:ubl:schema:xsd:Reminder-2"
	xmlns:cac="urn:oasis:names:specification:ubl:schema:xsd:CommonAggregateComponents-2"
	xmlns:cbc="urn:oasis:names:specification:ubl:schema:xsd:CommonBasicComponents-2">

  <cbc:UBLVersionID>2.0</cbc:UBLVersionID>
  <cbc:CustomizationID/>
  <cbc:ProfileID/>
  <cbc:ID/>
  <cbc:IssueDate/>
  <cbc:ReminderTypeCode listAgencyID="320" listID="urn:oioubl.codelist:remindertypecode-1.1">Advis</cbc:ReminderTypeCode>
  <cbc:ReminderSequenceNumeric>1</cbc:ReminderSequenceNumeric>
  <cbc:Note>SampleNote</cbc:Note>
  <cac:AccountingSupplierParty>
    <cac:Party>
      <cbc:EndpointID schemeID="DK:CVR"/>
      <cac:PartyIdentification>
        <cbc:ID schemeID="DK:CVR">DK16356706</cbc:ID>
      </cac:PartyIdentification>
      <cac:PartyName>
        <cbc:Name/>
      </cac:PartyName>
    </cac:Party>
  </cac:AccountingSupplierParty>
  <cac:AccountingCustomerParty>
    <cac:Party>
      <cbc:EndpointID schemeAgencyID="9" schemeID="GLN"/>
      <cac:PartyIdentification>
        <cbc:ID schemeAgencyID="9" schemeID="GLN">5798009811585</cbc:ID>
      </cac:PartyIdentification>
      <cac:PartyName>
        <cbc:Name/>
      </cac:PartyName>
    </cac:Party>
  </cac:AccountingCustomerParty>
  <cac:PayeeParty>
    <cac:PartyIdentification>
      <cbc:ID>5455</cbc:ID>
    </cac:PartyIdentification>
    <cac:PartyName>
      <cbc:Name>Sample Name</cbc:Name>
    </cac:PartyName>
  </cac:PayeeParty>
  <cac:TaxTotal>
    <cbc:TaxAmount currencyID="DKK">654</cbc:TaxAmount>
    <cac:TaxSubtotal>
      <cbc:TaxableAmount currencyID="DKK">6544</cbc:TaxableAmount>
      <cbc:TaxAmount currencyID="DKK">11</cbc:TaxAmount>
      <cac:TaxCategory>
        <cbc:ID>5454</cbc:ID>
        <cac:TaxScheme>
          <cbc:ID>5646</cbc:ID>
        </cac:TaxScheme>
      </cac:TaxCategory>
    </cac:TaxSubtotal>
  </cac:TaxTotal>
  <cac:LegalMonetaryTotal>
    <cbc:LineExtensionAmount currencyID="DKK">5050.00</cbc:LineExtensionAmount>
    <cbc:PayableAmount currencyID="DKK">6312.50</cbc:PayableAmount>
  </cac:LegalMonetaryTotal>
  <cac:ReminderLine>
    <cbc:ID>1</cbc:ID>
    <cbc:Note>Sample Note</cbc:Note>
    <cbc:DebitLineAmount currencyID="DKK">6312.50</cbc:DebitLineAmount>
    <cbc:CreditLineAmount currencyID="DKK">6312.50</cbc:CreditLineAmount>
    <cac:BillingReference>
      <cac:InvoiceDocumentReference>
        <cbc:ID/>
      </cac:InvoiceDocumentReference>
      <cac:CreditNoteDocumentReference>
        <cbc:ID/>
      </cac:CreditNoteDocumentReference>
    </cac:BillingReference>
  </cac:ReminderLine>
</Reminder>
