<?xml version='1.0'?>
<vcd:VCD minOccurs='1' maxOccurs='1' type='VCDType (from urn:peppol:wp2:schema:xsd:VirtualCompanyDossier-1)' childListType='SEQUENCE' xmlns:cbc='urn:peppol:wp2:schema:xsd:CommonBasicComponents-2' xmlns:cec='urn:oasis:names:specification:ubl:schema:xsd:CommonExtensionComponents-2' xmlns:cac='urn:peppol:wp2:schema:xsd:CommonAggregateComponents-2' xmlns:vcd='urn:peppol:wp2:schema:xsd:VirtualCompanyDossier-1'>
    <cec:UBLExtensions minOccurs='0' maxOccurs='1' type='UBLExtensionsType (from urn:oasis:names:specification:ubl:schema:xsd:CommonExtensionComponents-2)' childListType='SEQUENCE' xmlns:cbc='urn:peppol:wp2:schema:xsd:CommonBasicComponents-2' xmlns:cec='urn:oasis:names:specification:ubl:schema:xsd:CommonExtensionComponents-2' xmlns:cac='urn:peppol:wp2:schema:xsd:CommonAggregateComponents-2' xmlns:vcd='urn:peppol:wp2:schema:xsd:VirtualCompanyDossier-1'>
        <cec:UBLExtension minOccurs='1' maxOccurs='unbounded' type='UBLExtensionType (from urn:oasis:names:specification:ubl:schema:xsd:CommonExtensionComponents-2)' childListType='SEQUENCE' xmlns:cbc='urn:peppol:wp2:schema:xsd:CommonBasicComponents-2' xmlns:cec='urn:oasis:names:specification:ubl:schema:xsd:CommonExtensionComponents-2' xmlns:cac='urn:peppol:wp2:schema:xsd:CommonAggregateComponents-2' xmlns:vcd='urn:peppol:wp2:schema:xsd:VirtualCompanyDossier-1'>
            <cbc:ID minOccurs='0' maxOccurs='1' xsdType='xsd:normalizedString' />
            <cbc:Name minOccurs='0' maxOccurs='1' xsdType='xsd:string' />
            <cec:ExtensionAgencyID minOccurs='0' maxOccurs='1' xsdType='xsd:normalizedString' />
            <cec:ExtensionAgencyName minOccurs='0' maxOccurs='1' xsdType='xsd:string' />
            <cec:ExtensionVersionID minOccurs='0' maxOccurs='1' xsdType='xsd:normalizedString' />
            <cec:ExtensionAgencyURI minOccurs='0' maxOccurs='1' xsdType='xsd:normalizedString' />
            <cec:ExtensionURI minOccurs='0' maxOccurs='1' xsdType='xsd:normalizedString' />
            <cec:ExtensionReasonCode minOccurs='0' maxOccurs='1' xsdType='xsd:normalizedString' />
            <cec:ExtensionReason minOccurs='0' maxOccurs='1' xsdType='xsd:string' />
            <cec:ExtensionContent minOccurs='1' maxOccurs='1' type='ExtensionContentType (from urn:oasis:names:specification:ubl:schema:xsd:CommonExtensionComponents-2)' childListType='SEQUENCE' xmlns:cbc='urn:peppol:wp2:schema:xsd:CommonBasicComponents-2' xmlns:cec='urn:oasis:names:specification:ubl:schema:xsd:CommonExtensionComponents-2' xmlns:cac='urn:peppol:wp2:schema:xsd:CommonAggregateComponents-2' xmlns:vcd='urn:peppol:wp2:schema:xsd:VirtualCompanyDossier-1'>
            </cec:ExtensionContent>
        </cec:UBLExtension>
    </cec:UBLExtensions>
    <cbc:UUID minOccurs='1' maxOccurs='1' xsdType='xsd:normalizedString' />
    <cbc:OntologyDomainCode minOccurs='0' maxOccurs='1' xsdType='xsd:normalizedString' />
    <cbc:OntologyVersionID minOccurs='0' maxOccurs='1' xsdType='xsd:normalizedString' />
    <cbc:CompilationDate minOccurs='1' maxOccurs='1' xsdType='xsd:DateType' />
    <cbc:CompilationTime minOccurs='0' maxOccurs='1' xsdType='xsd:TimeType' />
    <cac:RequesterParty minOccurs='1' maxOccurs='1' type='PartyType (from urn:peppol:wp2:schema:xsd:CommonAggregateComponents-2)' childListType='SEQUENCE' xmlns:cbc='urn:peppol:wp2:schema:xsd:CommonBasicComponents-2' xmlns:cec='urn:oasis:names:specification:ubl:schema:xsd:CommonExtensionComponents-2' xmlns:cac='urn:peppol:wp2:schema:xsd:CommonAggregateComponents-2' xmlns:vcd='urn:peppol:wp2:schema:xsd:VirtualCompanyDossier-1'>
        <cbc:EndpointID minOccurs='0' maxOccurs='1' xsdType='xsd:normalizedString' />
        <cac:PartyIdentification minOccurs='0' maxOccurs='unbounded' type='PartyIdentificationType (from urn:peppol:wp2:schema:xsd:CommonAggregateComponents-2)' childListType='SEQUENCE' xmlns:cbc='urn:peppol:wp2:schema:xsd:CommonBasicComponents-2' xmlns:cec='urn:oasis:names:specification:ubl:schema:xsd:CommonExtensionComponents-2' xmlns:cac='urn:peppol:wp2:schema:xsd:CommonAggregateComponents-2' xmlns:vcd='urn:peppol:wp2:schema:xsd:VirtualCompanyDossier-1'>
            <cbc:ID minOccurs='1' maxOccurs='1' xsdType='xsd:normalizedString' />
        </cac:PartyIdentification>
        <cac:PartyName minOccurs='0' maxOccurs='unbounded' type='PartyNameType (from urn:peppol:wp2:schema:xsd:CommonAggregateComponents-2)' childListType='SEQUENCE' xmlns:cbc='urn:peppol:wp2:schema:xsd:CommonBasicComponents-2' xmlns:cec='urn:oasis:names:specification:ubl:schema:xsd:CommonExtensionComponents-2' xmlns:cac='urn:peppol:wp2:schema:xsd:CommonAggregateComponents-2' xmlns:vcd='urn:peppol:wp2:schema:xsd:VirtualCompanyDossier-1'>
            <cbc:Name minOccurs='1' maxOccurs='1' xsdType='xsd:string' />
        </cac:PartyName>
        <cac:Person minOccurs='0' maxOccurs='1' type='PersonType (from urn:peppol:wp2:schema:xsd:CommonAggregateComponents-2)' childListType='SEQUENCE' xmlns:cbc='urn:peppol:wp2:schema:xsd:CommonBasicComponents-2' xmlns:cec='urn:oasis:names:specification:ubl:schema:xsd:CommonExtensionComponents-2' xmlns:cac='urn:peppol:wp2:schema:xsd:CommonAggregateComponents-2' xmlns:vcd='urn:peppol:wp2:schema:xsd:VirtualCompanyDossier-1'>
            <cbc:FirstName minOccurs='0' maxOccurs='1' xsdType='xsd:string' />
            <cbc:FamilyName minOccurs='0' maxOccurs='1' xsdType='xsd:string' />
            <cbc:MiddleName minOccurs='0' maxOccurs='1' xsdType='xsd:string' />
            <cbc:JobTitle minOccurs='0' maxOccurs='1' xsdType='xsd:string' />
        </cac:Person>
    </cac:RequesterParty>
    <cac:VCDIssuingService minOccurs='1' maxOccurs='1' type='IssuingServiceType (from urn:peppol:wp2:schema:xsd:CommonAggregateComponents-2)' childListType='SEQUENCE' xmlns:cbc='urn:peppol:wp2:schema:xsd:CommonBasicComponents-2' xmlns:cec='urn:oasis:names:specification:ubl:schema:xsd:CommonExtensionComponents-2' xmlns:cac='urn:peppol:wp2:schema:xsd:CommonAggregateComponents-2' xmlns:vcd='urn:peppol:wp2:schema:xsd:VirtualCompanyDossier-1'>
        <cbc:EndpointID minOccurs='1' maxOccurs='1' xsdType='xsd:normalizedString' />
        <cbc:Name minOccurs='1' maxOccurs='1' xsdType='xsd:string' />
        <cac:ProvidingParty minOccurs='1' maxOccurs='1' type='PartyType (from urn:peppol:wp2:schema:xsd:CommonAggregateComponents-2)' childListType='SEQUENCE' xmlns:cbc='urn:peppol:wp2:schema:xsd:CommonBasicComponents-2' xmlns:cec='urn:oasis:names:specification:ubl:schema:xsd:CommonExtensionComponents-2' xmlns:cac='urn:peppol:wp2:schema:xsd:CommonAggregateComponents-2' xmlns:vcd='urn:peppol:wp2:schema:xsd:VirtualCompanyDossier-1'>
            <cbc:EndpointID minOccurs='0' maxOccurs='1' xsdType='xsd:normalizedString' />
            <cac:PartyIdentification minOccurs='0' maxOccurs='unbounded' type='PartyIdentificationType (from urn:peppol:wp2:schema:xsd:CommonAggregateComponents-2)' childListType='SEQUENCE' xmlns:cbc='urn:peppol:wp2:schema:xsd:CommonBasicComponents-2' xmlns:cec='urn:oasis:names:specification:ubl:schema:xsd:CommonExtensionComponents-2' xmlns:cac='urn:peppol:wp2:schema:xsd:CommonAggregateComponents-2' xmlns:vcd='urn:peppol:wp2:schema:xsd:VirtualCompanyDossier-1'>
                <cbc:ID minOccurs='1' maxOccurs='1' xsdType='xsd:normalizedString' />
            </cac:PartyIdentification>
            <cac:PartyName minOccurs='0' maxOccurs='unbounded' type='PartyNameType (from urn:peppol:wp2:schema:xsd:CommonAggregateComponents-2)' childListType='SEQUENCE' xmlns:cbc='urn:peppol:wp2:schema:xsd:CommonBasicComponents-2' xmlns:cec='urn:oasis:names:specification:ubl:schema:xsd:CommonExtensionComponents-2' xmlns:cac='urn:peppol:wp2:schema:xsd:CommonAggregateComponents-2' xmlns:vcd='urn:peppol:wp2:schema:xsd:VirtualCompanyDossier-1'>
                <cbc:Name minOccurs='1' maxOccurs='1' xsdType='xsd:string' />
            </cac:PartyName>
            <cac:Person minOccurs='0' maxOccurs='1' type='PersonType (from urn:peppol:wp2:schema:xsd:CommonAggregateComponents-2)' childListType='SEQUENCE' xmlns:cbc='urn:peppol:wp2:schema:xsd:CommonBasicComponents-2' xmlns:cec='urn:oasis:names:specification:ubl:schema:xsd:CommonExtensionComponents-2' xmlns:cac='urn:peppol:wp2:schema:xsd:CommonAggregateComponents-2' xmlns:vcd='urn:peppol:wp2:schema:xsd:VirtualCompanyDossier-1'>
                <cbc:FirstName minOccurs='0' maxOccurs='1' xsdType='xsd:string' />
                <cbc:FamilyName minOccurs='0' maxOccurs='1' xsdType='xsd:string' />
                <cbc:MiddleName minOccurs='0' maxOccurs='1' xsdType='xsd:string' />
                <cbc:JobTitle minOccurs='0' maxOccurs='1' xsdType='xsd:string' />
            </cac:Person>
        </cac:ProvidingParty>
        <cac:PolicyNonEvidence minOccurs='0' maxOccurs='1' type='NonEvidenceType (from urn:peppol:wp2:schema:xsd:CommonAggregateComponents-2)' childListType='SEQUENCE' xmlns:cbc='urn:peppol:wp2:schema:xsd:CommonBasicComponents-2' xmlns:cec='urn:oasis:names:specification:ubl:schema:xsd:CommonExtensionComponents-2' xmlns:cac='urn:peppol:wp2:schema:xsd:CommonAggregateComponents-2' xmlns:vcd='urn:peppol:wp2:schema:xsd:VirtualCompanyDossier-1'>
            <cbc:DocumentGroupID minOccurs='1' maxOccurs='1' xsdType='xsd:normalizedString' />
            <cbc:Title minOccurs='1' maxOccurs='1' xsdType='xsd:string' />
            <cac:DocumentReference minOccurs='1' maxOccurs='unbounded' type='DocumentReferenceType (from urn:peppol:wp2:schema:xsd:CommonAggregateComponents-2)' childListType='SEQUENCE' xmlns:cbc='urn:peppol:wp2:schema:xsd:CommonBasicComponents-2' xmlns:cec='urn:oasis:names:specification:ubl:schema:xsd:CommonExtensionComponents-2' xmlns:cac='urn:peppol:wp2:schema:xsd:CommonAggregateComponents-2' xmlns:vcd='urn:peppol:wp2:schema:xsd:VirtualCompanyDossier-1'>
                <cbc:ID minOccurs='1' maxOccurs='1' xsdType='xsd:normalizedString' />
                <cbc:IssueDate minOccurs='0' maxOccurs='1' xsdType='xsd:DateType' />
                <cbc:IssueTime minOccurs='0' maxOccurs='1' xsdType='xsd:TimeType' />
                <cbc:DocumentTypeCode minOccurs='0' maxOccurs='1' xsdType='xsd:normalizedString' />
                <cbc:DocumentType minOccurs='0' maxOccurs='1' xsdType='xsd:string' />
                <cac:Attachment minOccurs='0' maxOccurs='1' type='AttachmentType (from urn:peppol:wp2:schema:xsd:CommonAggregateComponents-2)' childListType='SEQUENCE' xmlns:cbc='urn:peppol:wp2:schema:xsd:CommonBasicComponents-2' xmlns:cec='urn:oasis:names:specification:ubl:schema:xsd:CommonExtensionComponents-2' xmlns:cac='urn:peppol:wp2:schema:xsd:CommonAggregateComponents-2' xmlns:vcd='urn:peppol:wp2:schema:xsd:VirtualCompanyDossier-1'>
                    <cbc:EmbeddedDocumentBinaryObject minOccurs='0' maxOccurs='1' xsdType='xsd:base64Binary' />
                    <cac:ExternalReference minOccurs='0' maxOccurs='1' type='ExternalReferenceType (from urn:peppol:wp2:schema:xsd:CommonAggregateComponents-2)' childListType='SEQUENCE' xmlns:cbc='urn:peppol:wp2:schema:xsd:CommonBasicComponents-2' xmlns:cec='urn:oasis:names:specification:ubl:schema:xsd:CommonExtensionComponents-2' xmlns:cac='urn:peppol:wp2:schema:xsd:CommonAggregateComponents-2' xmlns:vcd='urn:peppol:wp2:schema:xsd:VirtualCompanyDossier-1'>
                        <cbc:URI minOccurs='0' maxOccurs='1' xsdType='xsd:normalizedString' />
                        <cbc:DocumentHash minOccurs='0' maxOccurs='1' xsdType='xsd:string' />
                        <cbc:HashAlgorithmMethod minOccurs='0' maxOccurs='unbounded' xsdType='xsd:string' />
                        <cbc:ExpiryDate minOccurs='0' maxOccurs='1' xsdType='xsd:DateType' />
                        <cbc:ExpiryTime minOccurs='0' maxOccurs='1' xsdType='xsd:TimeType' />
                        <cbc:MimeCode minOccurs='0' maxOccurs='1' xsdType='xsd:normalizedString' />
                        <cbc:FormatCode minOccurs='0' maxOccurs='1' xsdType='xsd:normalizedString' />
                        <cbc:EncodingCode minOccurs='0' maxOccurs='1' xsdType='xsd:normalizedString' />
                        <cbc:CharacterSetCode minOccurs='0' maxOccurs='1' xsdType='xsd:normalizedString' />
                        <cbc:FileName minOccurs='0' maxOccurs='1' xsdType='xsd:string' />
                    </cac:ExternalReference>
                </cac:Attachment>
                <cac:ResultOfVerification minOccurs='0' maxOccurs='unbounded' type='ResultOfVerificationType (from urn:peppol:wp2:schema:xsd:CommonAggregateComponents-2)' childListType='SEQUENCE' xmlns:cbc='urn:peppol:wp2:schema:xsd:CommonBasicComponents-2' xmlns:cec='urn:oasis:names:specification:ubl:schema:xsd:CommonExtensionComponents-2' xmlns:cac='urn:peppol:wp2:schema:xsd:CommonAggregateComponents-2' xmlns:vcd='urn:peppol:wp2:schema:xsd:VirtualCompanyDossier-1'>
                    <cbc:ValidatorID minOccurs='0' maxOccurs='1' xsdType='xsd:normalizedString' />
                    <cbc:ValidateResultCode minOccurs='0' maxOccurs='1' xsdType='xsd:normalizedString' />
                    <cbc:ValidationDate minOccurs='0' maxOccurs='1' xsdType='xsd:DateType' />
                    <cbc:ValidationTime minOccurs='0' maxOccurs='1' xsdType='xsd:TimeType' />
                    <cbc:ValidateProcess minOccurs='0' maxOccurs='1' xsdType='xsd:string' />
                    <cbc:ValidateTool minOccurs='0' maxOccurs='1' xsdType='xsd:string' />
                    <cbc:ValidateToolVersion minOccurs='0' maxOccurs='1' xsdType='xsd:string' />
                    <cac:SignatoryParty minOccurs='0' maxOccurs='1' type='PartyType (from urn:peppol:wp2:schema:xsd:CommonAggregateComponents-2)' childListType='SEQUENCE' xmlns:cbc='urn:peppol:wp2:schema:xsd:CommonBasicComponents-2' xmlns:cec='urn:oasis:names:specification:ubl:schema:xsd:CommonExtensionComponents-2' xmlns:cac='urn:peppol:wp2:schema:xsd:CommonAggregateComponents-2' xmlns:vcd='urn:peppol:wp2:schema:xsd:VirtualCompanyDossier-1'>
                        <cbc:EndpointID minOccurs='0' maxOccurs='1' xsdType='xsd:normalizedString' />
                        <cac:PartyIdentification minOccurs='0' maxOccurs='unbounded' type='PartyIdentificationType (from urn:peppol:wp2:schema:xsd:CommonAggregateComponents-2)' childListType='SEQUENCE' xmlns:cbc='urn:peppol:wp2:schema:xsd:CommonBasicComponents-2' xmlns:cec='urn:oasis:names:specification:ubl:schema:xsd:CommonExtensionComponents-2' xmlns:cac='urn:peppol:wp2:schema:xsd:CommonAggregateComponents-2' xmlns:vcd='urn:peppol:wp2:schema:xsd:VirtualCompanyDossier-1'>
                            <cbc:ID minOccurs='1' maxOccurs='1' xsdType='xsd:normalizedString' />
                        </cac:PartyIdentification>
                        <cac:PartyName minOccurs='0' maxOccurs='unbounded' type='PartyNameType (from urn:peppol:wp2:schema:xsd:CommonAggregateComponents-2)' childListType='SEQUENCE' xmlns:cbc='urn:peppol:wp2:schema:xsd:CommonBasicComponents-2' xmlns:cec='urn:oasis:names:specification:ubl:schema:xsd:CommonExtensionComponents-2' xmlns:cac='urn:peppol:wp2:schema:xsd:CommonAggregateComponents-2' xmlns:vcd='urn:peppol:wp2:schema:xsd:VirtualCompanyDossier-1'>
                            <cbc:Name minOccurs='1' maxOccurs='1' xsdType='xsd:string' />
                        </cac:PartyName>
                        <cac:Person minOccurs='0' maxOccurs='1' type='PersonType (from urn:peppol:wp2:schema:xsd:CommonAggregateComponents-2)' childListType='SEQUENCE' xmlns:cbc='urn:peppol:wp2:schema:xsd:CommonBasicComponents-2' xmlns:cec='urn:oasis:names:specification:ubl:schema:xsd:CommonExtensionComponents-2' xmlns:cac='urn:peppol:wp2:schema:xsd:CommonAggregateComponents-2' xmlns:vcd='urn:peppol:wp2:schema:xsd:VirtualCompanyDossier-1'>
                            <cbc:FirstName minOccurs='0' maxOccurs='1' xsdType='xsd:string' />
                            <cbc:FamilyName minOccurs='0' maxOccurs='1' xsdType='xsd:string' />
                            <cbc:MiddleName minOccurs='0' maxOccurs='1' xsdType='xsd:string' />
                            <cbc:JobTitle minOccurs='0' maxOccurs='1' xsdType='xsd:string' />
                        </cac:Person>
                    </cac:SignatoryParty>
                </cac:ResultOfVerification>
                <cac:IssuerParty minOccurs='0' maxOccurs='1' type='PartyType (from urn:peppol:wp2:schema:xsd:CommonAggregateComponents-2)' childListType='SEQUENCE' xmlns:cbc='urn:peppol:wp2:schema:xsd:CommonBasicComponents-2' xmlns:cec='urn:oasis:names:specification:ubl:schema:xsd:CommonExtensionComponents-2' xmlns:cac='urn:peppol:wp2:schema:xsd:CommonAggregateComponents-2' xmlns:vcd='urn:peppol:wp2:schema:xsd:VirtualCompanyDossier-1'>
                    <cbc:EndpointID minOccurs='0' maxOccurs='1' xsdType='xsd:normalizedString' />
                    <cac:PartyIdentification minOccurs='0' maxOccurs='unbounded' type='PartyIdentificationType (from urn:peppol:wp2:schema:xsd:CommonAggregateComponents-2)' childListType='SEQUENCE' xmlns:cbc='urn:peppol:wp2:schema:xsd:CommonBasicComponents-2' xmlns:cec='urn:oasis:names:specification:ubl:schema:xsd:CommonExtensionComponents-2' xmlns:cac='urn:peppol:wp2:schema:xsd:CommonAggregateComponents-2' xmlns:vcd='urn:peppol:wp2:schema:xsd:VirtualCompanyDossier-1'>
                        <cbc:ID minOccurs='1' maxOccurs='1' xsdType='xsd:normalizedString' />
                    </cac:PartyIdentification>
                    <cac:PartyName minOccurs='0' maxOccurs='unbounded' type='PartyNameType (from urn:peppol:wp2:schema:xsd:CommonAggregateComponents-2)' childListType='SEQUENCE' xmlns:cbc='urn:peppol:wp2:schema:xsd:CommonBasicComponents-2' xmlns:cec='urn:oasis:names:specification:ubl:schema:xsd:CommonExtensionComponents-2' xmlns:cac='urn:peppol:wp2:schema:xsd:CommonAggregateComponents-2' xmlns:vcd='urn:peppol:wp2:schema:xsd:VirtualCompanyDossier-1'>
                        <cbc:Name minOccurs='1' maxOccurs='1' xsdType='xsd:string' />
                    </cac:PartyName>
                    <cac:Person minOccurs='0' maxOccurs='1' type='PersonType (from urn:peppol:wp2:schema:xsd:CommonAggregateComponents-2)' childListType='SEQUENCE' xmlns:cbc='urn:peppol:wp2:schema:xsd:CommonBasicComponents-2' xmlns:cec='urn:oasis:names:specification:ubl:schema:xsd:CommonExtensionComponents-2' xmlns:cac='urn:peppol:wp2:schema:xsd:CommonAggregateComponents-2' xmlns:vcd='urn:peppol:wp2:schema:xsd:VirtualCompanyDossier-1'>
                        <cbc:FirstName minOccurs='0' maxOccurs='1' xsdType='xsd:string' />
                        <cbc:FamilyName minOccurs='0' maxOccurs='1' xsdType='xsd:string' />
                        <cbc:MiddleName minOccurs='0' maxOccurs='1' xsdType='xsd:string' />
                        <cbc:JobTitle minOccurs='0' maxOccurs='1' xsdType='xsd:string' />
                    </cac:Person>
                </cac:IssuerParty>
                <cac:Language minOccurs='0' maxOccurs='unbounded' type='LanguageType (from urn:peppol:wp2:schema:xsd:CommonAggregateComponents-2)' childListType='SEQUENCE' xmlns:cbc='urn:peppol:wp2:schema:xsd:CommonBasicComponents-2' xmlns:cec='urn:oasis:names:specification:ubl:schema:xsd:CommonExtensionComponents-2' xmlns:cac='urn:peppol:wp2:schema:xsd:CommonAggregateComponents-2' xmlns:vcd='urn:peppol:wp2:schema:xsd:VirtualCompanyDossier-1'>
                    <cbc:ID minOccurs='0' maxOccurs='1' xsdType='xsd:normalizedString' />
                    <cbc:Name minOccurs='0' maxOccurs='1' xsdType='xsd:string' />
                    <cbc:LocaleCode minOccurs='0' maxOccurs='1' xsdType='xsd:normalizedString' />
                </cac:Language>
            </cac:DocumentReference>
        </cac:PolicyNonEvidence>
    </cac:VCDIssuingService>
    <vcd:EconomicOperator minOccurs='1' maxOccurs='1' type='EconomicOperatorType (from urn:peppol:wp2:schema:xsd:CommonAggregateComponents-2)' childListType='SEQUENCE' xmlns:cbc='urn:peppol:wp2:schema:xsd:CommonBasicComponents-2' xmlns:cec='urn:oasis:names:specification:ubl:schema:xsd:CommonExtensionComponents-2' xmlns:cac='urn:peppol:wp2:schema:xsd:CommonAggregateComponents-2' xmlns:vcd='urn:peppol:wp2:schema:xsd:VirtualCompanyDossier-1'>
        <cbc:OntologyDomainCode minOccurs='1' maxOccurs='1' xsdType='xsd:normalizedString' />
        <cac:Party minOccurs='1' maxOccurs='1' type='PartyType (from urn:peppol:wp2:schema:xsd:CommonAggregateComponents-2)' childListType='SEQUENCE' xmlns:cbc='urn:peppol:wp2:schema:xsd:CommonBasicComponents-2' xmlns:cec='urn:oasis:names:specification:ubl:schema:xsd:CommonExtensionComponents-2' xmlns:cac='urn:peppol:wp2:schema:xsd:CommonAggregateComponents-2' xmlns:vcd='urn:peppol:wp2:schema:xsd:VirtualCompanyDossier-1'>
            <cbc:EndpointID minOccurs='0' maxOccurs='1' xsdType='xsd:normalizedString' />
            <cac:PartyIdentification minOccurs='0' maxOccurs='unbounded' type='PartyIdentificationType (from urn:peppol:wp2:schema:xsd:CommonAggregateComponents-2)' childListType='SEQUENCE' xmlns:cbc='urn:peppol:wp2:schema:xsd:CommonBasicComponents-2' xmlns:cec='urn:oasis:names:specification:ubl:schema:xsd:CommonExtensionComponents-2' xmlns:cac='urn:peppol:wp2:schema:xsd:CommonAggregateComponents-2' xmlns:vcd='urn:peppol:wp2:schema:xsd:VirtualCompanyDossier-1'>
                <cbc:ID minOccurs='1' maxOccurs='1' xsdType='xsd:normalizedString' />
            </cac:PartyIdentification>
            <cac:PartyName minOccurs='0' maxOccurs='unbounded' type='PartyNameType (from urn:peppol:wp2:schema:xsd:CommonAggregateComponents-2)' childListType='SEQUENCE' xmlns:cbc='urn:peppol:wp2:schema:xsd:CommonBasicComponents-2' xmlns:cec='urn:oasis:names:specification:ubl:schema:xsd:CommonExtensionComponents-2' xmlns:cac='urn:peppol:wp2:schema:xsd:CommonAggregateComponents-2' xmlns:vcd='urn:peppol:wp2:schema:xsd:VirtualCompanyDossier-1'>
                <cbc:Name minOccurs='1' maxOccurs='1' xsdType='xsd:string' />
            </cac:PartyName>
            <cac:Person minOccurs='0' maxOccurs='1' type='PersonType (from urn:peppol:wp2:schema:xsd:CommonAggregateComponents-2)' childListType='SEQUENCE' xmlns:cbc='urn:peppol:wp2:schema:xsd:CommonBasicComponents-2' xmlns:cec='urn:oasis:names:specification:ubl:schema:xsd:CommonExtensionComponents-2' xmlns:cac='urn:peppol:wp2:schema:xsd:CommonAggregateComponents-2' xmlns:vcd='urn:peppol:wp2:schema:xsd:VirtualCompanyDossier-1'>
                <cbc:FirstName minOccurs='0' maxOccurs='1' xsdType='xsd:string' />
                <cbc:FamilyName minOccurs='0' maxOccurs='1' xsdType='xsd:string' />
                <cbc:MiddleName minOccurs='0' maxOccurs='1' xsdType='xsd:string' />
                <cbc:JobTitle minOccurs='0' maxOccurs='1' xsdType='xsd:string' />
            </cac:Person>
        </cac:Party>
        <cac:Criterion minOccurs='1' maxOccurs='unbounded' type='CriterionType (from urn:peppol:wp2:schema:xsd:CommonAggregateComponents-2)' childListType='SEQUENCE' xmlns:cbc='urn:peppol:wp2:schema:xsd:CommonBasicComponents-2' xmlns:cec='urn:oasis:names:specification:ubl:schema:xsd:CommonExtensionComponents-2' xmlns:cac='urn:peppol:wp2:schema:xsd:CommonAggregateComponents-2' xmlns:vcd='urn:peppol:wp2:schema:xsd:VirtualCompanyDossier-1'>
            <cbc:ID minOccurs='1' maxOccurs='1' xsdType='xsd:normalizedString' />
            <cbc:CriterionCode minOccurs='0' maxOccurs='1' xsdType='xsd:normalizedString' />
            <cbc:RequestedIndicator minOccurs='1' maxOccurs='1' xsdType='xsd:IndicatorType' />
            <cbc:AllEvidencesSuppliedIndicator minOccurs='0' maxOccurs='1' xsdType='xsd:IndicatorType' />
            <cbc:ProvenIndicator minOccurs='0' maxOccurs='1' xsdType='xsd:IndicatorType' />
            <cbc:ProvingEvidenceID minOccurs='0' maxOccurs='unbounded' xsdType='xsd:normalizedString' />
            <cac:EuropeanRegulation minOccurs='1' maxOccurs='1' type='RegulationType (from urn:peppol:wp2:schema:xsd:CommonAggregateComponents-2)' childListType='SEQUENCE' xmlns:cbc='urn:peppol:wp2:schema:xsd:CommonBasicComponents-2' xmlns:cec='urn:oasis:names:specification:ubl:schema:xsd:CommonExtensionComponents-2' xmlns:cac='urn:peppol:wp2:schema:xsd:CommonAggregateComponents-2' xmlns:vcd='urn:peppol:wp2:schema:xsd:VirtualCompanyDossier-1'>
                <cbc:Name minOccurs='1' maxOccurs='1' xsdType='xsd:string' />
                <cbc:LegalReference minOccurs='1' maxOccurs='1' xsdType='xsd:string' />
                <cbc:OntologyURI minOccurs='1' maxOccurs='1' xsdType='xsd:normalizedString' />
            </cac:EuropeanRegulation>
            <cac:EconomicOperatorNationalRegulation minOccurs='1' maxOccurs='1' type='RegulationType (from urn:peppol:wp2:schema:xsd:CommonAggregateComponents-2)' childListType='SEQUENCE' xmlns:cbc='urn:peppol:wp2:schema:xsd:CommonBasicComponents-2' xmlns:cec='urn:oasis:names:specification:ubl:schema:xsd:CommonExtensionComponents-2' xmlns:cac='urn:peppol:wp2:schema:xsd:CommonAggregateComponents-2' xmlns:vcd='urn:peppol:wp2:schema:xsd:VirtualCompanyDossier-1'>
                <cbc:Name minOccurs='1' maxOccurs='1' xsdType='xsd:string' />
                <cbc:LegalReference minOccurs='1' maxOccurs='1' xsdType='xsd:string' />
                <cbc:OntologyURI minOccurs='1' maxOccurs='1' xsdType='xsd:normalizedString' />
            </cac:EconomicOperatorNationalRegulation>
            <cac:ContractingAuthorityNationalRegulation minOccurs='1' maxOccurs='1' type='RegulationType (from urn:peppol:wp2:schema:xsd:CommonAggregateComponents-2)' childListType='SEQUENCE' xmlns:cbc='urn:peppol:wp2:schema:xsd:CommonBasicComponents-2' xmlns:cec='urn:oasis:names:specification:ubl:schema:xsd:CommonExtensionComponents-2' xmlns:cac='urn:peppol:wp2:schema:xsd:CommonAggregateComponents-2' xmlns:vcd='urn:peppol:wp2:schema:xsd:VirtualCompanyDossier-1'>
                <cbc:Name minOccurs='1' maxOccurs='1' xsdType='xsd:string' />
                <cbc:LegalReference minOccurs='1' maxOccurs='1' xsdType='xsd:string' />
                <cbc:OntologyURI minOccurs='1' maxOccurs='1' xsdType='xsd:normalizedString' />
            </cac:ContractingAuthorityNationalRegulation>
        </cac:Criterion>
        <cac:DescriptiveNonEvidence minOccurs='0' maxOccurs='unbounded' type='NonEvidenceType (from urn:peppol:wp2:schema:xsd:CommonAggregateComponents-2)' childListType='SEQUENCE' xmlns:cbc='urn:peppol:wp2:schema:xsd:CommonBasicComponents-2' xmlns:cec='urn:oasis:names:specification:ubl:schema:xsd:CommonExtensionComponents-2' xmlns:cac='urn:peppol:wp2:schema:xsd:CommonAggregateComponents-2' xmlns:vcd='urn:peppol:wp2:schema:xsd:VirtualCompanyDossier-1'>
            <cbc:DocumentGroupID minOccurs='1' maxOccurs='1' xsdType='xsd:normalizedString' />
            <cbc:Title minOccurs='1' maxOccurs='1' xsdType='xsd:string' />
            <cac:DocumentReference minOccurs='1' maxOccurs='unbounded' type='DocumentReferenceType (from urn:peppol:wp2:schema:xsd:CommonAggregateComponents-2)' childListType='SEQUENCE' xmlns:cbc='urn:peppol:wp2:schema:xsd:CommonBasicComponents-2' xmlns:cec='urn:oasis:names:specification:ubl:schema:xsd:CommonExtensionComponents-2' xmlns:cac='urn:peppol:wp2:schema:xsd:CommonAggregateComponents-2' xmlns:vcd='urn:peppol:wp2:schema:xsd:VirtualCompanyDossier-1'>
                <cbc:ID minOccurs='1' maxOccurs='1' xsdType='xsd:normalizedString' />
                <cbc:IssueDate minOccurs='0' maxOccurs='1' xsdType='xsd:DateType' />
                <cbc:IssueTime minOccurs='0' maxOccurs='1' xsdType='xsd:TimeType' />
                <cbc:DocumentTypeCode minOccurs='0' maxOccurs='1' xsdType='xsd:normalizedString' />
                <cbc:DocumentType minOccurs='0' maxOccurs='1' xsdType='xsd:string' />
                <cac:Attachment minOccurs='0' maxOccurs='1' type='AttachmentType (from urn:peppol:wp2:schema:xsd:CommonAggregateComponents-2)' childListType='SEQUENCE' xmlns:cbc='urn:peppol:wp2:schema:xsd:CommonBasicComponents-2' xmlns:cec='urn:oasis:names:specification:ubl:schema:xsd:CommonExtensionComponents-2' xmlns:cac='urn:peppol:wp2:schema:xsd:CommonAggregateComponents-2' xmlns:vcd='urn:peppol:wp2:schema:xsd:VirtualCompanyDossier-1'>
                    <cbc:EmbeddedDocumentBinaryObject minOccurs='0' maxOccurs='1' xsdType='xsd:base64Binary' />
                    <cac:ExternalReference minOccurs='0' maxOccurs='1' type='ExternalReferenceType (from urn:peppol:wp2:schema:xsd:CommonAggregateComponents-2)' childListType='SEQUENCE' xmlns:cbc='urn:peppol:wp2:schema:xsd:CommonBasicComponents-2' xmlns:cec='urn:oasis:names:specification:ubl:schema:xsd:CommonExtensionComponents-2' xmlns:cac='urn:peppol:wp2:schema:xsd:CommonAggregateComponents-2' xmlns:vcd='urn:peppol:wp2:schema:xsd:VirtualCompanyDossier-1'>
                        <cbc:URI minOccurs='0' maxOccurs='1' xsdType='xsd:normalizedString' />
                        <cbc:DocumentHash minOccurs='0' maxOccurs='1' xsdType='xsd:string' />
                        <cbc:HashAlgorithmMethod minOccurs='0' maxOccurs='unbounded' xsdType='xsd:string' />
                        <cbc:ExpiryDate minOccurs='0' maxOccurs='1' xsdType='xsd:DateType' />
                        <cbc:ExpiryTime minOccurs='0' maxOccurs='1' xsdType='xsd:TimeType' />
                        <cbc:MimeCode minOccurs='0' maxOccurs='1' xsdType='xsd:normalizedString' />
                        <cbc:FormatCode minOccurs='0' maxOccurs='1' xsdType='xsd:normalizedString' />
                        <cbc:EncodingCode minOccurs='0' maxOccurs='1' xsdType='xsd:normalizedString' />
                        <cbc:CharacterSetCode minOccurs='0' maxOccurs='1' xsdType='xsd:normalizedString' />
                        <cbc:FileName minOccurs='0' maxOccurs='1' xsdType='xsd:string' />
                    </cac:ExternalReference>
                </cac:Attachment>
                <cac:ResultOfVerification minOccurs='0' maxOccurs='unbounded' type='ResultOfVerificationType (from urn:peppol:wp2:schema:xsd:CommonAggregateComponents-2)' childListType='SEQUENCE' xmlns:cbc='urn:peppol:wp2:schema:xsd:CommonBasicComponents-2' xmlns:cec='urn:oasis:names:specification:ubl:schema:xsd:CommonExtensionComponents-2' xmlns:cac='urn:peppol:wp2:schema:xsd:CommonAggregateComponents-2' xmlns:vcd='urn:peppol:wp2:schema:xsd:VirtualCompanyDossier-1'>
                    <cbc:ValidatorID minOccurs='0' maxOccurs='1' xsdType='xsd:normalizedString' />
                    <cbc:ValidateResultCode minOccurs='0' maxOccurs='1' xsdType='xsd:normalizedString' />
                    <cbc:ValidationDate minOccurs='0' maxOccurs='1' xsdType='xsd:DateType' />
                    <cbc:ValidationTime minOccurs='0' maxOccurs='1' xsdType='xsd:TimeType' />
                    <cbc:ValidateProcess minOccurs='0' maxOccurs='1' xsdType='xsd:string' />
                    <cbc:ValidateTool minOccurs='0' maxOccurs='1' xsdType='xsd:string' />
                    <cbc:ValidateToolVersion minOccurs='0' maxOccurs='1' xsdType='xsd:string' />
                    <cac:SignatoryParty minOccurs='0' maxOccurs='1' type='PartyType (from urn:peppol:wp2:schema:xsd:CommonAggregateComponents-2)' childListType='SEQUENCE' xmlns:cbc='urn:peppol:wp2:schema:xsd:CommonBasicComponents-2' xmlns:cec='urn:oasis:names:specification:ubl:schema:xsd:CommonExtensionComponents-2' xmlns:cac='urn:peppol:wp2:schema:xsd:CommonAggregateComponents-2' xmlns:vcd='urn:peppol:wp2:schema:xsd:VirtualCompanyDossier-1'>
                        <cbc:EndpointID minOccurs='0' maxOccurs='1' xsdType='xsd:normalizedString' />
                        <cac:PartyIdentification minOccurs='0' maxOccurs='unbounded' type='PartyIdentificationType (from urn:peppol:wp2:schema:xsd:CommonAggregateComponents-2)' childListType='SEQUENCE' xmlns:cbc='urn:peppol:wp2:schema:xsd:CommonBasicComponents-2' xmlns:cec='urn:oasis:names:specification:ubl:schema:xsd:CommonExtensionComponents-2' xmlns:cac='urn:peppol:wp2:schema:xsd:CommonAggregateComponents-2' xmlns:vcd='urn:peppol:wp2:schema:xsd:VirtualCompanyDossier-1'>
                            <cbc:ID minOccurs='1' maxOccurs='1' xsdType='xsd:normalizedString' />
                        </cac:PartyIdentification>
                        <cac:PartyName minOccurs='0' maxOccurs='unbounded' type='PartyNameType (from urn:peppol:wp2:schema:xsd:CommonAggregateComponents-2)' childListType='SEQUENCE' xmlns:cbc='urn:peppol:wp2:schema:xsd:CommonBasicComponents-2' xmlns:cec='urn:oasis:names:specification:ubl:schema:xsd:CommonExtensionComponents-2' xmlns:cac='urn:peppol:wp2:schema:xsd:CommonAggregateComponents-2' xmlns:vcd='urn:peppol:wp2:schema:xsd:VirtualCompanyDossier-1'>
                            <cbc:Name minOccurs='1' maxOccurs='1' xsdType='xsd:string' />
                        </cac:PartyName>
                        <cac:Person minOccurs='0' maxOccurs='1' type='PersonType (from urn:peppol:wp2:schema:xsd:CommonAggregateComponents-2)' childListType='SEQUENCE' xmlns:cbc='urn:peppol:wp2:schema:xsd:CommonBasicComponents-2' xmlns:cec='urn:oasis:names:specification:ubl:schema:xsd:CommonExtensionComponents-2' xmlns:cac='urn:peppol:wp2:schema:xsd:CommonAggregateComponents-2' xmlns:vcd='urn:peppol:wp2:schema:xsd:VirtualCompanyDossier-1'>
                            <cbc:FirstName minOccurs='0' maxOccurs='1' xsdType='xsd:string' />
                            <cbc:FamilyName minOccurs='0' maxOccurs='1' xsdType='xsd:string' />
                            <cbc:MiddleName minOccurs='0' maxOccurs='1' xsdType='xsd:string' />
                            <cbc:JobTitle minOccurs='0' maxOccurs='1' xsdType='xsd:string' />
                        </cac:Person>
                    </cac:SignatoryParty>
                </cac:ResultOfVerification>
                <cac:IssuerParty minOccurs='0' maxOccurs='1' type='PartyType (from urn:peppol:wp2:schema:xsd:CommonAggregateComponents-2)' childListType='SEQUENCE' xmlns:cbc='urn:peppol:wp2:schema:xsd:CommonBasicComponents-2' xmlns:cec='urn:oasis:names:specification:ubl:schema:xsd:CommonExtensionComponents-2' xmlns:cac='urn:peppol:wp2:schema:xsd:CommonAggregateComponents-2' xmlns:vcd='urn:peppol:wp2:schema:xsd:VirtualCompanyDossier-1'>
                    <cbc:EndpointID minOccurs='0' maxOccurs='1' xsdType='xsd:normalizedString' />
                    <cac:PartyIdentification minOccurs='0' maxOccurs='unbounded' type='PartyIdentificationType (from urn:peppol:wp2:schema:xsd:CommonAggregateComponents-2)' childListType='SEQUENCE' xmlns:cbc='urn:peppol:wp2:schema:xsd:CommonBasicComponents-2' xmlns:cec='urn:oasis:names:specification:ubl:schema:xsd:CommonExtensionComponents-2' xmlns:cac='urn:peppol:wp2:schema:xsd:CommonAggregateComponents-2' xmlns:vcd='urn:peppol:wp2:schema:xsd:VirtualCompanyDossier-1'>
                        <cbc:ID minOccurs='1' maxOccurs='1' xsdType='xsd:normalizedString' />
                    </cac:PartyIdentification>
                    <cac:PartyName minOccurs='0' maxOccurs='unbounded' type='PartyNameType (from urn:peppol:wp2:schema:xsd:CommonAggregateComponents-2)' childListType='SEQUENCE' xmlns:cbc='urn:peppol:wp2:schema:xsd:CommonBasicComponents-2' xmlns:cec='urn:oasis:names:specification:ubl:schema:xsd:CommonExtensionComponents-2' xmlns:cac='urn:peppol:wp2:schema:xsd:CommonAggregateComponents-2' xmlns:vcd='urn:peppol:wp2:schema:xsd:VirtualCompanyDossier-1'>
                        <cbc:Name minOccurs='1' maxOccurs='1' xsdType='xsd:string' />
                    </cac:PartyName>
                    <cac:Person minOccurs='0' maxOccurs='1' type='PersonType (from urn:peppol:wp2:schema:xsd:CommonAggregateComponents-2)' childListType='SEQUENCE' xmlns:cbc='urn:peppol:wp2:schema:xsd:CommonBasicComponents-2' xmlns:cec='urn:oasis:names:specification:ubl:schema:xsd:CommonExtensionComponents-2' xmlns:cac='urn:peppol:wp2:schema:xsd:CommonAggregateComponents-2' xmlns:vcd='urn:peppol:wp2:schema:xsd:VirtualCompanyDossier-1'>
                        <cbc:FirstName minOccurs='0' maxOccurs='1' xsdType='xsd:string' />
                        <cbc:FamilyName minOccurs='0' maxOccurs='1' xsdType='xsd:string' />
                        <cbc:MiddleName minOccurs='0' maxOccurs='1' xsdType='xsd:string' />
                        <cbc:JobTitle minOccurs='0' maxOccurs='1' xsdType='xsd:string' />
                    </cac:Person>
                </cac:IssuerParty>
                <cac:Language minOccurs='0' maxOccurs='unbounded' type='LanguageType (from urn:peppol:wp2:schema:xsd:CommonAggregateComponents-2)' childListType='SEQUENCE' xmlns:cbc='urn:peppol:wp2:schema:xsd:CommonBasicComponents-2' xmlns:cec='urn:oasis:names:specification:ubl:schema:xsd:CommonExtensionComponents-2' xmlns:cac='urn:peppol:wp2:schema:xsd:CommonAggregateComponents-2' xmlns:vcd='urn:peppol:wp2:schema:xsd:VirtualCompanyDossier-1'>
                    <cbc:ID minOccurs='0' maxOccurs='1' xsdType='xsd:normalizedString' />
                    <cbc:Name minOccurs='0' maxOccurs='1' xsdType='xsd:string' />
                    <cbc:LocaleCode minOccurs='0' maxOccurs='1' xsdType='xsd:normalizedString' />
                </cac:Language>
            </cac:DocumentReference>
        </cac:DescriptiveNonEvidence>
    </vcd:EconomicOperator>
    <vcd:RelevantVCDPerson minOccurs='0' maxOccurs='unbounded' type='VCDPersonType (from urn:peppol:wp2:schema:xsd:CommonAggregateComponents-2)' childListType='SEQUENCE' xmlns:cbc='urn:peppol:wp2:schema:xsd:CommonBasicComponents-2' xmlns:cec='urn:oasis:names:specification:ubl:schema:xsd:CommonExtensionComponents-2' xmlns:cac='urn:peppol:wp2:schema:xsd:CommonAggregateComponents-2' xmlns:vcd='urn:peppol:wp2:schema:xsd:VirtualCompanyDossier-1'>
        <cbc:ID minOccurs='1' maxOccurs='1' xsdType='xsd:normalizedString' />
        <cbc:BirthDate minOccurs='0' maxOccurs='1' xsdType='xsd:DateType' />
        <cbc:PlaceOfBirth minOccurs='0' maxOccurs='1' xsdType='xsd:string' />
        <cbc:Nationality minOccurs='0' maxOccurs='1' xsdType='xsd:string' />
        <cbc:Profession minOccurs='0' maxOccurs='1' xsdType='xsd:string' />
        <cac:Criterion minOccurs='1' maxOccurs='unbounded' type='CriterionType (from urn:peppol:wp2:schema:xsd:CommonAggregateComponents-2)' childListType='SEQUENCE' xmlns:cbc='urn:peppol:wp2:schema:xsd:CommonBasicComponents-2' xmlns:cec='urn:oasis:names:specification:ubl:schema:xsd:CommonExtensionComponents-2' xmlns:cac='urn:peppol:wp2:schema:xsd:CommonAggregateComponents-2' xmlns:vcd='urn:peppol:wp2:schema:xsd:VirtualCompanyDossier-1'>
            <cbc:ID minOccurs='1' maxOccurs='1' xsdType='xsd:normalizedString' />
            <cbc:CriterionCode minOccurs='0' maxOccurs='1' xsdType='xsd:normalizedString' />
            <cbc:RequestedIndicator minOccurs='1' maxOccurs='1' xsdType='xsd:IndicatorType' />
            <cbc:AllEvidencesSuppliedIndicator minOccurs='0' maxOccurs='1' xsdType='xsd:IndicatorType' />
            <cbc:ProvenIndicator minOccurs='0' maxOccurs='1' xsdType='xsd:IndicatorType' />
            <cbc:ProvingEvidenceID minOccurs='0' maxOccurs='unbounded' xsdType='xsd:normalizedString' />
            <cac:EuropeanRegulation minOccurs='1' maxOccurs='1' type='RegulationType (from urn:peppol:wp2:schema:xsd:CommonAggregateComponents-2)' childListType='SEQUENCE' xmlns:cbc='urn:peppol:wp2:schema:xsd:CommonBasicComponents-2' xmlns:cec='urn:oasis:names:specification:ubl:schema:xsd:CommonExtensionComponents-2' xmlns:cac='urn:peppol:wp2:schema:xsd:CommonAggregateComponents-2' xmlns:vcd='urn:peppol:wp2:schema:xsd:VirtualCompanyDossier-1'>
                <cbc:Name minOccurs='1' maxOccurs='1' xsdType='xsd:string' />
                <cbc:LegalReference minOccurs='1' maxOccurs='1' xsdType='xsd:string' />
                <cbc:OntologyURI minOccurs='1' maxOccurs='1' xsdType='xsd:normalizedString' />
            </cac:EuropeanRegulation>
            <cac:EconomicOperatorNationalRegulation minOccurs='1' maxOccurs='1' type='RegulationType (from urn:peppol:wp2:schema:xsd:CommonAggregateComponents-2)' childListType='SEQUENCE' xmlns:cbc='urn:peppol:wp2:schema:xsd:CommonBasicComponents-2' xmlns:cec='urn:oasis:names:specification:ubl:schema:xsd:CommonExtensionComponents-2' xmlns:cac='urn:peppol:wp2:schema:xsd:CommonAggregateComponents-2' xmlns:vcd='urn:peppol:wp2:schema:xsd:VirtualCompanyDossier-1'>
                <cbc:Name minOccurs='1' maxOccurs='1' xsdType='xsd:string' />
                <cbc:LegalReference minOccurs='1' maxOccurs='1' xsdType='xsd:string' />
                <cbc:OntologyURI minOccurs='1' maxOccurs='1' xsdType='xsd:normalizedString' />
            </cac:EconomicOperatorNationalRegulation>
            <cac:ContractingAuthorityNationalRegulation minOccurs='1' maxOccurs='1' type='RegulationType (from urn:peppol:wp2:schema:xsd:CommonAggregateComponents-2)' childListType='SEQUENCE' xmlns:cbc='urn:peppol:wp2:schema:xsd:CommonBasicComponents-2' xmlns:cec='urn:oasis:names:specification:ubl:schema:xsd:CommonExtensionComponents-2' xmlns:cac='urn:peppol:wp2:schema:xsd:CommonAggregateComponents-2' xmlns:vcd='urn:peppol:wp2:schema:xsd:VirtualCompanyDossier-1'>
                <cbc:Name minOccurs='1' maxOccurs='1' xsdType='xsd:string' />
                <cbc:LegalReference minOccurs='1' maxOccurs='1' xsdType='xsd:string' />
                <cbc:OntologyURI minOccurs='1' maxOccurs='1' xsdType='xsd:normalizedString' />
            </cac:ContractingAuthorityNationalRegulation>
        </cac:Criterion>
        <cac:Person minOccurs='1' maxOccurs='1' type='PersonType (from urn:peppol:wp2:schema:xsd:CommonAggregateComponents-2)' childListType='SEQUENCE' xmlns:cbc='urn:peppol:wp2:schema:xsd:CommonBasicComponents-2' xmlns:cec='urn:oasis:names:specification:ubl:schema:xsd:CommonExtensionComponents-2' xmlns:cac='urn:peppol:wp2:schema:xsd:CommonAggregateComponents-2' xmlns:vcd='urn:peppol:wp2:schema:xsd:VirtualCompanyDossier-1'>
            <cbc:FirstName minOccurs='0' maxOccurs='1' xsdType='xsd:string' />
            <cbc:FamilyName minOccurs='0' maxOccurs='1' xsdType='xsd:string' />
            <cbc:MiddleName minOccurs='0' maxOccurs='1' xsdType='xsd:string' />
            <cbc:JobTitle minOccurs='0' maxOccurs='1' xsdType='xsd:string' />
        </cac:Person>
        <cac:ResidenceAddress minOccurs='0' maxOccurs='1' type='AddressType (from urn:peppol:wp2:schema:xsd:CommonAggregateComponents-2)' childListType='SEQUENCE' xmlns:cbc='urn:peppol:wp2:schema:xsd:CommonBasicComponents-2' xmlns:cec='urn:oasis:names:specification:ubl:schema:xsd:CommonExtensionComponents-2' xmlns:cac='urn:peppol:wp2:schema:xsd:CommonAggregateComponents-2' xmlns:vcd='urn:peppol:wp2:schema:xsd:VirtualCompanyDossier-1'>
            <cbc:CityName minOccurs='0' maxOccurs='1' xsdType='xsd:string' />
            <cbc:PostalZone minOccurs='0' maxOccurs='1' xsdType='xsd:string' />
            <cbc:CountrySubentity minOccurs='0' maxOccurs='1' xsdType='xsd:string' />
            <cbc:CountrySubentityCode minOccurs='0' maxOccurs='1' xsdType='xsd:normalizedString' />
            <cac:AddressLine minOccurs='0' maxOccurs='unbounded' type='AddressLineType (from urn:peppol:wp2:schema:xsd:CommonAggregateComponents-2)' childListType='SEQUENCE' xmlns:cbc='urn:peppol:wp2:schema:xsd:CommonBasicComponents-2' xmlns:cec='urn:oasis:names:specification:ubl:schema:xsd:CommonExtensionComponents-2' xmlns:cac='urn:peppol:wp2:schema:xsd:CommonAggregateComponents-2' xmlns:vcd='urn:peppol:wp2:schema:xsd:VirtualCompanyDossier-1'>
                <cbc:Line minOccurs='1' maxOccurs='1' xsdType='xsd:string' />
            </cac:AddressLine>
            <cac:Country minOccurs='0' maxOccurs='1' type='CountryType (from urn:peppol:wp2:schema:xsd:CommonAggregateComponents-2)' childListType='SEQUENCE' xmlns:cbc='urn:peppol:wp2:schema:xsd:CommonBasicComponents-2' xmlns:cec='urn:oasis:names:specification:ubl:schema:xsd:CommonExtensionComponents-2' xmlns:cac='urn:peppol:wp2:schema:xsd:CommonAggregateComponents-2' xmlns:vcd='urn:peppol:wp2:schema:xsd:VirtualCompanyDossier-1'>
                <cbc:IdentificationCode minOccurs='0' maxOccurs='1' xsdType='xsd:normalizedString' />
                <cbc:Name minOccurs='0' maxOccurs='1' xsdType='xsd:string' />
            </cac:Country>
        </cac:ResidenceAddress>
    </vcd:RelevantVCDPerson>
    <vcd:Evidence minOccurs='0' maxOccurs='unbounded' type='EvidenceType (from urn:peppol:wp2:schema:xsd:CommonAggregateComponents-2)' childListType='SEQUENCE' xmlns:cbc='urn:peppol:wp2:schema:xsd:CommonBasicComponents-2' xmlns:cec='urn:oasis:names:specification:ubl:schema:xsd:CommonExtensionComponents-2' xmlns:cac='urn:peppol:wp2:schema:xsd:CommonAggregateComponents-2' xmlns:vcd='urn:peppol:wp2:schema:xsd:VirtualCompanyDossier-1'>
        <cbc:MaturityLevelCode minOccurs='1' maxOccurs='1' xsdType='xsd:normalizedString' />
        <cbc:DocumentGroupID minOccurs='1' maxOccurs='1' xsdType='xsd:normalizedString' />
        <cbc:Title minOccurs='1' maxOccurs='1' xsdType='xsd:string' />
        <cbc:ProvesCriterionID minOccurs='1' maxOccurs='unbounded' xsdType='xsd:normalizedString' />
        <cac:OntologyDefinitionRegulation minOccurs='1' maxOccurs='1' type='RegulationType (from urn:peppol:wp2:schema:xsd:CommonAggregateComponents-2)' childListType='SEQUENCE' xmlns:cbc='urn:peppol:wp2:schema:xsd:CommonBasicComponents-2' xmlns:cec='urn:oasis:names:specification:ubl:schema:xsd:CommonExtensionComponents-2' xmlns:cac='urn:peppol:wp2:schema:xsd:CommonAggregateComponents-2' xmlns:vcd='urn:peppol:wp2:schema:xsd:VirtualCompanyDossier-1'>
            <cbc:Name minOccurs='1' maxOccurs='1' xsdType='xsd:string' />
            <cbc:LegalReference minOccurs='1' maxOccurs='1' xsdType='xsd:string' />
            <cbc:OntologyURI minOccurs='1' maxOccurs='1' xsdType='xsd:normalizedString' />
        </cac:OntologyDefinitionRegulation>
        <cac:DocumentReference minOccurs='1' maxOccurs='unbounded' type='DocumentReferenceType (from urn:peppol:wp2:schema:xsd:CommonAggregateComponents-2)' childListType='SEQUENCE' xmlns:cbc='urn:peppol:wp2:schema:xsd:CommonBasicComponents-2' xmlns:cec='urn:oasis:names:specification:ubl:schema:xsd:CommonExtensionComponents-2' xmlns:cac='urn:peppol:wp2:schema:xsd:CommonAggregateComponents-2' xmlns:vcd='urn:peppol:wp2:schema:xsd:VirtualCompanyDossier-1'>
            <cbc:ID minOccurs='1' maxOccurs='1' xsdType='xsd:normalizedString' />
            <cbc:IssueDate minOccurs='0' maxOccurs='1' xsdType='xsd:DateType' />
            <cbc:IssueTime minOccurs='0' maxOccurs='1' xsdType='xsd:TimeType' />
            <cbc:DocumentTypeCode minOccurs='0' maxOccurs='1' xsdType='xsd:normalizedString' />
            <cbc:DocumentType minOccurs='0' maxOccurs='1' xsdType='xsd:string' />
            <cac:Attachment minOccurs='0' maxOccurs='1' type='AttachmentType (from urn:peppol:wp2:schema:xsd:CommonAggregateComponents-2)' childListType='SEQUENCE' xmlns:cbc='urn:peppol:wp2:schema:xsd:CommonBasicComponents-2' xmlns:cec='urn:oasis:names:specification:ubl:schema:xsd:CommonExtensionComponents-2' xmlns:cac='urn:peppol:wp2:schema:xsd:CommonAggregateComponents-2' xmlns:vcd='urn:peppol:wp2:schema:xsd:VirtualCompanyDossier-1'>
                <cbc:EmbeddedDocumentBinaryObject minOccurs='0' maxOccurs='1' xsdType='xsd:base64Binary' />
                <cac:ExternalReference minOccurs='0' maxOccurs='1' type='ExternalReferenceType (from urn:peppol:wp2:schema:xsd:CommonAggregateComponents-2)' childListType='SEQUENCE' xmlns:cbc='urn:peppol:wp2:schema:xsd:CommonBasicComponents-2' xmlns:cec='urn:oasis:names:specification:ubl:schema:xsd:CommonExtensionComponents-2' xmlns:cac='urn:peppol:wp2:schema:xsd:CommonAggregateComponents-2' xmlns:vcd='urn:peppol:wp2:schema:xsd:VirtualCompanyDossier-1'>
                    <cbc:URI minOccurs='0' maxOccurs='1' xsdType='xsd:normalizedString' />
                    <cbc:DocumentHash minOccurs='0' maxOccurs='1' xsdType='xsd:string' />
                    <cbc:HashAlgorithmMethod minOccurs='0' maxOccurs='unbounded' xsdType='xsd:string' />
                    <cbc:ExpiryDate minOccurs='0' maxOccurs='1' xsdType='xsd:DateType' />
                    <cbc:ExpiryTime minOccurs='0' maxOccurs='1' xsdType='xsd:TimeType' />
                    <cbc:MimeCode minOccurs='0' maxOccurs='1' xsdType='xsd:normalizedString' />
                    <cbc:FormatCode minOccurs='0' maxOccurs='1' xsdType='xsd:normalizedString' />
                    <cbc:EncodingCode minOccurs='0' maxOccurs='1' xsdType='xsd:normalizedString' />
                    <cbc:CharacterSetCode minOccurs='0' maxOccurs='1' xsdType='xsd:normalizedString' />
                    <cbc:FileName minOccurs='0' maxOccurs='1' xsdType='xsd:string' />
                </cac:ExternalReference>
            </cac:Attachment>
            <cac:ResultOfVerification minOccurs='0' maxOccurs='unbounded' type='ResultOfVerificationType (from urn:peppol:wp2:schema:xsd:CommonAggregateComponents-2)' childListType='SEQUENCE' xmlns:cbc='urn:peppol:wp2:schema:xsd:CommonBasicComponents-2' xmlns:cec='urn:oasis:names:specification:ubl:schema:xsd:CommonExtensionComponents-2' xmlns:cac='urn:peppol:wp2:schema:xsd:CommonAggregateComponents-2' xmlns:vcd='urn:peppol:wp2:schema:xsd:VirtualCompanyDossier-1'>
                <cbc:ValidatorID minOccurs='0' maxOccurs='1' xsdType='xsd:normalizedString' />
                <cbc:ValidateResultCode minOccurs='0' maxOccurs='1' xsdType='xsd:normalizedString' />
                <cbc:ValidationDate minOccurs='0' maxOccurs='1' xsdType='xsd:DateType' />
                <cbc:ValidationTime minOccurs='0' maxOccurs='1' xsdType='xsd:TimeType' />
                <cbc:ValidateProcess minOccurs='0' maxOccurs='1' xsdType='xsd:string' />
                <cbc:ValidateTool minOccurs='0' maxOccurs='1' xsdType='xsd:string' />
                <cbc:ValidateToolVersion minOccurs='0' maxOccurs='1' xsdType='xsd:string' />
                <cac:SignatoryParty minOccurs='0' maxOccurs='1' type='PartyType (from urn:peppol:wp2:schema:xsd:CommonAggregateComponents-2)' childListType='SEQUENCE' xmlns:cbc='urn:peppol:wp2:schema:xsd:CommonBasicComponents-2' xmlns:cec='urn:oasis:names:specification:ubl:schema:xsd:CommonExtensionComponents-2' xmlns:cac='urn:peppol:wp2:schema:xsd:CommonAggregateComponents-2' xmlns:vcd='urn:peppol:wp2:schema:xsd:VirtualCompanyDossier-1'>
                    <cbc:EndpointID minOccurs='0' maxOccurs='1' xsdType='xsd:normalizedString' />
                    <cac:PartyIdentification minOccurs='0' maxOccurs='unbounded' type='PartyIdentificationType (from urn:peppol:wp2:schema:xsd:CommonAggregateComponents-2)' childListType='SEQUENCE' xmlns:cbc='urn:peppol:wp2:schema:xsd:CommonBasicComponents-2' xmlns:cec='urn:oasis:names:specification:ubl:schema:xsd:CommonExtensionComponents-2' xmlns:cac='urn:peppol:wp2:schema:xsd:CommonAggregateComponents-2' xmlns:vcd='urn:peppol:wp2:schema:xsd:VirtualCompanyDossier-1'>
                        <cbc:ID minOccurs='1' maxOccurs='1' xsdType='xsd:normalizedString' />
                    </cac:PartyIdentification>
                    <cac:PartyName minOccurs='0' maxOccurs='unbounded' type='PartyNameType (from urn:peppol:wp2:schema:xsd:CommonAggregateComponents-2)' childListType='SEQUENCE' xmlns:cbc='urn:peppol:wp2:schema:xsd:CommonBasicComponents-2' xmlns:cec='urn:oasis:names:specification:ubl:schema:xsd:CommonExtensionComponents-2' xmlns:cac='urn:peppol:wp2:schema:xsd:CommonAggregateComponents-2' xmlns:vcd='urn:peppol:wp2:schema:xsd:VirtualCompanyDossier-1'>
                        <cbc:Name minOccurs='1' maxOccurs='1' xsdType='xsd:string' />
                    </cac:PartyName>
                    <cac:Person minOccurs='0' maxOccurs='1' type='PersonType (from urn:peppol:wp2:schema:xsd:CommonAggregateComponents-2)' childListType='SEQUENCE' xmlns:cbc='urn:peppol:wp2:schema:xsd:CommonBasicComponents-2' xmlns:cec='urn:oasis:names:specification:ubl:schema:xsd:CommonExtensionComponents-2' xmlns:cac='urn:peppol:wp2:schema:xsd:CommonAggregateComponents-2' xmlns:vcd='urn:peppol:wp2:schema:xsd:VirtualCompanyDossier-1'>
                        <cbc:FirstName minOccurs='0' maxOccurs='1' xsdType='xsd:string' />
                        <cbc:FamilyName minOccurs='0' maxOccurs='1' xsdType='xsd:string' />
                        <cbc:MiddleName minOccurs='0' maxOccurs='1' xsdType='xsd:string' />
                        <cbc:JobTitle minOccurs='0' maxOccurs='1' xsdType='xsd:string' />
                    </cac:Person>
                </cac:SignatoryParty>
            </cac:ResultOfVerification>
            <cac:IssuerParty minOccurs='0' maxOccurs='1' type='PartyType (from urn:peppol:wp2:schema:xsd:CommonAggregateComponents-2)' childListType='SEQUENCE' xmlns:cbc='urn:peppol:wp2:schema:xsd:CommonBasicComponents-2' xmlns:cec='urn:oasis:names:specification:ubl:schema:xsd:CommonExtensionComponents-2' xmlns:cac='urn:peppol:wp2:schema:xsd:CommonAggregateComponents-2' xmlns:vcd='urn:peppol:wp2:schema:xsd:VirtualCompanyDossier-1'>
                <cbc:EndpointID minOccurs='0' maxOccurs='1' xsdType='xsd:normalizedString' />
                <cac:PartyIdentification minOccurs='0' maxOccurs='unbounded' type='PartyIdentificationType (from urn:peppol:wp2:schema:xsd:CommonAggregateComponents-2)' childListType='SEQUENCE' xmlns:cbc='urn:peppol:wp2:schema:xsd:CommonBasicComponents-2' xmlns:cec='urn:oasis:names:specification:ubl:schema:xsd:CommonExtensionComponents-2' xmlns:cac='urn:peppol:wp2:schema:xsd:CommonAggregateComponents-2' xmlns:vcd='urn:peppol:wp2:schema:xsd:VirtualCompanyDossier-1'>
                    <cbc:ID minOccurs='1' maxOccurs='1' xsdType='xsd:normalizedString' />
                </cac:PartyIdentification>
                <cac:PartyName minOccurs='0' maxOccurs='unbounded' type='PartyNameType (from urn:peppol:wp2:schema:xsd:CommonAggregateComponents-2)' childListType='SEQUENCE' xmlns:cbc='urn:peppol:wp2:schema:xsd:CommonBasicComponents-2' xmlns:cec='urn:oasis:names:specification:ubl:schema:xsd:CommonExtensionComponents-2' xmlns:cac='urn:peppol:wp2:schema:xsd:CommonAggregateComponents-2' xmlns:vcd='urn:peppol:wp2:schema:xsd:VirtualCompanyDossier-1'>
                    <cbc:Name minOccurs='1' maxOccurs='1' xsdType='xsd:string' />
                </cac:PartyName>
                <cac:Person minOccurs='0' maxOccurs='1' type='PersonType (from urn:peppol:wp2:schema:xsd:CommonAggregateComponents-2)' childListType='SEQUENCE' xmlns:cbc='urn:peppol:wp2:schema:xsd:CommonBasicComponents-2' xmlns:cec='urn:oasis:names:specification:ubl:schema:xsd:CommonExtensionComponents-2' xmlns:cac='urn:peppol:wp2:schema:xsd:CommonAggregateComponents-2' xmlns:vcd='urn:peppol:wp2:schema:xsd:VirtualCompanyDossier-1'>
                    <cbc:FirstName minOccurs='0' maxOccurs='1' xsdType='xsd:string' />
                    <cbc:FamilyName minOccurs='0' maxOccurs='1' xsdType='xsd:string' />
                    <cbc:MiddleName minOccurs='0' maxOccurs='1' xsdType='xsd:string' />
                    <cbc:JobTitle minOccurs='0' maxOccurs='1' xsdType='xsd:string' />
                </cac:Person>
            </cac:IssuerParty>
            <cac:Language minOccurs='0' maxOccurs='unbounded' type='LanguageType (from urn:peppol:wp2:schema:xsd:CommonAggregateComponents-2)' childListType='SEQUENCE' xmlns:cbc='urn:peppol:wp2:schema:xsd:CommonBasicComponents-2' xmlns:cec='urn:oasis:names:specification:ubl:schema:xsd:CommonExtensionComponents-2' xmlns:cac='urn:peppol:wp2:schema:xsd:CommonAggregateComponents-2' xmlns:vcd='urn:peppol:wp2:schema:xsd:VirtualCompanyDossier-1'>
                <cbc:ID minOccurs='0' maxOccurs='1' xsdType='xsd:normalizedString' />
                <cbc:Name minOccurs='0' maxOccurs='1' xsdType='xsd:string' />
                <cbc:LocaleCode minOccurs='0' maxOccurs='1' xsdType='xsd:normalizedString' />
            </cac:Language>
        </cac:DocumentReference>
    </vcd:Evidence>
    <cac:NonEvidence minOccurs='0' maxOccurs='unbounded' type='NonEvidenceType (from urn:peppol:wp2:schema:xsd:CommonAggregateComponents-2)' childListType='SEQUENCE' xmlns:cbc='urn:peppol:wp2:schema:xsd:CommonBasicComponents-2' xmlns:cec='urn:oasis:names:specification:ubl:schema:xsd:CommonExtensionComponents-2' xmlns:cac='urn:peppol:wp2:schema:xsd:CommonAggregateComponents-2' xmlns:vcd='urn:peppol:wp2:schema:xsd:VirtualCompanyDossier-1'>
        <cbc:DocumentGroupID minOccurs='1' maxOccurs='1' xsdType='xsd:normalizedString' />
        <cbc:Title minOccurs='1' maxOccurs='1' xsdType='xsd:string' />
        <cac:DocumentReference minOccurs='1' maxOccurs='unbounded' type='DocumentReferenceType (from urn:peppol:wp2:schema:xsd:CommonAggregateComponents-2)' childListType='SEQUENCE' xmlns:cbc='urn:peppol:wp2:schema:xsd:CommonBasicComponents-2' xmlns:cec='urn:oasis:names:specification:ubl:schema:xsd:CommonExtensionComponents-2' xmlns:cac='urn:peppol:wp2:schema:xsd:CommonAggregateComponents-2' xmlns:vcd='urn:peppol:wp2:schema:xsd:VirtualCompanyDossier-1'>
            <cbc:ID minOccurs='1' maxOccurs='1' xsdType='xsd:normalizedString' />
            <cbc:IssueDate minOccurs='0' maxOccurs='1' xsdType='xsd:DateType' />
            <cbc:IssueTime minOccurs='0' maxOccurs='1' xsdType='xsd:TimeType' />
            <cbc:DocumentTypeCode minOccurs='0' maxOccurs='1' xsdType='xsd:normalizedString' />
            <cbc:DocumentType minOccurs='0' maxOccurs='1' xsdType='xsd:string' />
            <cac:Attachment minOccurs='0' maxOccurs='1' type='AttachmentType (from urn:peppol:wp2:schema:xsd:CommonAggregateComponents-2)' childListType='SEQUENCE' xmlns:cbc='urn:peppol:wp2:schema:xsd:CommonBasicComponents-2' xmlns:cec='urn:oasis:names:specification:ubl:schema:xsd:CommonExtensionComponents-2' xmlns:cac='urn:peppol:wp2:schema:xsd:CommonAggregateComponents-2' xmlns:vcd='urn:peppol:wp2:schema:xsd:VirtualCompanyDossier-1'>
                <cbc:EmbeddedDocumentBinaryObject minOccurs='0' maxOccurs='1' xsdType='xsd:base64Binary' />
                <cac:ExternalReference minOccurs='0' maxOccurs='1' type='ExternalReferenceType (from urn:peppol:wp2:schema:xsd:CommonAggregateComponents-2)' childListType='SEQUENCE' xmlns:cbc='urn:peppol:wp2:schema:xsd:CommonBasicComponents-2' xmlns:cec='urn:oasis:names:specification:ubl:schema:xsd:CommonExtensionComponents-2' xmlns:cac='urn:peppol:wp2:schema:xsd:CommonAggregateComponents-2' xmlns:vcd='urn:peppol:wp2:schema:xsd:VirtualCompanyDossier-1'>
                    <cbc:URI minOccurs='0' maxOccurs='1' xsdType='xsd:normalizedString' />
                    <cbc:DocumentHash minOccurs='0' maxOccurs='1' xsdType='xsd:string' />
                    <cbc:HashAlgorithmMethod minOccurs='0' maxOccurs='unbounded' xsdType='xsd:string' />
                    <cbc:ExpiryDate minOccurs='0' maxOccurs='1' xsdType='xsd:DateType' />
                    <cbc:ExpiryTime minOccurs='0' maxOccurs='1' xsdType='xsd:TimeType' />
                    <cbc:MimeCode minOccurs='0' maxOccurs='1' xsdType='xsd:normalizedString' />
                    <cbc:FormatCode minOccurs='0' maxOccurs='1' xsdType='xsd:normalizedString' />
                    <cbc:EncodingCode minOccurs='0' maxOccurs='1' xsdType='xsd:normalizedString' />
                    <cbc:CharacterSetCode minOccurs='0' maxOccurs='1' xsdType='xsd:normalizedString' />
                    <cbc:FileName minOccurs='0' maxOccurs='1' xsdType='xsd:string' />
                </cac:ExternalReference>
            </cac:Attachment>
            <cac:ResultOfVerification minOccurs='0' maxOccurs='unbounded' type='ResultOfVerificationType (from urn:peppol:wp2:schema:xsd:CommonAggregateComponents-2)' childListType='SEQUENCE' xmlns:cbc='urn:peppol:wp2:schema:xsd:CommonBasicComponents-2' xmlns:cec='urn:oasis:names:specification:ubl:schema:xsd:CommonExtensionComponents-2' xmlns:cac='urn:peppol:wp2:schema:xsd:CommonAggregateComponents-2' xmlns:vcd='urn:peppol:wp2:schema:xsd:VirtualCompanyDossier-1'>
                <cbc:ValidatorID minOccurs='0' maxOccurs='1' xsdType='xsd:normalizedString' />
                <cbc:ValidateResultCode minOccurs='0' maxOccurs='1' xsdType='xsd:normalizedString' />
                <cbc:ValidationDate minOccurs='0' maxOccurs='1' xsdType='xsd:DateType' />
                <cbc:ValidationTime minOccurs='0' maxOccurs='1' xsdType='xsd:TimeType' />
                <cbc:ValidateProcess minOccurs='0' maxOccurs='1' xsdType='xsd:string' />
                <cbc:ValidateTool minOccurs='0' maxOccurs='1' xsdType='xsd:string' />
                <cbc:ValidateToolVersion minOccurs='0' maxOccurs='1' xsdType='xsd:string' />
                <cac:SignatoryParty minOccurs='0' maxOccurs='1' type='PartyType (from urn:peppol:wp2:schema:xsd:CommonAggregateComponents-2)' childListType='SEQUENCE' xmlns:cbc='urn:peppol:wp2:schema:xsd:CommonBasicComponents-2' xmlns:cec='urn:oasis:names:specification:ubl:schema:xsd:CommonExtensionComponents-2' xmlns:cac='urn:peppol:wp2:schema:xsd:CommonAggregateComponents-2' xmlns:vcd='urn:peppol:wp2:schema:xsd:VirtualCompanyDossier-1'>
                    <cbc:EndpointID minOccurs='0' maxOccurs='1' xsdType='xsd:normalizedString' />
                    <cac:PartyIdentification minOccurs='0' maxOccurs='unbounded' type='PartyIdentificationType (from urn:peppol:wp2:schema:xsd:CommonAggregateComponents-2)' childListType='SEQUENCE' xmlns:cbc='urn:peppol:wp2:schema:xsd:CommonBasicComponents-2' xmlns:cec='urn:oasis:names:specification:ubl:schema:xsd:CommonExtensionComponents-2' xmlns:cac='urn:peppol:wp2:schema:xsd:CommonAggregateComponents-2' xmlns:vcd='urn:peppol:wp2:schema:xsd:VirtualCompanyDossier-1'>
                        <cbc:ID minOccurs='1' maxOccurs='1' xsdType='xsd:normalizedString' />
                    </cac:PartyIdentification>
                    <cac:PartyName minOccurs='0' maxOccurs='unbounded' type='PartyNameType (from urn:peppol:wp2:schema:xsd:CommonAggregateComponents-2)' childListType='SEQUENCE' xmlns:cbc='urn:peppol:wp2:schema:xsd:CommonBasicComponents-2' xmlns:cec='urn:oasis:names:specification:ubl:schema:xsd:CommonExtensionComponents-2' xmlns:cac='urn:peppol:wp2:schema:xsd:CommonAggregateComponents-2' xmlns:vcd='urn:peppol:wp2:schema:xsd:VirtualCompanyDossier-1'>
                        <cbc:Name minOccurs='1' maxOccurs='1' xsdType='xsd:string' />
                    </cac:PartyName>
                    <cac:Person minOccurs='0' maxOccurs='1' type='PersonType (from urn:peppol:wp2:schema:xsd:CommonAggregateComponents-2)' childListType='SEQUENCE' xmlns:cbc='urn:peppol:wp2:schema:xsd:CommonBasicComponents-2' xmlns:cec='urn:oasis:names:specification:ubl:schema:xsd:CommonExtensionComponents-2' xmlns:cac='urn:peppol:wp2:schema:xsd:CommonAggregateComponents-2' xmlns:vcd='urn:peppol:wp2:schema:xsd:VirtualCompanyDossier-1'>
                        <cbc:FirstName minOccurs='0' maxOccurs='1' xsdType='xsd:string' />
                        <cbc:FamilyName minOccurs='0' maxOccurs='1' xsdType='xsd:string' />
                        <cbc:MiddleName minOccurs='0' maxOccurs='1' xsdType='xsd:string' />
                        <cbc:JobTitle minOccurs='0' maxOccurs='1' xsdType='xsd:string' />
                    </cac:Person>
                </cac:SignatoryParty>
            </cac:ResultOfVerification>
            <cac:IssuerParty minOccurs='0' maxOccurs='1' type='PartyType (from urn:peppol:wp2:schema:xsd:CommonAggregateComponents-2)' childListType='SEQUENCE' xmlns:cbc='urn:peppol:wp2:schema:xsd:CommonBasicComponents-2' xmlns:cec='urn:oasis:names:specification:ubl:schema:xsd:CommonExtensionComponents-2' xmlns:cac='urn:peppol:wp2:schema:xsd:CommonAggregateComponents-2' xmlns:vcd='urn:peppol:wp2:schema:xsd:VirtualCompanyDossier-1'>
                <cbc:EndpointID minOccurs='0' maxOccurs='1' xsdType='xsd:normalizedString' />
                <cac:PartyIdentification minOccurs='0' maxOccurs='unbounded' type='PartyIdentificationType (from urn:peppol:wp2:schema:xsd:CommonAggregateComponents-2)' childListType='SEQUENCE' xmlns:cbc='urn:peppol:wp2:schema:xsd:CommonBasicComponents-2' xmlns:cec='urn:oasis:names:specification:ubl:schema:xsd:CommonExtensionComponents-2' xmlns:cac='urn:peppol:wp2:schema:xsd:CommonAggregateComponents-2' xmlns:vcd='urn:peppol:wp2:schema:xsd:VirtualCompanyDossier-1'>
                    <cbc:ID minOccurs='1' maxOccurs='1' xsdType='xsd:normalizedString' />
                </cac:PartyIdentification>
                <cac:PartyName minOccurs='0' maxOccurs='unbounded' type='PartyNameType (from urn:peppol:wp2:schema:xsd:CommonAggregateComponents-2)' childListType='SEQUENCE' xmlns:cbc='urn:peppol:wp2:schema:xsd:CommonBasicComponents-2' xmlns:cec='urn:oasis:names:specification:ubl:schema:xsd:CommonExtensionComponents-2' xmlns:cac='urn:peppol:wp2:schema:xsd:CommonAggregateComponents-2' xmlns:vcd='urn:peppol:wp2:schema:xsd:VirtualCompanyDossier-1'>
                    <cbc:Name minOccurs='1' maxOccurs='1' xsdType='xsd:string' />
                </cac:PartyName>
                <cac:Person minOccurs='0' maxOccurs='1' type='PersonType (from urn:peppol:wp2:schema:xsd:CommonAggregateComponents-2)' childListType='SEQUENCE' xmlns:cbc='urn:peppol:wp2:schema:xsd:CommonBasicComponents-2' xmlns:cec='urn:oasis:names:specification:ubl:schema:xsd:CommonExtensionComponents-2' xmlns:cac='urn:peppol:wp2:schema:xsd:CommonAggregateComponents-2' xmlns:vcd='urn:peppol:wp2:schema:xsd:VirtualCompanyDossier-1'>
                    <cbc:FirstName minOccurs='0' maxOccurs='1' xsdType='xsd:string' />
                    <cbc:FamilyName minOccurs='0' maxOccurs='1' xsdType='xsd:string' />
                    <cbc:MiddleName minOccurs='0' maxOccurs='1' xsdType='xsd:string' />
                    <cbc:JobTitle minOccurs='0' maxOccurs='1' xsdType='xsd:string' />
                </cac:Person>
            </cac:IssuerParty>
            <cac:Language minOccurs='0' maxOccurs='unbounded' type='LanguageType (from urn:peppol:wp2:schema:xsd:CommonAggregateComponents-2)' childListType='SEQUENCE' xmlns:cbc='urn:peppol:wp2:schema:xsd:CommonBasicComponents-2' xmlns:cec='urn:oasis:names:specification:ubl:schema:xsd:CommonExtensionComponents-2' xmlns:cac='urn:peppol:wp2:schema:xsd:CommonAggregateComponents-2' xmlns:vcd='urn:peppol:wp2:schema:xsd:VirtualCompanyDossier-1'>
                <cbc:ID minOccurs='0' maxOccurs='1' xsdType='xsd:normalizedString' />
                <cbc:Name minOccurs='0' maxOccurs='1' xsdType='xsd:string' />
                <cbc:LocaleCode minOccurs='0' maxOccurs='1' xsdType='xsd:normalizedString' />
            </cac:Language>
        </cac:DocumentReference>
    </cac:NonEvidence>
    <cac:Signature minOccurs='0' maxOccurs='1' type='SignatureType (from urn:peppol:wp2:schema:xsd:CommonAggregateComponents-2)' childListType='SEQUENCE' xmlns:cbc='urn:peppol:wp2:schema:xsd:CommonBasicComponents-2' xmlns:cec='urn:oasis:names:specification:ubl:schema:xsd:CommonExtensionComponents-2' xmlns:cac='urn:peppol:wp2:schema:xsd:CommonAggregateComponents-2' xmlns:vcd='urn:peppol:wp2:schema:xsd:VirtualCompanyDossier-1'>
        <cbc:ID minOccurs='1' maxOccurs='1' xsdType='xsd:normalizedString' />
        <cbc:Note minOccurs='0' maxOccurs='1' xsdType='xsd:string' />
        <cbc:CanonicalizationMethod minOccurs='0' maxOccurs='1' xsdType='xsd:string' />
        <cbc:SignatureMethod minOccurs='0' maxOccurs='1' xsdType='xsd:string' />
        <cac:SignatoryParty minOccurs='1' maxOccurs='1' type='PartyType (from urn:peppol:wp2:schema:xsd:CommonAggregateComponents-2)' childListType='SEQUENCE' xmlns:cbc='urn:peppol:wp2:schema:xsd:CommonBasicComponents-2' xmlns:cec='urn:oasis:names:specification:ubl:schema:xsd:CommonExtensionComponents-2' xmlns:cac='urn:peppol:wp2:schema:xsd:CommonAggregateComponents-2' xmlns:vcd='urn:peppol:wp2:schema:xsd:VirtualCompanyDossier-1'>
            <cbc:EndpointID minOccurs='0' maxOccurs='1' xsdType='xsd:normalizedString' />
            <cac:PartyIdentification minOccurs='0' maxOccurs='unbounded' type='PartyIdentificationType (from urn:peppol:wp2:schema:xsd:CommonAggregateComponents-2)' childListType='SEQUENCE' xmlns:cbc='urn:peppol:wp2:schema:xsd:CommonBasicComponents-2' xmlns:cec='urn:oasis:names:specification:ubl:schema:xsd:CommonExtensionComponents-2' xmlns:cac='urn:peppol:wp2:schema:xsd:CommonAggregateComponents-2' xmlns:vcd='urn:peppol:wp2:schema:xsd:VirtualCompanyDossier-1'>
                <cbc:ID minOccurs='1' maxOccurs='1' xsdType='xsd:normalizedString' />
            </cac:PartyIdentification>
            <cac:PartyName minOccurs='0' maxOccurs='unbounded' type='PartyNameType (from urn:peppol:wp2:schema:xsd:CommonAggregateComponents-2)' childListType='SEQUENCE' xmlns:cbc='urn:peppol:wp2:schema:xsd:CommonBasicComponents-2' xmlns:cec='urn:oasis:names:specification:ubl:schema:xsd:CommonExtensionComponents-2' xmlns:cac='urn:peppol:wp2:schema:xsd:CommonAggregateComponents-2' xmlns:vcd='urn:peppol:wp2:schema:xsd:VirtualCompanyDossier-1'>
                <cbc:Name minOccurs='1' maxOccurs='1' xsdType='xsd:string' />
            </cac:PartyName>
            <cac:Person minOccurs='0' maxOccurs='1' type='PersonType (from urn:peppol:wp2:schema:xsd:CommonAggregateComponents-2)' childListType='SEQUENCE' xmlns:cbc='urn:peppol:wp2:schema:xsd:CommonBasicComponents-2' xmlns:cec='urn:oasis:names:specification:ubl:schema:xsd:CommonExtensionComponents-2' xmlns:cac='urn:peppol:wp2:schema:xsd:CommonAggregateComponents-2' xmlns:vcd='urn:peppol:wp2:schema:xsd:VirtualCompanyDossier-1'>
                <cbc:FirstName minOccurs='0' maxOccurs='1' xsdType='xsd:string' />
                <cbc:FamilyName minOccurs='0' maxOccurs='1' xsdType='xsd:string' />
                <cbc:MiddleName minOccurs='0' maxOccurs='1' xsdType='xsd:string' />
                <cbc:JobTitle minOccurs='0' maxOccurs='1' xsdType='xsd:string' />
            </cac:Person>
        </cac:SignatoryParty>
        <cac:DigitalSignatureAttachment minOccurs='0' maxOccurs='1' type='AttachmentType (from urn:peppol:wp2:schema:xsd:CommonAggregateComponents-2)' childListType='SEQUENCE' xmlns:cbc='urn:peppol:wp2:schema:xsd:CommonBasicComponents-2' xmlns:cec='urn:oasis:names:specification:ubl:schema:xsd:CommonExtensionComponents-2' xmlns:cac='urn:peppol:wp2:schema:xsd:CommonAggregateComponents-2' xmlns:vcd='urn:peppol:wp2:schema:xsd:VirtualCompanyDossier-1'>
            <cbc:EmbeddedDocumentBinaryObject minOccurs='0' maxOccurs='1' xsdType='xsd:base64Binary' />
            <cac:ExternalReference minOccurs='0' maxOccurs='1' type='ExternalReferenceType (from urn:peppol:wp2:schema:xsd:CommonAggregateComponents-2)' childListType='SEQUENCE' xmlns:cbc='urn:peppol:wp2:schema:xsd:CommonBasicComponents-2' xmlns:cec='urn:oasis:names:specification:ubl:schema:xsd:CommonExtensionComponents-2' xmlns:cac='urn:peppol:wp2:schema:xsd:CommonAggregateComponents-2' xmlns:vcd='urn:peppol:wp2:schema:xsd:VirtualCompanyDossier-1'>
                <cbc:URI minOccurs='0' maxOccurs='1' xsdType='xsd:normalizedString' />
                <cbc:DocumentHash minOccurs='0' maxOccurs='1' xsdType='xsd:string' />
                <cbc:HashAlgorithmMethod minOccurs='0' maxOccurs='unbounded' xsdType='xsd:string' />
                <cbc:ExpiryDate minOccurs='0' maxOccurs='1' xsdType='xsd:DateType' />
                <cbc:ExpiryTime minOccurs='0' maxOccurs='1' xsdType='xsd:TimeType' />
                <cbc:MimeCode minOccurs='0' maxOccurs='1' xsdType='xsd:normalizedString' />
                <cbc:FormatCode minOccurs='0' maxOccurs='1' xsdType='xsd:normalizedString' />
                <cbc:EncodingCode minOccurs='0' maxOccurs='1' xsdType='xsd:normalizedString' />
                <cbc:CharacterSetCode minOccurs='0' maxOccurs='1' xsdType='xsd:normalizedString' />
                <cbc:FileName minOccurs='0' maxOccurs='1' xsdType='xsd:string' />
            </cac:ExternalReference>
        </cac:DigitalSignatureAttachment>
        <cac:OriginalDocumentReference minOccurs='0' maxOccurs='1' type='DocumentReferenceType (from urn:peppol:wp2:schema:xsd:CommonAggregateComponents-2)' childListType='SEQUENCE' xmlns:cbc='urn:peppol:wp2:schema:xsd:CommonBasicComponents-2' xmlns:cec='urn:oasis:names:specification:ubl:schema:xsd:CommonExtensionComponents-2' xmlns:cac='urn:peppol:wp2:schema:xsd:CommonAggregateComponents-2' xmlns:vcd='urn:peppol:wp2:schema:xsd:VirtualCompanyDossier-1'>
            <cbc:ID minOccurs='1' maxOccurs='1' xsdType='xsd:normalizedString' />
            <cbc:IssueDate minOccurs='0' maxOccurs='1' xsdType='xsd:DateType' />
            <cbc:IssueTime minOccurs='0' maxOccurs='1' xsdType='xsd:TimeType' />
            <cbc:DocumentTypeCode minOccurs='0' maxOccurs='1' xsdType='xsd:normalizedString' />
            <cbc:DocumentType minOccurs='0' maxOccurs='1' xsdType='xsd:string' />
            <cac:Attachment minOccurs='0' maxOccurs='1' type='AttachmentType (from urn:peppol:wp2:schema:xsd:CommonAggregateComponents-2)' childListType='SEQUENCE' xmlns:cbc='urn:peppol:wp2:schema:xsd:CommonBasicComponents-2' xmlns:cec='urn:oasis:names:specification:ubl:schema:xsd:CommonExtensionComponents-2' xmlns:cac='urn:peppol:wp2:schema:xsd:CommonAggregateComponents-2' xmlns:vcd='urn:peppol:wp2:schema:xsd:VirtualCompanyDossier-1'>
                <cbc:EmbeddedDocumentBinaryObject minOccurs='0' maxOccurs='1' xsdType='xsd:base64Binary' />
                <cac:ExternalReference minOccurs='0' maxOccurs='1' type='ExternalReferenceType (from urn:peppol:wp2:schema:xsd:CommonAggregateComponents-2)' childListType='SEQUENCE' xmlns:cbc='urn:peppol:wp2:schema:xsd:CommonBasicComponents-2' xmlns:cec='urn:oasis:names:specification:ubl:schema:xsd:CommonExtensionComponents-2' xmlns:cac='urn:peppol:wp2:schema:xsd:CommonAggregateComponents-2' xmlns:vcd='urn:peppol:wp2:schema:xsd:VirtualCompanyDossier-1'>
                    <cbc:URI minOccurs='0' maxOccurs='1' xsdType='xsd:normalizedString' />
                    <cbc:DocumentHash minOccurs='0' maxOccurs='1' xsdType='xsd:string' />
                    <cbc:HashAlgorithmMethod minOccurs='0' maxOccurs='unbounded' xsdType='xsd:string' />
                    <cbc:ExpiryDate minOccurs='0' maxOccurs='1' xsdType='xsd:DateType' />
                    <cbc:ExpiryTime minOccurs='0' maxOccurs='1' xsdType='xsd:TimeType' />
                    <cbc:MimeCode minOccurs='0' maxOccurs='1' xsdType='xsd:normalizedString' />
                    <cbc:FormatCode minOccurs='0' maxOccurs='1' xsdType='xsd:normalizedString' />
                    <cbc:EncodingCode minOccurs='0' maxOccurs='1' xsdType='xsd:normalizedString' />
                    <cbc:CharacterSetCode minOccurs='0' maxOccurs='1' xsdType='xsd:normalizedString' />
                    <cbc:FileName minOccurs='0' maxOccurs='1' xsdType='xsd:string' />
                </cac:ExternalReference>
            </cac:Attachment>
            <cac:ResultOfVerification minOccurs='0' maxOccurs='unbounded' type='ResultOfVerificationType (from urn:peppol:wp2:schema:xsd:CommonAggregateComponents-2)' childListType='SEQUENCE' xmlns:cbc='urn:peppol:wp2:schema:xsd:CommonBasicComponents-2' xmlns:cec='urn:oasis:names:specification:ubl:schema:xsd:CommonExtensionComponents-2' xmlns:cac='urn:peppol:wp2:schema:xsd:CommonAggregateComponents-2' xmlns:vcd='urn:peppol:wp2:schema:xsd:VirtualCompanyDossier-1'>
                <cbc:ValidatorID minOccurs='0' maxOccurs='1' xsdType='xsd:normalizedString' />
                <cbc:ValidateResultCode minOccurs='0' maxOccurs='1' xsdType='xsd:normalizedString' />
                <cbc:ValidationDate minOccurs='0' maxOccurs='1' xsdType='xsd:DateType' />
                <cbc:ValidationTime minOccurs='0' maxOccurs='1' xsdType='xsd:TimeType' />
                <cbc:ValidateProcess minOccurs='0' maxOccurs='1' xsdType='xsd:string' />
                <cbc:ValidateTool minOccurs='0' maxOccurs='1' xsdType='xsd:string' />
                <cbc:ValidateToolVersion minOccurs='0' maxOccurs='1' xsdType='xsd:string' />
                <cac:SignatoryParty minOccurs='0' maxOccurs='1' type='PartyType (from urn:peppol:wp2:schema:xsd:CommonAggregateComponents-2)' childListType='SEQUENCE' xmlns:cbc='urn:peppol:wp2:schema:xsd:CommonBasicComponents-2' xmlns:cec='urn:oasis:names:specification:ubl:schema:xsd:CommonExtensionComponents-2' xmlns:cac='urn:peppol:wp2:schema:xsd:CommonAggregateComponents-2' xmlns:vcd='urn:peppol:wp2:schema:xsd:VirtualCompanyDossier-1'>
                    <cbc:EndpointID minOccurs='0' maxOccurs='1' xsdType='xsd:normalizedString' />
                    <cac:PartyIdentification minOccurs='0' maxOccurs='unbounded' type='PartyIdentificationType (from urn:peppol:wp2:schema:xsd:CommonAggregateComponents-2)' childListType='SEQUENCE' xmlns:cbc='urn:peppol:wp2:schema:xsd:CommonBasicComponents-2' xmlns:cec='urn:oasis:names:specification:ubl:schema:xsd:CommonExtensionComponents-2' xmlns:cac='urn:peppol:wp2:schema:xsd:CommonAggregateComponents-2' xmlns:vcd='urn:peppol:wp2:schema:xsd:VirtualCompanyDossier-1'>
                        <cbc:ID minOccurs='1' maxOccurs='1' xsdType='xsd:normalizedString' />
                    </cac:PartyIdentification>
                    <cac:PartyName minOccurs='0' maxOccurs='unbounded' type='PartyNameType (from urn:peppol:wp2:schema:xsd:CommonAggregateComponents-2)' childListType='SEQUENCE' xmlns:cbc='urn:peppol:wp2:schema:xsd:CommonBasicComponents-2' xmlns:cec='urn:oasis:names:specification:ubl:schema:xsd:CommonExtensionComponents-2' xmlns:cac='urn:peppol:wp2:schema:xsd:CommonAggregateComponents-2' xmlns:vcd='urn:peppol:wp2:schema:xsd:VirtualCompanyDossier-1'>
                        <cbc:Name minOccurs='1' maxOccurs='1' xsdType='xsd:string' />
                    </cac:PartyName>
                    <cac:Person minOccurs='0' maxOccurs='1' type='PersonType (from urn:peppol:wp2:schema:xsd:CommonAggregateComponents-2)' childListType='SEQUENCE' xmlns:cbc='urn:peppol:wp2:schema:xsd:CommonBasicComponents-2' xmlns:cec='urn:oasis:names:specification:ubl:schema:xsd:CommonExtensionComponents-2' xmlns:cac='urn:peppol:wp2:schema:xsd:CommonAggregateComponents-2' xmlns:vcd='urn:peppol:wp2:schema:xsd:VirtualCompanyDossier-1'>
                        <cbc:FirstName minOccurs='0' maxOccurs='1' xsdType='xsd:string' />
                        <cbc:FamilyName minOccurs='0' maxOccurs='1' xsdType='xsd:string' />
                        <cbc:MiddleName minOccurs='0' maxOccurs='1' xsdType='xsd:string' />
                        <cbc:JobTitle minOccurs='0' maxOccurs='1' xsdType='xsd:string' />
                    </cac:Person>
                </cac:SignatoryParty>
            </cac:ResultOfVerification>
            <cac:IssuerParty minOccurs='0' maxOccurs='1' type='PartyType (from urn:peppol:wp2:schema:xsd:CommonAggregateComponents-2)' childListType='SEQUENCE' xmlns:cbc='urn:peppol:wp2:schema:xsd:CommonBasicComponents-2' xmlns:cec='urn:oasis:names:specification:ubl:schema:xsd:CommonExtensionComponents-2' xmlns:cac='urn:peppol:wp2:schema:xsd:CommonAggregateComponents-2' xmlns:vcd='urn:peppol:wp2:schema:xsd:VirtualCompanyDossier-1'>
                <cbc:EndpointID minOccurs='0' maxOccurs='1' xsdType='xsd:normalizedString' />
                <cac:PartyIdentification minOccurs='0' maxOccurs='unbounded' type='PartyIdentificationType (from urn:peppol:wp2:schema:xsd:CommonAggregateComponents-2)' childListType='SEQUENCE' xmlns:cbc='urn:peppol:wp2:schema:xsd:CommonBasicComponents-2' xmlns:cec='urn:oasis:names:specification:ubl:schema:xsd:CommonExtensionComponents-2' xmlns:cac='urn:peppol:wp2:schema:xsd:CommonAggregateComponents-2' xmlns:vcd='urn:peppol:wp2:schema:xsd:VirtualCompanyDossier-1'>
                    <cbc:ID minOccurs='1' maxOccurs='1' xsdType='xsd:normalizedString' />
                </cac:PartyIdentification>
                <cac:PartyName minOccurs='0' maxOccurs='unbounded' type='PartyNameType (from urn:peppol:wp2:schema:xsd:CommonAggregateComponents-2)' childListType='SEQUENCE' xmlns:cbc='urn:peppol:wp2:schema:xsd:CommonBasicComponents-2' xmlns:cec='urn:oasis:names:specification:ubl:schema:xsd:CommonExtensionComponents-2' xmlns:cac='urn:peppol:wp2:schema:xsd:CommonAggregateComponents-2' xmlns:vcd='urn:peppol:wp2:schema:xsd:VirtualCompanyDossier-1'>
                    <cbc:Name minOccurs='1' maxOccurs='1' xsdType='xsd:string' />
                </cac:PartyName>
                <cac:Person minOccurs='0' maxOccurs='1' type='PersonType (from urn:peppol:wp2:schema:xsd:CommonAggregateComponents-2)' childListType='SEQUENCE' xmlns:cbc='urn:peppol:wp2:schema:xsd:CommonBasicComponents-2' xmlns:cec='urn:oasis:names:specification:ubl:schema:xsd:CommonExtensionComponents-2' xmlns:cac='urn:peppol:wp2:schema:xsd:CommonAggregateComponents-2' xmlns:vcd='urn:peppol:wp2:schema:xsd:VirtualCompanyDossier-1'>
                    <cbc:FirstName minOccurs='0' maxOccurs='1' xsdType='xsd:string' />
                    <cbc:FamilyName minOccurs='0' maxOccurs='1' xsdType='xsd:string' />
                    <cbc:MiddleName minOccurs='0' maxOccurs='1' xsdType='xsd:string' />
                    <cbc:JobTitle minOccurs='0' maxOccurs='1' xsdType='xsd:string' />
                </cac:Person>
            </cac:IssuerParty>
            <cac:Language minOccurs='0' maxOccurs='unbounded' type='LanguageType (from urn:peppol:wp2:schema:xsd:CommonAggregateComponents-2)' childListType='SEQUENCE' xmlns:cbc='urn:peppol:wp2:schema:xsd:CommonBasicComponents-2' xmlns:cec='urn:oasis:names:specification:ubl:schema:xsd:CommonExtensionComponents-2' xmlns:cac='urn:peppol:wp2:schema:xsd:CommonAggregateComponents-2' xmlns:vcd='urn:peppol:wp2:schema:xsd:VirtualCompanyDossier-1'>
                <cbc:ID minOccurs='0' maxOccurs='1' xsdType='xsd:normalizedString' />
                <cbc:Name minOccurs='0' maxOccurs='1' xsdType='xsd:string' />
                <cbc:LocaleCode minOccurs='0' maxOccurs='1' xsdType='xsd:normalizedString' />
            </cac:Language>
        </cac:OriginalDocumentReference>
    </cac:Signature>
</vcd:VCD>
