<?xml version='1.0'?>
<vcdp:VCDPackage minOccurs='1' maxOccurs='1' type='VCDPackageType (from urn:peppol:wp2:schema:xsd:VirtualCompanyDossierPackage-1)' childListType='SEQUENCE' xmlns:cbc='urn:peppol:wp2:schema:xsd:CommonBasicComponents-2' xmlns:vcdp='urn:peppol:wp2:schema:xsd:VirtualCompanyDossierPackage-1' xmlns:cec='urn:oasis:names:specification:ubl:schema:xsd:CommonExtensionComponents-2' xmlns:cac='urn:peppol:wp2:schema:xsd:CommonAggregateComponents-2'>
    <cec:UBLExtensions minOccurs='0' maxOccurs='1' type='UBLExtensionsType (from urn:oasis:names:specification:ubl:schema:xsd:CommonExtensionComponents-2)' childListType='SEQUENCE' xmlns:cbc='urn:peppol:wp2:schema:xsd:CommonBasicComponents-2' xmlns:vcdp='urn:peppol:wp2:schema:xsd:VirtualCompanyDossierPackage-1' xmlns:cec='urn:oasis:names:specification:ubl:schema:xsd:CommonExtensionComponents-2' xmlns:cac='urn:peppol:wp2:schema:xsd:CommonAggregateComponents-2'>
        <cec:UBLExtension minOccurs='1' maxOccurs='unbounded' type='UBLExtensionType (from urn:oasis:names:specification:ubl:schema:xsd:CommonExtensionComponents-2)' childListType='SEQUENCE' xmlns:cbc='urn:peppol:wp2:schema:xsd:CommonBasicComponents-2' xmlns:vcdp='urn:peppol:wp2:schema:xsd:VirtualCompanyDossierPackage-1' xmlns:cec='urn:oasis:names:specification:ubl:schema:xsd:CommonExtensionComponents-2' xmlns:cac='urn:peppol:wp2:schema:xsd:CommonAggregateComponents-2'>
            <cbc:ID minOccurs='0' maxOccurs='1' xsdType='xsd:normalizedString' />
            <cbc:Name minOccurs='0' maxOccurs='1' xsdType='xsd:string' />
            <cec:ExtensionAgencyID minOccurs='0' maxOccurs='1' xsdType='xsd:normalizedString' />
            <cec:ExtensionAgencyName minOccurs='0' maxOccurs='1' xsdType='xsd:string' />
            <cec:ExtensionVersionID minOccurs='0' maxOccurs='1' xsdType='xsd:normalizedString' />
            <cec:ExtensionAgencyURI minOccurs='0' maxOccurs='1' xsdType='xsd:normalizedString' />
            <cec:ExtensionURI minOccurs='0' maxOccurs='1' xsdType='xsd:normalizedString' />
            <cec:ExtensionReasonCode minOccurs='0' maxOccurs='1' xsdType='xsd:normalizedString' />
            <cec:ExtensionReason minOccurs='0' maxOccurs='1' xsdType='xsd:string' />
            <cec:ExtensionContent minOccurs='1' maxOccurs='1' type='ExtensionContentType (from urn:oasis:names:specification:ubl:schema:xsd:CommonExtensionComponents-2)' childListType='SEQUENCE' xmlns:cbc='urn:peppol:wp2:schema:xsd:CommonBasicComponents-2' xmlns:vcdp='urn:peppol:wp2:schema:xsd:VirtualCompanyDossierPackage-1' xmlns:cec='urn:oasis:names:specification:ubl:schema:xsd:CommonExtensionComponents-2' xmlns:cac='urn:peppol:wp2:schema:xsd:CommonAggregateComponents-2'>
            </cec:ExtensionContent>
        </cec:UBLExtension>
    </cec:UBLExtensions>
    <cbc:UUID minOccurs='1' maxOccurs='1' xsdType='xsd:normalizedString' />
    <cbc:CallForTenderID minOccurs='0' maxOccurs='1' xsdType='xsd:normalizedString' />
    <cbc:VCDSchemaVersionID minOccurs='1' maxOccurs='1' xsdType='xsd:normalizedString' />
    <cbc:OntologyDomainCode minOccurs='0' maxOccurs='1' xsdType='xsd:normalizedString' />
    <cbc:OntologyVersionID minOccurs='1' maxOccurs='1' xsdType='xsd:normalizedString' />
    <cbc:CompilationDate minOccurs='1' maxOccurs='1' xsdType='xsd:DateType' />
    <cbc:CompilationTime minOccurs='0' maxOccurs='1' xsdType='xsd:TimeType' />
    <cac:ContractingAuthorityParty minOccurs='0' maxOccurs='1' type='PartyType (from urn:peppol:wp2:schema:xsd:CommonAggregateComponents-2)' childListType='SEQUENCE' xmlns:cbc='urn:peppol:wp2:schema:xsd:CommonBasicComponents-2' xmlns:vcdp='urn:peppol:wp2:schema:xsd:VirtualCompanyDossierPackage-1' xmlns:cec='urn:oasis:names:specification:ubl:schema:xsd:CommonExtensionComponents-2' xmlns:cac='urn:peppol:wp2:schema:xsd:CommonAggregateComponents-2'>
        <cbc:EndpointID minOccurs='0' maxOccurs='1' xsdType='xsd:normalizedString' />
        <cac:PartyIdentification minOccurs='0' maxOccurs='unbounded' type='PartyIdentificationType (from urn:peppol:wp2:schema:xsd:CommonAggregateComponents-2)' childListType='SEQUENCE' xmlns:cbc='urn:peppol:wp2:schema:xsd:CommonBasicComponents-2' xmlns:vcdp='urn:peppol:wp2:schema:xsd:VirtualCompanyDossierPackage-1' xmlns:cec='urn:oasis:names:specification:ubl:schema:xsd:CommonExtensionComponents-2' xmlns:cac='urn:peppol:wp2:schema:xsd:CommonAggregateComponents-2'>
            <cbc:ID minOccurs='1' maxOccurs='1' xsdType='xsd:normalizedString' />
        </cac:PartyIdentification>
        <cac:PartyName minOccurs='0' maxOccurs='unbounded' type='PartyNameType (from urn:peppol:wp2:schema:xsd:CommonAggregateComponents-2)' childListType='SEQUENCE' xmlns:cbc='urn:peppol:wp2:schema:xsd:CommonBasicComponents-2' xmlns:vcdp='urn:peppol:wp2:schema:xsd:VirtualCompanyDossierPackage-1' xmlns:cec='urn:oasis:names:specification:ubl:schema:xsd:CommonExtensionComponents-2' xmlns:cac='urn:peppol:wp2:schema:xsd:CommonAggregateComponents-2'>
            <cbc:Name minOccurs='1' maxOccurs='1' xsdType='xsd:string' />
        </cac:PartyName>
        <cac:Person minOccurs='0' maxOccurs='1' type='PersonType (from urn:peppol:wp2:schema:xsd:CommonAggregateComponents-2)' childListType='SEQUENCE' xmlns:cbc='urn:peppol:wp2:schema:xsd:CommonBasicComponents-2' xmlns:vcdp='urn:peppol:wp2:schema:xsd:VirtualCompanyDossierPackage-1' xmlns:cec='urn:oasis:names:specification:ubl:schema:xsd:CommonExtensionComponents-2' xmlns:cac='urn:peppol:wp2:schema:xsd:CommonAggregateComponents-2'>
            <cbc:FirstName minOccurs='0' maxOccurs='1' xsdType='xsd:string' />
            <cbc:FamilyName minOccurs='0' maxOccurs='1' xsdType='xsd:string' />
            <cbc:MiddleName minOccurs='0' maxOccurs='1' xsdType='xsd:string' />
            <cbc:JobTitle minOccurs='0' maxOccurs='1' xsdType='xsd:string' />
        </cac:Person>
    </cac:ContractingAuthorityParty>
    <cac:RequesterParty minOccurs='1' maxOccurs='1' type='PartyType (from urn:peppol:wp2:schema:xsd:CommonAggregateComponents-2)' childListType='SEQUENCE' xmlns:cbc='urn:peppol:wp2:schema:xsd:CommonBasicComponents-2' xmlns:vcdp='urn:peppol:wp2:schema:xsd:VirtualCompanyDossierPackage-1' xmlns:cec='urn:oasis:names:specification:ubl:schema:xsd:CommonExtensionComponents-2' xmlns:cac='urn:peppol:wp2:schema:xsd:CommonAggregateComponents-2'>
        <cbc:EndpointID minOccurs='0' maxOccurs='1' xsdType='xsd:normalizedString' />
        <cac:PartyIdentification minOccurs='0' maxOccurs='unbounded' type='PartyIdentificationType (from urn:peppol:wp2:schema:xsd:CommonAggregateComponents-2)' childListType='SEQUENCE' xmlns:cbc='urn:peppol:wp2:schema:xsd:CommonBasicComponents-2' xmlns:vcdp='urn:peppol:wp2:schema:xsd:VirtualCompanyDossierPackage-1' xmlns:cec='urn:oasis:names:specification:ubl:schema:xsd:CommonExtensionComponents-2' xmlns:cac='urn:peppol:wp2:schema:xsd:CommonAggregateComponents-2'>
            <cbc:ID minOccurs='1' maxOccurs='1' xsdType='xsd:normalizedString' />
        </cac:PartyIdentification>
        <cac:PartyName minOccurs='0' maxOccurs='unbounded' type='PartyNameType (from urn:peppol:wp2:schema:xsd:CommonAggregateComponents-2)' childListType='SEQUENCE' xmlns:cbc='urn:peppol:wp2:schema:xsd:CommonBasicComponents-2' xmlns:vcdp='urn:peppol:wp2:schema:xsd:VirtualCompanyDossierPackage-1' xmlns:cec='urn:oasis:names:specification:ubl:schema:xsd:CommonExtensionComponents-2' xmlns:cac='urn:peppol:wp2:schema:xsd:CommonAggregateComponents-2'>
            <cbc:Name minOccurs='1' maxOccurs='1' xsdType='xsd:string' />
        </cac:PartyName>
        <cac:Person minOccurs='0' maxOccurs='1' type='PersonType (from urn:peppol:wp2:schema:xsd:CommonAggregateComponents-2)' childListType='SEQUENCE' xmlns:cbc='urn:peppol:wp2:schema:xsd:CommonBasicComponents-2' xmlns:vcdp='urn:peppol:wp2:schema:xsd:VirtualCompanyDossierPackage-1' xmlns:cec='urn:oasis:names:specification:ubl:schema:xsd:CommonExtensionComponents-2' xmlns:cac='urn:peppol:wp2:schema:xsd:CommonAggregateComponents-2'>
            <cbc:FirstName minOccurs='0' maxOccurs='1' xsdType='xsd:string' />
            <cbc:FamilyName minOccurs='0' maxOccurs='1' xsdType='xsd:string' />
            <cbc:MiddleName minOccurs='0' maxOccurs='1' xsdType='xsd:string' />
            <cbc:JobTitle minOccurs='0' maxOccurs='1' xsdType='xsd:string' />
        </cac:Person>
    </cac:RequesterParty>
    <cac:IssuingService minOccurs='1' maxOccurs='1' type='IssuingServiceType (from urn:peppol:wp2:schema:xsd:CommonAggregateComponents-2)' childListType='SEQUENCE' xmlns:cbc='urn:peppol:wp2:schema:xsd:CommonBasicComponents-2' xmlns:vcdp='urn:peppol:wp2:schema:xsd:VirtualCompanyDossierPackage-1' xmlns:cec='urn:oasis:names:specification:ubl:schema:xsd:CommonExtensionComponents-2' xmlns:cac='urn:peppol:wp2:schema:xsd:CommonAggregateComponents-2'>
        <cbc:EndpointID minOccurs='1' maxOccurs='1' xsdType='xsd:normalizedString' />
        <cbc:Name minOccurs='1' maxOccurs='1' xsdType='xsd:string' />
        <cac:ProvidingParty minOccurs='1' maxOccurs='1' type='PartyType (from urn:peppol:wp2:schema:xsd:CommonAggregateComponents-2)' childListType='SEQUENCE' xmlns:cbc='urn:peppol:wp2:schema:xsd:CommonBasicComponents-2' xmlns:vcdp='urn:peppol:wp2:schema:xsd:VirtualCompanyDossierPackage-1' xmlns:cec='urn:oasis:names:specification:ubl:schema:xsd:CommonExtensionComponents-2' xmlns:cac='urn:peppol:wp2:schema:xsd:CommonAggregateComponents-2'>
            <cbc:EndpointID minOccurs='0' maxOccurs='1' xsdType='xsd:normalizedString' />
            <cac:PartyIdentification minOccurs='0' maxOccurs='unbounded' type='PartyIdentificationType (from urn:peppol:wp2:schema:xsd:CommonAggregateComponents-2)' childListType='SEQUENCE' xmlns:cbc='urn:peppol:wp2:schema:xsd:CommonBasicComponents-2' xmlns:vcdp='urn:peppol:wp2:schema:xsd:VirtualCompanyDossierPackage-1' xmlns:cec='urn:oasis:names:specification:ubl:schema:xsd:CommonExtensionComponents-2' xmlns:cac='urn:peppol:wp2:schema:xsd:CommonAggregateComponents-2'>
                <cbc:ID minOccurs='1' maxOccurs='1' xsdType='xsd:normalizedString' />
            </cac:PartyIdentification>
            <cac:PartyName minOccurs='0' maxOccurs='unbounded' type='PartyNameType (from urn:peppol:wp2:schema:xsd:CommonAggregateComponents-2)' childListType='SEQUENCE' xmlns:cbc='urn:peppol:wp2:schema:xsd:CommonBasicComponents-2' xmlns:vcdp='urn:peppol:wp2:schema:xsd:VirtualCompanyDossierPackage-1' xmlns:cec='urn:oasis:names:specification:ubl:schema:xsd:CommonExtensionComponents-2' xmlns:cac='urn:peppol:wp2:schema:xsd:CommonAggregateComponents-2'>
                <cbc:Name minOccurs='1' maxOccurs='1' xsdType='xsd:string' />
            </cac:PartyName>
            <cac:Person minOccurs='0' maxOccurs='1' type='PersonType (from urn:peppol:wp2:schema:xsd:CommonAggregateComponents-2)' childListType='SEQUENCE' xmlns:cbc='urn:peppol:wp2:schema:xsd:CommonBasicComponents-2' xmlns:vcdp='urn:peppol:wp2:schema:xsd:VirtualCompanyDossierPackage-1' xmlns:cec='urn:oasis:names:specification:ubl:schema:xsd:CommonExtensionComponents-2' xmlns:cac='urn:peppol:wp2:schema:xsd:CommonAggregateComponents-2'>
                <cbc:FirstName minOccurs='0' maxOccurs='1' xsdType='xsd:string' />
                <cbc:FamilyName minOccurs='0' maxOccurs='1' xsdType='xsd:string' />
                <cbc:MiddleName minOccurs='0' maxOccurs='1' xsdType='xsd:string' />
                <cbc:JobTitle minOccurs='0' maxOccurs='1' xsdType='xsd:string' />
            </cac:Person>
        </cac:ProvidingParty>
        <cac:PolicyNonEvidence minOccurs='0' maxOccurs='1' type='NonEvidenceType (from urn:peppol:wp2:schema:xsd:CommonAggregateComponents-2)' childListType='SEQUENCE' xmlns:cbc='urn:peppol:wp2:schema:xsd:CommonBasicComponents-2' xmlns:vcdp='urn:peppol:wp2:schema:xsd:VirtualCompanyDossierPackage-1' xmlns:cec='urn:oasis:names:specification:ubl:schema:xsd:CommonExtensionComponents-2' xmlns:cac='urn:peppol:wp2:schema:xsd:CommonAggregateComponents-2'>
            <cbc:DocumentGroupID minOccurs='1' maxOccurs='1' xsdType='xsd:normalizedString' />
            <cbc:Title minOccurs='1' maxOccurs='1' xsdType='xsd:string' />
            <cac:DocumentReference minOccurs='1' maxOccurs='unbounded' type='DocumentReferenceType (from urn:peppol:wp2:schema:xsd:CommonAggregateComponents-2)' childListType='SEQUENCE' xmlns:cbc='urn:peppol:wp2:schema:xsd:CommonBasicComponents-2' xmlns:vcdp='urn:peppol:wp2:schema:xsd:VirtualCompanyDossierPackage-1' xmlns:cec='urn:oasis:names:specification:ubl:schema:xsd:CommonExtensionComponents-2' xmlns:cac='urn:peppol:wp2:schema:xsd:CommonAggregateComponents-2'>
                <cbc:ID minOccurs='1' maxOccurs='1' xsdType='xsd:normalizedString' />
                <cbc:IssueDate minOccurs='0' maxOccurs='1' xsdType='xsd:DateType' />
                <cbc:IssueTime minOccurs='0' maxOccurs='1' xsdType='xsd:TimeType' />
                <cbc:DocumentTypeCode minOccurs='0' maxOccurs='1' xsdType='xsd:normalizedString' />
                <cbc:DocumentType minOccurs='0' maxOccurs='1' xsdType='xsd:string' />
                <cac:Attachment minOccurs='0' maxOccurs='1' type='AttachmentType (from urn:peppol:wp2:schema:xsd:CommonAggregateComponents-2)' childListType='SEQUENCE' xmlns:cbc='urn:peppol:wp2:schema:xsd:CommonBasicComponents-2' xmlns:vcdp='urn:peppol:wp2:schema:xsd:VirtualCompanyDossierPackage-1' xmlns:cec='urn:oasis:names:specification:ubl:schema:xsd:CommonExtensionComponents-2' xmlns:cac='urn:peppol:wp2:schema:xsd:CommonAggregateComponents-2'>
                    <cbc:EmbeddedDocumentBinaryObject minOccurs='0' maxOccurs='1' xsdType='xsd:base64Binary' />
                    <cac:ExternalReference minOccurs='0' maxOccurs='1' type='ExternalReferenceType (from urn:peppol:wp2:schema:xsd:CommonAggregateComponents-2)' childListType='SEQUENCE' xmlns:cbc='urn:peppol:wp2:schema:xsd:CommonBasicComponents-2' xmlns:vcdp='urn:peppol:wp2:schema:xsd:VirtualCompanyDossierPackage-1' xmlns:cec='urn:oasis:names:specification:ubl:schema:xsd:CommonExtensionComponents-2' xmlns:cac='urn:peppol:wp2:schema:xsd:CommonAggregateComponents-2'>
                        <cbc:URI minOccurs='0' maxOccurs='1' xsdType='xsd:normalizedString' />
                        <cbc:DocumentHash minOccurs='0' maxOccurs='1' xsdType='xsd:string' />
                        <cbc:HashAlgorithmMethod minOccurs='0' maxOccurs='unbounded' xsdType='xsd:string' />
                        <cbc:ExpiryDate minOccurs='0' maxOccurs='1' xsdType='xsd:DateType' />
                        <cbc:ExpiryTime minOccurs='0' maxOccurs='1' xsdType='xsd:TimeType' />
                        <cbc:MimeCode minOccurs='0' maxOccurs='1' xsdType='xsd:normalizedString' />
                        <cbc:FormatCode minOccurs='0' maxOccurs='1' xsdType='xsd:normalizedString' />
                        <cbc:EncodingCode minOccurs='0' maxOccurs='1' xsdType='xsd:normalizedString' />
                        <cbc:CharacterSetCode minOccurs='0' maxOccurs='1' xsdType='xsd:normalizedString' />
                        <cbc:FileName minOccurs='0' maxOccurs='1' xsdType='xsd:string' />
                    </cac:ExternalReference>
                </cac:Attachment>
                <cac:ResultOfVerification minOccurs='0' maxOccurs='unbounded' type='ResultOfVerificationType (from urn:peppol:wp2:schema:xsd:CommonAggregateComponents-2)' childListType='SEQUENCE' xmlns:cbc='urn:peppol:wp2:schema:xsd:CommonBasicComponents-2' xmlns:vcdp='urn:peppol:wp2:schema:xsd:VirtualCompanyDossierPackage-1' xmlns:cec='urn:oasis:names:specification:ubl:schema:xsd:CommonExtensionComponents-2' xmlns:cac='urn:peppol:wp2:schema:xsd:CommonAggregateComponents-2'>
                    <cbc:ValidatorID minOccurs='0' maxOccurs='1' xsdType='xsd:normalizedString' />
                    <cbc:ValidateResultCode minOccurs='0' maxOccurs='1' xsdType='xsd:normalizedString' />
                    <cbc:ValidationDate minOccurs='0' maxOccurs='1' xsdType='xsd:DateType' />
                    <cbc:ValidationTime minOccurs='0' maxOccurs='1' xsdType='xsd:TimeType' />
                    <cbc:ValidateProcess minOccurs='0' maxOccurs='1' xsdType='xsd:string' />
                    <cbc:ValidateTool minOccurs='0' maxOccurs='1' xsdType='xsd:string' />
                    <cbc:ValidateToolVersion minOccurs='0' maxOccurs='1' xsdType='xsd:string' />
                    <cac:SignatoryParty minOccurs='0' maxOccurs='1' type='PartyType (from urn:peppol:wp2:schema:xsd:CommonAggregateComponents-2)' childListType='SEQUENCE' xmlns:cbc='urn:peppol:wp2:schema:xsd:CommonBasicComponents-2' xmlns:vcdp='urn:peppol:wp2:schema:xsd:VirtualCompanyDossierPackage-1' xmlns:cec='urn:oasis:names:specification:ubl:schema:xsd:CommonExtensionComponents-2' xmlns:cac='urn:peppol:wp2:schema:xsd:CommonAggregateComponents-2'>
                        <cbc:EndpointID minOccurs='0' maxOccurs='1' xsdType='xsd:normalizedString' />
                        <cac:PartyIdentification minOccurs='0' maxOccurs='unbounded' type='PartyIdentificationType (from urn:peppol:wp2:schema:xsd:CommonAggregateComponents-2)' childListType='SEQUENCE' xmlns:cbc='urn:peppol:wp2:schema:xsd:CommonBasicComponents-2' xmlns:vcdp='urn:peppol:wp2:schema:xsd:VirtualCompanyDossierPackage-1' xmlns:cec='urn:oasis:names:specification:ubl:schema:xsd:CommonExtensionComponents-2' xmlns:cac='urn:peppol:wp2:schema:xsd:CommonAggregateComponents-2'>
                            <cbc:ID minOccurs='1' maxOccurs='1' xsdType='xsd:normalizedString' />
                        </cac:PartyIdentification>
                        <cac:PartyName minOccurs='0' maxOccurs='unbounded' type='PartyNameType (from urn:peppol:wp2:schema:xsd:CommonAggregateComponents-2)' childListType='SEQUENCE' xmlns:cbc='urn:peppol:wp2:schema:xsd:CommonBasicComponents-2' xmlns:vcdp='urn:peppol:wp2:schema:xsd:VirtualCompanyDossierPackage-1' xmlns:cec='urn:oasis:names:specification:ubl:schema:xsd:CommonExtensionComponents-2' xmlns:cac='urn:peppol:wp2:schema:xsd:CommonAggregateComponents-2'>
                            <cbc:Name minOccurs='1' maxOccurs='1' xsdType='xsd:string' />
                        </cac:PartyName>
                        <cac:Person minOccurs='0' maxOccurs='1' type='PersonType (from urn:peppol:wp2:schema:xsd:CommonAggregateComponents-2)' childListType='SEQUENCE' xmlns:cbc='urn:peppol:wp2:schema:xsd:CommonBasicComponents-2' xmlns:vcdp='urn:peppol:wp2:schema:xsd:VirtualCompanyDossierPackage-1' xmlns:cec='urn:oasis:names:specification:ubl:schema:xsd:CommonExtensionComponents-2' xmlns:cac='urn:peppol:wp2:schema:xsd:CommonAggregateComponents-2'>
                            <cbc:FirstName minOccurs='0' maxOccurs='1' xsdType='xsd:string' />
                            <cbc:FamilyName minOccurs='0' maxOccurs='1' xsdType='xsd:string' />
                            <cbc:MiddleName minOccurs='0' maxOccurs='1' xsdType='xsd:string' />
                            <cbc:JobTitle minOccurs='0' maxOccurs='1' xsdType='xsd:string' />
                        </cac:Person>
                    </cac:SignatoryParty>
                </cac:ResultOfVerification>
                <cac:IssuerParty minOccurs='0' maxOccurs='1' type='PartyType (from urn:peppol:wp2:schema:xsd:CommonAggregateComponents-2)' childListType='SEQUENCE' xmlns:cbc='urn:peppol:wp2:schema:xsd:CommonBasicComponents-2' xmlns:vcdp='urn:peppol:wp2:schema:xsd:VirtualCompanyDossierPackage-1' xmlns:cec='urn:oasis:names:specification:ubl:schema:xsd:CommonExtensionComponents-2' xmlns:cac='urn:peppol:wp2:schema:xsd:CommonAggregateComponents-2'>
                    <cbc:EndpointID minOccurs='0' maxOccurs='1' xsdType='xsd:normalizedString' />
                    <cac:PartyIdentification minOccurs='0' maxOccurs='unbounded' type='PartyIdentificationType (from urn:peppol:wp2:schema:xsd:CommonAggregateComponents-2)' childListType='SEQUENCE' xmlns:cbc='urn:peppol:wp2:schema:xsd:CommonBasicComponents-2' xmlns:vcdp='urn:peppol:wp2:schema:xsd:VirtualCompanyDossierPackage-1' xmlns:cec='urn:oasis:names:specification:ubl:schema:xsd:CommonExtensionComponents-2' xmlns:cac='urn:peppol:wp2:schema:xsd:CommonAggregateComponents-2'>
                        <cbc:ID minOccurs='1' maxOccurs='1' xsdType='xsd:normalizedString' />
                    </cac:PartyIdentification>
                    <cac:PartyName minOccurs='0' maxOccurs='unbounded' type='PartyNameType (from urn:peppol:wp2:schema:xsd:CommonAggregateComponents-2)' childListType='SEQUENCE' xmlns:cbc='urn:peppol:wp2:schema:xsd:CommonBasicComponents-2' xmlns:vcdp='urn:peppol:wp2:schema:xsd:VirtualCompanyDossierPackage-1' xmlns:cec='urn:oasis:names:specification:ubl:schema:xsd:CommonExtensionComponents-2' xmlns:cac='urn:peppol:wp2:schema:xsd:CommonAggregateComponents-2'>
                        <cbc:Name minOccurs='1' maxOccurs='1' xsdType='xsd:string' />
                    </cac:PartyName>
                    <cac:Person minOccurs='0' maxOccurs='1' type='PersonType (from urn:peppol:wp2:schema:xsd:CommonAggregateComponents-2)' childListType='SEQUENCE' xmlns:cbc='urn:peppol:wp2:schema:xsd:CommonBasicComponents-2' xmlns:vcdp='urn:peppol:wp2:schema:xsd:VirtualCompanyDossierPackage-1' xmlns:cec='urn:oasis:names:specification:ubl:schema:xsd:CommonExtensionComponents-2' xmlns:cac='urn:peppol:wp2:schema:xsd:CommonAggregateComponents-2'>
                        <cbc:FirstName minOccurs='0' maxOccurs='1' xsdType='xsd:string' />
                        <cbc:FamilyName minOccurs='0' maxOccurs='1' xsdType='xsd:string' />
                        <cbc:MiddleName minOccurs='0' maxOccurs='1' xsdType='xsd:string' />
                        <cbc:JobTitle minOccurs='0' maxOccurs='1' xsdType='xsd:string' />
                    </cac:Person>
                </cac:IssuerParty>
                <cac:Language minOccurs='0' maxOccurs='unbounded' type='LanguageType (from urn:peppol:wp2:schema:xsd:CommonAggregateComponents-2)' childListType='SEQUENCE' xmlns:cbc='urn:peppol:wp2:schema:xsd:CommonBasicComponents-2' xmlns:vcdp='urn:peppol:wp2:schema:xsd:VirtualCompanyDossierPackage-1' xmlns:cec='urn:oasis:names:specification:ubl:schema:xsd:CommonExtensionComponents-2' xmlns:cac='urn:peppol:wp2:schema:xsd:CommonAggregateComponents-2'>
                    <cbc:ID minOccurs='0' maxOccurs='1' xsdType='xsd:normalizedString' />
                    <cbc:Name minOccurs='0' maxOccurs='1' xsdType='xsd:string' />
                    <cbc:LocaleCode minOccurs='0' maxOccurs='1' xsdType='xsd:normalizedString' />
                </cac:Language>
            </cac:DocumentReference>
        </cac:PolicyNonEvidence>
    </cac:IssuingService>
    <cac:SingleTenderer minOccurs='0' maxOccurs='1' type='SingleTendererType (from urn:peppol:wp2:schema:xsd:CommonAggregateComponents-2)' childListType='SEQUENCE' xmlns:cbc='urn:peppol:wp2:schema:xsd:CommonBasicComponents-2' xmlns:vcdp='urn:peppol:wp2:schema:xsd:VirtualCompanyDossierPackage-1' xmlns:cec='urn:oasis:names:specification:ubl:schema:xsd:CommonExtensionComponents-2' xmlns:cac='urn:peppol:wp2:schema:xsd:CommonAggregateComponents-2'>
        <cbc:VCDReferenceID minOccurs='1' maxOccurs='1' xsdType='xsd:normalizedString' />
        <cac:SubcontractorSingleTenderer minOccurs='0' maxOccurs='unbounded' type='SingleTendererType (from urn:peppol:wp2:schema:xsd:CommonAggregateComponents-2)' childListType='SEQUENCE' xmlns:cbc='urn:peppol:wp2:schema:xsd:CommonBasicComponents-2' xmlns:vcdp='urn:peppol:wp2:schema:xsd:VirtualCompanyDossierPackage-1' xmlns:cec='urn:oasis:names:specification:ubl:schema:xsd:CommonExtensionComponents-2' xmlns:cac='urn:peppol:wp2:schema:xsd:CommonAggregateComponents-2'>
            <cbc:VCDReferenceID minOccurs='1' maxOccurs='1' xsdType='xsd:normalizedString' />
            <cac:SubcontractorSingleTenderer minOccurs='0' maxOccurs='unbounded' unresolved='true' />
        </cac:SubcontractorSingleTenderer>
    </cac:SingleTenderer>
    <cac:BiddingConsortium minOccurs='0' maxOccurs='1' type='BiddingConsortiumType (from urn:peppol:wp2:schema:xsd:CommonAggregateComponents-2)' childListType='SEQUENCE' xmlns:cbc='urn:peppol:wp2:schema:xsd:CommonBasicComponents-2' xmlns:vcdp='urn:peppol:wp2:schema:xsd:VirtualCompanyDossierPackage-1' xmlns:cec='urn:oasis:names:specification:ubl:schema:xsd:CommonExtensionComponents-2' xmlns:cac='urn:peppol:wp2:schema:xsd:CommonAggregateComponents-2'>
        <cbc:VCDReferenceID minOccurs='1' maxOccurs='1' xsdType='xsd:normalizedString' />
        <cac:LeaderSingleTenderer minOccurs='1' maxOccurs='1' type='SingleTendererType (from urn:peppol:wp2:schema:xsd:CommonAggregateComponents-2)' childListType='SEQUENCE' xmlns:cbc='urn:peppol:wp2:schema:xsd:CommonBasicComponents-2' xmlns:vcdp='urn:peppol:wp2:schema:xsd:VirtualCompanyDossierPackage-1' xmlns:cec='urn:oasis:names:specification:ubl:schema:xsd:CommonExtensionComponents-2' xmlns:cac='urn:peppol:wp2:schema:xsd:CommonAggregateComponents-2'>
            <cbc:VCDReferenceID minOccurs='1' maxOccurs='1' xsdType='xsd:normalizedString' />
            <cac:SubcontractorSingleTenderer minOccurs='0' maxOccurs='unbounded' type='SingleTendererType (from urn:peppol:wp2:schema:xsd:CommonAggregateComponents-2)' childListType='SEQUENCE' xmlns:cbc='urn:peppol:wp2:schema:xsd:CommonBasicComponents-2' xmlns:vcdp='urn:peppol:wp2:schema:xsd:VirtualCompanyDossierPackage-1' xmlns:cec='urn:oasis:names:specification:ubl:schema:xsd:CommonExtensionComponents-2' xmlns:cac='urn:peppol:wp2:schema:xsd:CommonAggregateComponents-2'>
                <cbc:VCDReferenceID minOccurs='1' maxOccurs='1' xsdType='xsd:normalizedString' />
                <cac:SubcontractorSingleTenderer minOccurs='0' maxOccurs='unbounded' unresolved='true' />
            </cac:SubcontractorSingleTenderer>
        </cac:LeaderSingleTenderer>
        <cac:OtherMemberSingleTenderer minOccurs='1' maxOccurs='unbounded' type='SingleTendererType (from urn:peppol:wp2:schema:xsd:CommonAggregateComponents-2)' childListType='SEQUENCE' xmlns:cbc='urn:peppol:wp2:schema:xsd:CommonBasicComponents-2' xmlns:vcdp='urn:peppol:wp2:schema:xsd:VirtualCompanyDossierPackage-1' xmlns:cec='urn:oasis:names:specification:ubl:schema:xsd:CommonExtensionComponents-2' xmlns:cac='urn:peppol:wp2:schema:xsd:CommonAggregateComponents-2'>
            <cbc:VCDReferenceID minOccurs='1' maxOccurs='1' xsdType='xsd:normalizedString' />
            <cac:SubcontractorSingleTenderer minOccurs='0' maxOccurs='unbounded' type='SingleTendererType (from urn:peppol:wp2:schema:xsd:CommonAggregateComponents-2)' childListType='SEQUENCE' xmlns:cbc='urn:peppol:wp2:schema:xsd:CommonBasicComponents-2' xmlns:vcdp='urn:peppol:wp2:schema:xsd:VirtualCompanyDossierPackage-1' xmlns:cec='urn:oasis:names:specification:ubl:schema:xsd:CommonExtensionComponents-2' xmlns:cac='urn:peppol:wp2:schema:xsd:CommonAggregateComponents-2'>
                <cbc:VCDReferenceID minOccurs='1' maxOccurs='1' xsdType='xsd:normalizedString' />
                <cac:SubcontractorSingleTenderer minOccurs='0' maxOccurs='unbounded' unresolved='true' />
            </cac:SubcontractorSingleTenderer>
        </cac:OtherMemberSingleTenderer>
    </cac:BiddingConsortium>
    <cac:Signature minOccurs='0' maxOccurs='1' type='SignatureType (from urn:peppol:wp2:schema:xsd:CommonAggregateComponents-2)' childListType='SEQUENCE' xmlns:cbc='urn:peppol:wp2:schema:xsd:CommonBasicComponents-2' xmlns:vcdp='urn:peppol:wp2:schema:xsd:VirtualCompanyDossierPackage-1' xmlns:cec='urn:oasis:names:specification:ubl:schema:xsd:CommonExtensionComponents-2' xmlns:cac='urn:peppol:wp2:schema:xsd:CommonAggregateComponents-2'>
        <cbc:ID minOccurs='1' maxOccurs='1' xsdType='xsd:normalizedString' />
        <cbc:Note minOccurs='0' maxOccurs='1' xsdType='xsd:string' />
        <cbc:CanonicalizationMethod minOccurs='0' maxOccurs='1' xsdType='xsd:string' />
        <cbc:SignatureMethod minOccurs='0' maxOccurs='1' xsdType='xsd:string' />
        <cac:SignatoryParty minOccurs='1' maxOccurs='1' type='PartyType (from urn:peppol:wp2:schema:xsd:CommonAggregateComponents-2)' childListType='SEQUENCE' xmlns:cbc='urn:peppol:wp2:schema:xsd:CommonBasicComponents-2' xmlns:vcdp='urn:peppol:wp2:schema:xsd:VirtualCompanyDossierPackage-1' xmlns:cec='urn:oasis:names:specification:ubl:schema:xsd:CommonExtensionComponents-2' xmlns:cac='urn:peppol:wp2:schema:xsd:CommonAggregateComponents-2'>
            <cbc:EndpointID minOccurs='0' maxOccurs='1' xsdType='xsd:normalizedString' />
            <cac:PartyIdentification minOccurs='0' maxOccurs='unbounded' type='PartyIdentificationType (from urn:peppol:wp2:schema:xsd:CommonAggregateComponents-2)' childListType='SEQUENCE' xmlns:cbc='urn:peppol:wp2:schema:xsd:CommonBasicComponents-2' xmlns:vcdp='urn:peppol:wp2:schema:xsd:VirtualCompanyDossierPackage-1' xmlns:cec='urn:oasis:names:specification:ubl:schema:xsd:CommonExtensionComponents-2' xmlns:cac='urn:peppol:wp2:schema:xsd:CommonAggregateComponents-2'>
                <cbc:ID minOccurs='1' maxOccurs='1' xsdType='xsd:normalizedString' />
            </cac:PartyIdentification>
            <cac:PartyName minOccurs='0' maxOccurs='unbounded' type='PartyNameType (from urn:peppol:wp2:schema:xsd:CommonAggregateComponents-2)' childListType='SEQUENCE' xmlns:cbc='urn:peppol:wp2:schema:xsd:CommonBasicComponents-2' xmlns:vcdp='urn:peppol:wp2:schema:xsd:VirtualCompanyDossierPackage-1' xmlns:cec='urn:oasis:names:specification:ubl:schema:xsd:CommonExtensionComponents-2' xmlns:cac='urn:peppol:wp2:schema:xsd:CommonAggregateComponents-2'>
                <cbc:Name minOccurs='1' maxOccurs='1' xsdType='xsd:string' />
            </cac:PartyName>
            <cac:Person minOccurs='0' maxOccurs='1' type='PersonType (from urn:peppol:wp2:schema:xsd:CommonAggregateComponents-2)' childListType='SEQUENCE' xmlns:cbc='urn:peppol:wp2:schema:xsd:CommonBasicComponents-2' xmlns:vcdp='urn:peppol:wp2:schema:xsd:VirtualCompanyDossierPackage-1' xmlns:cec='urn:oasis:names:specification:ubl:schema:xsd:CommonExtensionComponents-2' xmlns:cac='urn:peppol:wp2:schema:xsd:CommonAggregateComponents-2'>
                <cbc:FirstName minOccurs='0' maxOccurs='1' xsdType='xsd:string' />
                <cbc:FamilyName minOccurs='0' maxOccurs='1' xsdType='xsd:string' />
                <cbc:MiddleName minOccurs='0' maxOccurs='1' xsdType='xsd:string' />
                <cbc:JobTitle minOccurs='0' maxOccurs='1' xsdType='xsd:string' />
            </cac:Person>
        </cac:SignatoryParty>
        <cac:DigitalSignatureAttachment minOccurs='0' maxOccurs='1' type='AttachmentType (from urn:peppol:wp2:schema:xsd:CommonAggregateComponents-2)' childListType='SEQUENCE' xmlns:cbc='urn:peppol:wp2:schema:xsd:CommonBasicComponents-2' xmlns:vcdp='urn:peppol:wp2:schema:xsd:VirtualCompanyDossierPackage-1' xmlns:cec='urn:oasis:names:specification:ubl:schema:xsd:CommonExtensionComponents-2' xmlns:cac='urn:peppol:wp2:schema:xsd:CommonAggregateComponents-2'>
            <cbc:EmbeddedDocumentBinaryObject minOccurs='0' maxOccurs='1' xsdType='xsd:base64Binary' />
            <cac:ExternalReference minOccurs='0' maxOccurs='1' type='ExternalReferenceType (from urn:peppol:wp2:schema:xsd:CommonAggregateComponents-2)' childListType='SEQUENCE' xmlns:cbc='urn:peppol:wp2:schema:xsd:CommonBasicComponents-2' xmlns:vcdp='urn:peppol:wp2:schema:xsd:VirtualCompanyDossierPackage-1' xmlns:cec='urn:oasis:names:specification:ubl:schema:xsd:CommonExtensionComponents-2' xmlns:cac='urn:peppol:wp2:schema:xsd:CommonAggregateComponents-2'>
                <cbc:URI minOccurs='0' maxOccurs='1' xsdType='xsd:normalizedString' />
                <cbc:DocumentHash minOccurs='0' maxOccurs='1' xsdType='xsd:string' />
                <cbc:HashAlgorithmMethod minOccurs='0' maxOccurs='unbounded' xsdType='xsd:string' />
                <cbc:ExpiryDate minOccurs='0' maxOccurs='1' xsdType='xsd:DateType' />
                <cbc:ExpiryTime minOccurs='0' maxOccurs='1' xsdType='xsd:TimeType' />
                <cbc:MimeCode minOccurs='0' maxOccurs='1' xsdType='xsd:normalizedString' />
                <cbc:FormatCode minOccurs='0' maxOccurs='1' xsdType='xsd:normalizedString' />
                <cbc:EncodingCode minOccurs='0' maxOccurs='1' xsdType='xsd:normalizedString' />
                <cbc:CharacterSetCode minOccurs='0' maxOccurs='1' xsdType='xsd:normalizedString' />
                <cbc:FileName minOccurs='0' maxOccurs='1' xsdType='xsd:string' />
            </cac:ExternalReference>
        </cac:DigitalSignatureAttachment>
        <cac:OriginalDocumentReference minOccurs='0' maxOccurs='1' type='DocumentReferenceType (from urn:peppol:wp2:schema:xsd:CommonAggregateComponents-2)' childListType='SEQUENCE' xmlns:cbc='urn:peppol:wp2:schema:xsd:CommonBasicComponents-2' xmlns:vcdp='urn:peppol:wp2:schema:xsd:VirtualCompanyDossierPackage-1' xmlns:cec='urn:oasis:names:specification:ubl:schema:xsd:CommonExtensionComponents-2' xmlns:cac='urn:peppol:wp2:schema:xsd:CommonAggregateComponents-2'>
            <cbc:ID minOccurs='1' maxOccurs='1' xsdType='xsd:normalizedString' />
            <cbc:IssueDate minOccurs='0' maxOccurs='1' xsdType='xsd:DateType' />
            <cbc:IssueTime minOccurs='0' maxOccurs='1' xsdType='xsd:TimeType' />
            <cbc:DocumentTypeCode minOccurs='0' maxOccurs='1' xsdType='xsd:normalizedString' />
            <cbc:DocumentType minOccurs='0' maxOccurs='1' xsdType='xsd:string' />
            <cac:Attachment minOccurs='0' maxOccurs='1' type='AttachmentType (from urn:peppol:wp2:schema:xsd:CommonAggregateComponents-2)' childListType='SEQUENCE' xmlns:cbc='urn:peppol:wp2:schema:xsd:CommonBasicComponents-2' xmlns:vcdp='urn:peppol:wp2:schema:xsd:VirtualCompanyDossierPackage-1' xmlns:cec='urn:oasis:names:specification:ubl:schema:xsd:CommonExtensionComponents-2' xmlns:cac='urn:peppol:wp2:schema:xsd:CommonAggregateComponents-2'>
                <cbc:EmbeddedDocumentBinaryObject minOccurs='0' maxOccurs='1' xsdType='xsd:base64Binary' />
                <cac:ExternalReference minOccurs='0' maxOccurs='1' type='ExternalReferenceType (from urn:peppol:wp2:schema:xsd:CommonAggregateComponents-2)' childListType='SEQUENCE' xmlns:cbc='urn:peppol:wp2:schema:xsd:CommonBasicComponents-2' xmlns:vcdp='urn:peppol:wp2:schema:xsd:VirtualCompanyDossierPackage-1' xmlns:cec='urn:oasis:names:specification:ubl:schema:xsd:CommonExtensionComponents-2' xmlns:cac='urn:peppol:wp2:schema:xsd:CommonAggregateComponents-2'>
                    <cbc:URI minOccurs='0' maxOccurs='1' xsdType='xsd:normalizedString' />
                    <cbc:DocumentHash minOccurs='0' maxOccurs='1' xsdType='xsd:string' />
                    <cbc:HashAlgorithmMethod minOccurs='0' maxOccurs='unbounded' xsdType='xsd:string' />
                    <cbc:ExpiryDate minOccurs='0' maxOccurs='1' xsdType='xsd:DateType' />
                    <cbc:ExpiryTime minOccurs='0' maxOccurs='1' xsdType='xsd:TimeType' />
                    <cbc:MimeCode minOccurs='0' maxOccurs='1' xsdType='xsd:normalizedString' />
                    <cbc:FormatCode minOccurs='0' maxOccurs='1' xsdType='xsd:normalizedString' />
                    <cbc:EncodingCode minOccurs='0' maxOccurs='1' xsdType='xsd:normalizedString' />
                    <cbc:CharacterSetCode minOccurs='0' maxOccurs='1' xsdType='xsd:normalizedString' />
                    <cbc:FileName minOccurs='0' maxOccurs='1' xsdType='xsd:string' />
                </cac:ExternalReference>
            </cac:Attachment>
            <cac:ResultOfVerification minOccurs='0' maxOccurs='unbounded' type='ResultOfVerificationType (from urn:peppol:wp2:schema:xsd:CommonAggregateComponents-2)' childListType='SEQUENCE' xmlns:cbc='urn:peppol:wp2:schema:xsd:CommonBasicComponents-2' xmlns:vcdp='urn:peppol:wp2:schema:xsd:VirtualCompanyDossierPackage-1' xmlns:cec='urn:oasis:names:specification:ubl:schema:xsd:CommonExtensionComponents-2' xmlns:cac='urn:peppol:wp2:schema:xsd:CommonAggregateComponents-2'>
                <cbc:ValidatorID minOccurs='0' maxOccurs='1' xsdType='xsd:normalizedString' />
                <cbc:ValidateResultCode minOccurs='0' maxOccurs='1' xsdType='xsd:normalizedString' />
                <cbc:ValidationDate minOccurs='0' maxOccurs='1' xsdType='xsd:DateType' />
                <cbc:ValidationTime minOccurs='0' maxOccurs='1' xsdType='xsd:TimeType' />
                <cbc:ValidateProcess minOccurs='0' maxOccurs='1' xsdType='xsd:string' />
                <cbc:ValidateTool minOccurs='0' maxOccurs='1' xsdType='xsd:string' />
                <cbc:ValidateToolVersion minOccurs='0' maxOccurs='1' xsdType='xsd:string' />
                <cac:SignatoryParty minOccurs='0' maxOccurs='1' type='PartyType (from urn:peppol:wp2:schema:xsd:CommonAggregateComponents-2)' childListType='SEQUENCE' xmlns:cbc='urn:peppol:wp2:schema:xsd:CommonBasicComponents-2' xmlns:vcdp='urn:peppol:wp2:schema:xsd:VirtualCompanyDossierPackage-1' xmlns:cec='urn:oasis:names:specification:ubl:schema:xsd:CommonExtensionComponents-2' xmlns:cac='urn:peppol:wp2:schema:xsd:CommonAggregateComponents-2'>
                    <cbc:EndpointID minOccurs='0' maxOccurs='1' xsdType='xsd:normalizedString' />
                    <cac:PartyIdentification minOccurs='0' maxOccurs='unbounded' type='PartyIdentificationType (from urn:peppol:wp2:schema:xsd:CommonAggregateComponents-2)' childListType='SEQUENCE' xmlns:cbc='urn:peppol:wp2:schema:xsd:CommonBasicComponents-2' xmlns:vcdp='urn:peppol:wp2:schema:xsd:VirtualCompanyDossierPackage-1' xmlns:cec='urn:oasis:names:specification:ubl:schema:xsd:CommonExtensionComponents-2' xmlns:cac='urn:peppol:wp2:schema:xsd:CommonAggregateComponents-2'>
                        <cbc:ID minOccurs='1' maxOccurs='1' xsdType='xsd:normalizedString' />
                    </cac:PartyIdentification>
                    <cac:PartyName minOccurs='0' maxOccurs='unbounded' type='PartyNameType (from urn:peppol:wp2:schema:xsd:CommonAggregateComponents-2)' childListType='SEQUENCE' xmlns:cbc='urn:peppol:wp2:schema:xsd:CommonBasicComponents-2' xmlns:vcdp='urn:peppol:wp2:schema:xsd:VirtualCompanyDossierPackage-1' xmlns:cec='urn:oasis:names:specification:ubl:schema:xsd:CommonExtensionComponents-2' xmlns:cac='urn:peppol:wp2:schema:xsd:CommonAggregateComponents-2'>
                        <cbc:Name minOccurs='1' maxOccurs='1' xsdType='xsd:string' />
                    </cac:PartyName>
                    <cac:Person minOccurs='0' maxOccurs='1' type='PersonType (from urn:peppol:wp2:schema:xsd:CommonAggregateComponents-2)' childListType='SEQUENCE' xmlns:cbc='urn:peppol:wp2:schema:xsd:CommonBasicComponents-2' xmlns:vcdp='urn:peppol:wp2:schema:xsd:VirtualCompanyDossierPackage-1' xmlns:cec='urn:oasis:names:specification:ubl:schema:xsd:CommonExtensionComponents-2' xmlns:cac='urn:peppol:wp2:schema:xsd:CommonAggregateComponents-2'>
                        <cbc:FirstName minOccurs='0' maxOccurs='1' xsdType='xsd:string' />
                        <cbc:FamilyName minOccurs='0' maxOccurs='1' xsdType='xsd:string' />
                        <cbc:MiddleName minOccurs='0' maxOccurs='1' xsdType='xsd:string' />
                        <cbc:JobTitle minOccurs='0' maxOccurs='1' xsdType='xsd:string' />
                    </cac:Person>
                </cac:SignatoryParty>
            </cac:ResultOfVerification>
            <cac:IssuerParty minOccurs='0' maxOccurs='1' type='PartyType (from urn:peppol:wp2:schema:xsd:CommonAggregateComponents-2)' childListType='SEQUENCE' xmlns:cbc='urn:peppol:wp2:schema:xsd:CommonBasicComponents-2' xmlns:vcdp='urn:peppol:wp2:schema:xsd:VirtualCompanyDossierPackage-1' xmlns:cec='urn:oasis:names:specification:ubl:schema:xsd:CommonExtensionComponents-2' xmlns:cac='urn:peppol:wp2:schema:xsd:CommonAggregateComponents-2'>
                <cbc:EndpointID minOccurs='0' maxOccurs='1' xsdType='xsd:normalizedString' />
                <cac:PartyIdentification minOccurs='0' maxOccurs='unbounded' type='PartyIdentificationType (from urn:peppol:wp2:schema:xsd:CommonAggregateComponents-2)' childListType='SEQUENCE' xmlns:cbc='urn:peppol:wp2:schema:xsd:CommonBasicComponents-2' xmlns:vcdp='urn:peppol:wp2:schema:xsd:VirtualCompanyDossierPackage-1' xmlns:cec='urn:oasis:names:specification:ubl:schema:xsd:CommonExtensionComponents-2' xmlns:cac='urn:peppol:wp2:schema:xsd:CommonAggregateComponents-2'>
                    <cbc:ID minOccurs='1' maxOccurs='1' xsdType='xsd:normalizedString' />
                </cac:PartyIdentification>
                <cac:PartyName minOccurs='0' maxOccurs='unbounded' type='PartyNameType (from urn:peppol:wp2:schema:xsd:CommonAggregateComponents-2)' childListType='SEQUENCE' xmlns:cbc='urn:peppol:wp2:schema:xsd:CommonBasicComponents-2' xmlns:vcdp='urn:peppol:wp2:schema:xsd:VirtualCompanyDossierPackage-1' xmlns:cec='urn:oasis:names:specification:ubl:schema:xsd:CommonExtensionComponents-2' xmlns:cac='urn:peppol:wp2:schema:xsd:CommonAggregateComponents-2'>
                    <cbc:Name minOccurs='1' maxOccurs='1' xsdType='xsd:string' />
                </cac:PartyName>
                <cac:Person minOccurs='0' maxOccurs='1' type='PersonType (from urn:peppol:wp2:schema:xsd:CommonAggregateComponents-2)' childListType='SEQUENCE' xmlns:cbc='urn:peppol:wp2:schema:xsd:CommonBasicComponents-2' xmlns:vcdp='urn:peppol:wp2:schema:xsd:VirtualCompanyDossierPackage-1' xmlns:cec='urn:oasis:names:specification:ubl:schema:xsd:CommonExtensionComponents-2' xmlns:cac='urn:peppol:wp2:schema:xsd:CommonAggregateComponents-2'>
                    <cbc:FirstName minOccurs='0' maxOccurs='1' xsdType='xsd:string' />
                    <cbc:FamilyName minOccurs='0' maxOccurs='1' xsdType='xsd:string' />
                    <cbc:MiddleName minOccurs='0' maxOccurs='1' xsdType='xsd:string' />
                    <cbc:JobTitle minOccurs='0' maxOccurs='1' xsdType='xsd:string' />
                </cac:Person>
            </cac:IssuerParty>
            <cac:Language minOccurs='0' maxOccurs='unbounded' type='LanguageType (from urn:peppol:wp2:schema:xsd:CommonAggregateComponents-2)' childListType='SEQUENCE' xmlns:cbc='urn:peppol:wp2:schema:xsd:CommonBasicComponents-2' xmlns:vcdp='urn:peppol:wp2:schema:xsd:VirtualCompanyDossierPackage-1' xmlns:cec='urn:oasis:names:specification:ubl:schema:xsd:CommonExtensionComponents-2' xmlns:cac='urn:peppol:wp2:schema:xsd:CommonAggregateComponents-2'>
                <cbc:ID minOccurs='0' maxOccurs='1' xsdType='xsd:normalizedString' />
                <cbc:Name minOccurs='0' maxOccurs='1' xsdType='xsd:string' />
                <cbc:LocaleCode minOccurs='0' maxOccurs='1' xsdType='xsd:normalizedString' />
            </cac:Language>
        </cac:OriginalDocumentReference>
    </cac:Signature>
</vcdp:VCDPackage>
