<?xml version="1.0" encoding="utf-8" standalone="no"?>
<Mapping>
	<map unboundedGroup="" unboundedField="" id="">
		<cenbii>RequestForTenderLine.Item.Name</cenbii>
		<eclass>
			<get unbounded="0" node="ontoml:class" nodeAddress="preferred_name.label" attributeParameter="en" getAttribute="">dictionary.contained_classes</get>
		</eclass>
	</map>
	
	<map unboundedGroup="AdditionalItemProperty" unboundedField="" id="RequestForTenderLine.Item.AdditionalItemProperty.ID">
		<cenbii>RequestForTenderLine.Item.AdditionalItemProperty.Name</cenbii>
		<eclass>
			<get unbounded="0" node="ontoml:property" nodeAddress="preferred_name.label" attributeParameter="en" getAttribute="">dictionary.contained_properties</get>
		</eclass>
	</map>
	
	

  <map unboundedGroup="AdditionalItemProperty" unboundedField="ItemPropertyGroup" id="RequestForTenderLine.Item.AdditionalItemProperty.ID">
		<cenbii>RequestForTenderLine.Item.AdditionalItemProperty.ItemPropertyGroup.ID</cenbii>
		<eclass>
			<get unbounded="0" node="ontoml:property" nodeAddress="" attributeParameter="en" getAttribute="id">dictionary.contained_properties</get>
		</eclass>
	</map>
	
	<map unboundedGroup="ItemPropertyGroup" unboundedField="" id="RequestForTenderLine.Item.AdditionalItemProperty.ItemPropertyGroup.ID">
		<cenbii>RequestForTenderLine.Item.AdditionalItemProperty.ItemPropertyGroup.Name</cenbii>
		<eclass>
				<get unbounded="0" node="label" nodeAddress="" attributeParameter="" getAttribute="">header.ontoml_information.preferred_name</get>
		</eclass>
	</map>
	

	
<!-- 	<map unboundedGroup="ListValue" unboundedField="" id="RequestForTenderLine.Item.AdditionalItemProperty.ItemPropertyGroup.ID"> -->
<!--  		<cenbii>RequestForTenderLine.Item.AdditionalItemProperty.ListValue</cenbii>  -->
<!-- 		<eclass> -->
<!-- 				<get unbounded="0"  -->
<!-- 					 node="ontoml:datatype"  -->
<!-- 					 nodeAddress=""  -->
<!-- 					 attributeParameter=""  -->
<!-- 					 getAttribute="id">dictionary.contained_datatypes</get> -->
<!-- 		</eclass> -->
<!-- 	</map> -->
		
<!-- 	<map unboundedGroup="ListValue" unboundedField="ListValue" id="RequestForTenderLine.Item.AdditionalItemProperty.ItemPropertyGroup.ID"> -->
<!--  		<cenbii>RequestForTenderLine.Item.AdditionalItemProperty.ListValue</cenbii>  -->
<!-- 		<eclass> -->
<!-- 				<get unbounded="0"  -->
<!-- 					 node="ontoml:datatype.type_definition.constraints.constraint.value_meaning.its_values.dic_value"  -->
<!-- 					 nodeAddress="preferred_name.label"  -->
<!-- 					 attributeParameter="en"  -->
<!-- 					 getAttribute="">dictionary.contained_datatypes</get> -->
<!-- 		</eclass> -->
<!-- 	</map> -->
	
</Mapping>