<?xml version="1.0" encoding="UTF-8"?>
<con:soapui-project name="ESPInterfaceService" resourceRoot="${projectDir}" soapui-version="3.6" abortOnError="false" runType="SEQUENTIAL" xmlns:con="http://eviware.com/soapui/config"><con:settings/><con:interface xsi:type="con:WsdlInterface" wsaVersion="NONE" name="ESPInterfacePortBinding" type="wsdl" bindingName="{http://service.peppol.m2n.at}ESPInterfacePortBinding" soapVersion="1_1" anonymous="optional" definition="target/generated-sources/WEB-INF/ESPInterfaceService.wsdl" xmlns:xsi="http://www.w3.org/2001/XMLSchema-instance"><con:settings/><con:definitionCache type="TEXT" rootPart="file:/home/groiss/Code/branches/vcd/m2n-im/peppol-esp-services/target/generated-sources/WEB-INF/ESPInterfaceService.wsdl"><con:part><con:url>file:/home/groiss/Code/branches/vcd/m2n-im/peppol-esp-services/target/generated-sources/WEB-INF/ESPInterfaceService.wsdl</con:url><con:content><![CDATA[<!--Generated by JAX-WS RI at http://jax-ws.dev.java.net. RI's version is JAX-WS RI 2.1.7-b01-.-->
<definitions targetNamespace="http://service.peppol.m2n.at" name="ESPInterfaceService" xmlns="http://schemas.xmlsoap.org/wsdl/" xmlns:tns="http://service.peppol.m2n.at" xmlns:xsd="http://www.w3.org/2001/XMLSchema" xmlns:soap="http://schemas.xmlsoap.org/wsdl/soap/">
  <types>
    <xsd:schema>
      <xsd:import namespace="http://service.peppol.m2n.at" schemaLocation="ESPInterfaceService_schema1.xsd"/>
    </xsd:schema>
  </types>
  <message name="suggestCriteria">
    <part name="tSkeleton" type="xsd:base64Binary"/>
    <part name="authenticationToken" type="xsd:string"/>
  </message>
  <message name="suggestCriteriaResponse">
    <part name="return" type="xsd:base64Binary"/>
  </message>
  <message name="InternalErrorFault">
    <part name="fault" element="tns:InternalErrorFault"/>
  </message>
  <message name="FileFormatFault">
    <part name="fault" element="tns:FileFormatFault"/>
  </message>
  <message name="TokenFault">
    <part name="fault" element="tns:TokenFault"/>
  </message>
  <message name="suggestEvidences">
    <part name="tcSkeleton" type="xsd:base64Binary"/>
    <part name="authenticationToken" type="xsd:string"/>
  </message>
  <message name="suggestEvidencesResponse">
    <part name="return" type="xsd:base64Binary"/>
  </message>
  <portType name="ESPInterface">
    <operation name="suggestCriteria" parameterOrder="tSkeleton authenticationToken">
      <input message="tns:suggestCriteria"/>
      <output message="tns:suggestCriteriaResponse"/>
      <fault message="tns:InternalErrorFault" name="InternalErrorFault"/>
      <fault message="tns:FileFormatFault" name="FileFormatFault"/>
      <fault message="tns:TokenFault" name="TokenFault"/>
    </operation>
    <operation name="suggestEvidences" parameterOrder="tcSkeleton authenticationToken">
      <input message="tns:suggestEvidences"/>
      <output message="tns:suggestEvidencesResponse"/>
      <fault message="tns:InternalErrorFault" name="InternalErrorFault"/>
      <fault message="tns:FileFormatFault" name="FileFormatFault"/>
      <fault message="tns:TokenFault" name="TokenFault"/>
    </operation>
  </portType>
  <binding name="ESPInterfacePortBinding" type="tns:ESPInterface">
    <soap:binding transport="http://schemas.xmlsoap.org/soap/http" style="rpc"/>
    <operation name="suggestCriteria">
      <soap:operation soapAction=""/>
      <input>
        <soap:body use="literal" namespace="http://service.peppol.m2n.at"/>
      </input>
      <output>
        <soap:body use="literal" namespace="http://service.peppol.m2n.at"/>
      </output>
      <fault name="InternalErrorFault">
        <soap:fault name="InternalErrorFault" use="literal"/>
      </fault>
      <fault name="FileFormatFault">
        <soap:fault name="FileFormatFault" use="literal"/>
      </fault>
      <fault name="TokenFault">
        <soap:fault name="TokenFault" use="literal"/>
      </fault>
    </operation>
    <operation name="suggestEvidences">
      <soap:operation soapAction=""/>
      <input>
        <soap:body use="literal" namespace="http://service.peppol.m2n.at"/>
      </input>
      <output>
        <soap:body use="literal" namespace="http://service.peppol.m2n.at"/>
      </output>
      <fault name="InternalErrorFault">
        <soap:fault name="InternalErrorFault" use="literal"/>
      </fault>
      <fault name="FileFormatFault">
        <soap:fault name="FileFormatFault" use="literal"/>
      </fault>
      <fault name="TokenFault">
        <soap:fault name="TokenFault" use="literal"/>
      </fault>
    </operation>
  </binding>
  <service name="ESPInterfaceService">
    <port name="ESPInterfacePort" binding="tns:ESPInterfacePortBinding">
      <soap:address location="REPLACE_WITH_ACTUAL_URL"/>
    </port>
  </service>
</definitions>]]></con:content><con:type>http://schemas.xmlsoap.org/wsdl/</con:type></con:part><con:part><con:url>file:/home/groiss/Code/branches/vcd/m2n-im/peppol-esp-services/target/generated-sources/WEB-INF/ESPInterfaceService_schema1.xsd</con:url><con:content><![CDATA[<xs:schema version="1.0" targetNamespace="http://service.peppol.m2n.at" xmlns:tns="http://service.peppol.m2n.at" xmlns:xs="http://www.w3.org/2001/XMLSchema">
  <xs:element name="FileFormatFault" type="tns:FileFormatFault"/>
  <xs:element name="InternalErrorFault" type="tns:InternalErrorFault"/>
  <xs:element name="TokenFault" type="tns:TokenFault"/>
  <xs:complexType name="InternalErrorFault">
    <xs:sequence>
      <xs:element name="message" type="xs:string" minOccurs="0"/>
      <xs:element name="retryAt" type="xs:dateTime" minOccurs="0"/>
    </xs:sequence>
  </xs:complexType>
  <xs:complexType name="FileFormatFault">
    <xs:sequence>
      <xs:element name="message" type="xs:string" minOccurs="0"/>
    </xs:sequence>
  </xs:complexType>
  <xs:complexType name="TokenFault">
    <xs:sequence>
      <xs:element name="message" type="xs:string" minOccurs="0"/>
    </xs:sequence>
  </xs:complexType>
</xs:schema>]]></con:content><con:type>http://www.w3.org/2001/XMLSchema</con:type></con:part></con:definitionCache><con:endpoints><con:endpoint>http://localhost:8080/ESPInterface</con:endpoint><con:endpoint>http://localhost:8080/esp/ESPInterface</con:endpoint><con:endpoint>http://test-vcd-esp.peppol.at/peppol-esp-services/ESPInterface</con:endpoint><con:endpoint>http://localhost:8080/esp-trunk/ESPInterface</con:endpoint><con:endpoint>http://peppol-evs.m2n.at/peppol-esp-services-2.2/ESPInterface</con:endpoint></con:endpoints><con:operation isOneWay="false" action="" name="suggestCriteria" bindingOperationName="suggestCriteria" type="Request-Response" inputName="" receivesAttachments="false" sendsAttachments="false" anonymous="optional"><con:settings/><con:call name="SuggestCriteriaRequest" outgoingWss="" incomingWss=""><con:settings><con:setting id="com.eviware.soapui.impl.wsdl.WsdlRequest@request-headers">&lt;xml-fragment/></con:setting><con:setting id="com.eviware.soapui.impl.wsdl.WsdlRequest@encode_attachments">false</con:setting><con:setting id="WsdlSettings@enable-mtom">true</con:setting><con:setting id="com.eviware.soapui.impl.wsdl.WsdlRequest@force_mtom">true</con:setting><con:setting id="com.eviware.soapui.impl.wsdl.WsdlRequest@enable_inline_files">true</con:setting><con:setting id="com.eviware.soapui.impl.wsdl.WsdlRequest@disable-multipart-attachments">false</con:setting><con:setting id="com.eviware.soapui.impl.wsdl.WsdlRequest@expand-mtom-attachments">true</con:setting><con:setting id="com.eviware.soapui.impl.wsdl.WsdlRequest@skip_soap_action">false</con:setting><con:setting id="com.eviware.soapui.impl.support.AbstractHttpRequest@max-size">9999999999999</con:setting></con:settings><con:encoding>UTF-8</con:encoding><con:endpoint>http://test-vcd-esp.peppol.at/peppol-esp-services/ESPInterface</con:endpoint><con:request><![CDATA[<soapenv:Envelope xmlns:soapenv="http://schemas.xmlsoap.org/soap/envelope/" xmlns:ser="http://service.peppol.m2n.at">
   <soapenv:Header/>
   <soapenv:Body>
      <ser:suggestCriteria>
         <tSkeleton>cid:VCD_TS_Container.zip</tSkeleton>
         <authenticationToken>?</authenticationToken>
      </ser:suggestCriteria>
   </soapenv:Body>
</soapenv:Envelope>]]></con:request><con:credentials><con:username xsi:nil="true"/><con:password xsi:nil="true"/><con:domain xsi:nil="true"/></con:credentials><con:attachment><con:name>VCD_TS_Container.zip</con:name><con:contentType>application/zip</con:contentType><con:contentId>VCD_TS_Container.zip</con:contentId><con:part>VCD_TS_Container.zip</con:part><con:url>src/test/resources/VCD_TS_Container.zip</con:url></con:attachment><con:jmsConfig JMSDeliveryMode="PERSISTENT"/><con:jmsPropertyConfig/><con:wsaConfig mustUnderstand="NONE" version="200508" action="http://service.peppol.m2n.at/ESPInterface/suggestCriteriaRequest"/><con:wsrmConfig version="1.2"/></con:call><con:call name="christineProblematic1"><con:settings><con:setting id="com.eviware.soapui.impl.wsdl.WsdlRequest@request-headers">&lt;xml-fragment/></con:setting><con:setting id="WsdlSettings@enable-mtom">true</con:setting></con:settings><con:encoding>UTF-8</con:encoding><con:endpoint>http://localhost:8080/esp/ESPInterface</con:endpoint><con:request><![CDATA[<soapenv:Envelope xmlns:soapenv="http://schemas.xmlsoap.org/soap/envelope/" xmlns:ser="http://service.peppol.m2n.at">
   <soapenv:Header/>
   <soapenv:Body>
      <ser:suggestCriteria>
         <tSkeleton>cid:SkeletonContainer4453880496967638905.zip</tSkeleton>
         <authenticationToken>?</authenticationToken>
      </ser:suggestCriteria>
   </soapenv:Body>
</soapenv:Envelope>]]></con:request><con:attachment><con:name>SkeletonContainer4453880496967638905.zip</con:name><con:contentType>application/zip</con:contentType><con:contentId>SkeletonContainer4453880496967638905.zip</con:contentId><con:part>SkeletonContainer4453880496967638905.zip</con:part><con:url>src/test/resources/fromChristine/SkeletonContainer4453880496967638905.zip</con:url></con:attachment><con:jmsConfig JMSDeliveryMode="PERSISTENT"/><con:jmsPropertyConfig/><con:wsaConfig mustUnderstand="NONE" version="200508" action="http://service.peppol.m2n.at/ESPInterface/suggestCriteriaRequest"/><con:wsrmConfig version="1.2"/></con:call><con:call name="christineProblematic2"><con:settings><con:setting id="com.eviware.soapui.impl.wsdl.WsdlRequest@request-headers">&lt;xml-fragment/></con:setting><con:setting id="WsdlSettings@enable-mtom">true</con:setting></con:settings><con:encoding>UTF-8</con:encoding><con:endpoint>http://localhost:8080/esp/ESPInterface</con:endpoint><con:request><![CDATA[<soapenv:Envelope xmlns:soapenv="http://schemas.xmlsoap.org/soap/envelope/" xmlns:ser="http://service.peppol.m2n.at">
   <soapenv:Header/>
   <soapenv:Body>
      <ser:suggestCriteria>
         <tSkeleton>cid:SkeletonContainer837377539437620568.zip</tSkeleton>
         <authenticationToken>?</authenticationToken>
      </ser:suggestCriteria>
   </soapenv:Body>
</soapenv:Envelope>]]></con:request><con:attachment><con:name>SkeletonContainer837377539437620568.zip</con:name><con:contentType>application/zip</con:contentType><con:contentId>SkeletonContainer837377539437620568.zip</con:contentId><con:part>SkeletonContainer837377539437620568.zip</con:part><con:url>src/test/resources/fromChristine/SkeletonContainer837377539437620568.zip</con:url></con:attachment><con:jmsConfig JMSDeliveryMode="PERSISTENT"/><con:jmsPropertyConfig/><con:wsaConfig mustUnderstand="NONE" version="200508" action="http://service.peppol.m2n.at/ESPInterface/suggestCriteriaRequest"/><con:wsrmConfig version="1.2"/></con:call><con:call name="christineProblematic3"><con:settings><con:setting id="com.eviware.soapui.impl.wsdl.WsdlRequest@request-headers">&lt;xml-fragment/></con:setting><con:setting id="WsdlSettings@enable-mtom">true</con:setting></con:settings><con:encoding>UTF-8</con:encoding><con:endpoint>http://test-vcd-esp.peppol.at/peppol-esp-services/ESPInterface</con:endpoint><con:request><![CDATA[<soapenv:Envelope xmlns:soapenv="http://schemas.xmlsoap.org/soap/envelope/" xmlns:ser="http://service.peppol.m2n.at">
   <soapenv:Header/>
   <soapenv:Body>
      <ser:suggestCriteria>
         <tSkeleton>cid:SkeletonContainer8750655915630348500.zip</tSkeleton>
         <authenticationToken>?</authenticationToken>
      </ser:suggestCriteria>
   </soapenv:Body>
</soapenv:Envelope>]]></con:request><con:attachment><con:name>SkeletonContainer8750655915630348500.zip</con:name><con:contentType>application/zip</con:contentType><con:contentId>SkeletonContainer8750655915630348500.zip</con:contentId><con:part>SkeletonContainer8750655915630348500.zip</con:part><con:url>src/test/resources/fromChristine/SkeletonContainer8750655915630348500.zip</con:url></con:attachment><con:jmsConfig JMSDeliveryMode="PERSISTENT"/><con:jmsPropertyConfig/><con:wsaConfig mustUnderstand="NONE" version="200508" action="http://service.peppol.m2n.at/ESPInterface/suggestCriteriaRequest"/><con:wsrmConfig version="1.2"/></con:call><con:call name="christineGreek"><con:settings><con:setting id="com.eviware.soapui.impl.wsdl.WsdlRequest@request-headers">&lt;xml-fragment/></con:setting><con:setting id="com.eviware.soapui.impl.wsdl.WsdlRequest@skip_soap_action">false</con:setting><con:setting id="WsdlSettings@enable-mtom">true</con:setting></con:settings><con:encoding>UTF-8</con:encoding><con:endpoint>http://test-vcd-esp.peppol.at/peppol-esp-services/ESPInterface</con:endpoint><con:request><![CDATA[<soapenv:Envelope xmlns:soapenv="http://schemas.xmlsoap.org/soap/envelope/" xmlns:ser="http://service.peppol.m2n.at">
   <soapenv:Header/>
   <soapenv:Body>
      <ser:suggestCriteria>
         <tSkeleton>cid:SkeletonContainerGreece.zip</tSkeleton>
         <authenticationToken>?</authenticationToken>
      </ser:suggestCriteria>
   </soapenv:Body>
</soapenv:Envelope>]]></con:request><con:attachment><con:name>SkeletonContainerGreece.zip</con:name><con:contentType>application/zip</con:contentType><con:contentId>SkeletonContainerGreece.zip</con:contentId><con:part>SkeletonContainerGreece.zip</con:part><con:url>src/test/resources/fromChristine/SkeletonContainerGreece.zip</con:url></con:attachment><con:jmsConfig JMSDeliveryMode="PERSISTENT"/><con:jmsPropertyConfig/><con:wsaConfig mustUnderstand="NONE" version="200508" action="http://service.peppol.m2n.at/ESPInterface/suggestCriteriaRequest"/><con:wsrmConfig version="1.2"/></con:call><con:call name="SuggestCriteriaRequest_1.3"><con:settings><con:setting id="com.eviware.soapui.impl.wsdl.WsdlRequest@request-headers">&lt;xml-fragment/></con:setting><con:setting id="WsdlSettings@enable-mtom">true</con:setting><con:setting id="com.eviware.soapui.impl.wsdl.WsdlRequest@force_mtom">true</con:setting><con:setting id="com.eviware.soapui.impl.support.AbstractHttpRequest@max-size">99999999999999</con:setting><con:setting id="com.eviware.soapui.impl.wsdl.WsdlRequest@expand-mtom-attachments">true</con:setting><con:setting id="com.eviware.soapui.impl.wsdl.WsdlRequest@enable_inline_files">true</con:setting></con:settings><con:encoding>UTF-8</con:encoding><con:endpoint>http://localhost:8080/esp-trunk/ESPInterface</con:endpoint><con:request><![CDATA[<soapenv:Envelope xmlns:soapenv="http://schemas.xmlsoap.org/soap/envelope/" xmlns:ser="http://service.peppol.m2n.at">
   <soapenv:Header/>
   <soapenv:Body>
      <ser:suggestCriteria>
         <tSkeleton>cid:VCD_TS_Container.zip</tSkeleton>
         <authenticationToken>?</authenticationToken>
      </ser:suggestCriteria>
   </soapenv:Body>
</soapenv:Envelope>]]></con:request><con:credentials><con:username xsi:nil="true"/><con:password xsi:nil="true"/><con:domain xsi:nil="true"/></con:credentials><con:attachment><con:name>T-VCDContainer_77171425-1d78-4bc8-9c47-30b341a070bd.zip</con:name><con:contentType>application/zip</con:contentType><con:contentId>VCD_TS_Container.zip</con:contentId><con:part>VCD_TS_Container.zip</con:part><con:url>src/test/resources/vcd-schema-1.3/T - TC/T-VCDContainer_77171425-1d78-4bc8-9c47-30b341a070bd.zip</con:url></con:attachment><con:jmsConfig JMSDeliveryMode="PERSISTENT"/><con:jmsPropertyConfig/><con:wsaConfig mustUnderstand="NONE" version="200508" action="http://service.peppol.m2n.at/ESPInterface/suggestCriteriaRequest"/><con:wsrmConfig version="1.2"/></con:call><con:call name="SuggestCriteriaRequest_1.3_consortium"><con:settings><con:setting id="com.eviware.soapui.impl.wsdl.WsdlRequest@request-headers">&lt;xml-fragment/></con:setting><con:setting id="WsdlSettings@enable-mtom">true</con:setting><con:setting id="com.eviware.soapui.impl.wsdl.WsdlRequest@force_mtom">true</con:setting><con:setting id="com.eviware.soapui.impl.wsdl.WsdlRequest@expand-mtom-attachments">true</con:setting><con:setting id="com.eviware.soapui.impl.wsdl.WsdlRequest@enable_inline_files">true</con:setting><con:setting id="com.eviware.soapui.impl.support.AbstractHttpRequest@max-size">999999999999</con:setting></con:settings><con:encoding>UTF-8</con:encoding><con:endpoint>http://test-vcd-esp.peppol.at/peppol-esp-services/ESPInterface</con:endpoint><con:request><![CDATA[<soapenv:Envelope xmlns:soapenv="http://schemas.xmlsoap.org/soap/envelope/" xmlns:ser="http://service.peppol.m2n.at">
   <soapenv:Header/>
   <soapenv:Body>
      <ser:suggestCriteria>
         <tSkeleton>cid:VCD_TS_Container.zip</tSkeleton>
         <authenticationToken>?</authenticationToken>
      </ser:suggestCriteria>
   </soapenv:Body>
</soapenv:Envelope>]]></con:request><con:credentials><con:username xsi:nil="true"/><con:password xsi:nil="true"/><con:domain xsi:nil="true"/></con:credentials><con:attachment><con:name>christine-consortium-T.zip</con:name><con:contentType>application/zip</con:contentType><con:contentId>VCD_TS_Container.zip</con:contentId><con:part>VCD_TS_Container.zip</con:part><con:url>src/test/resources/vcd-schema-1.3/christine-consortium-T.zip</con:url></con:attachment><con:jmsConfig JMSDeliveryMode="PERSISTENT"/><con:jmsPropertyConfig/><con:wsaConfig mustUnderstand="NONE" version="200508" action="http://service.peppol.m2n.at/ESPInterface/suggestCriteriaRequest"/><con:wsrmConfig version="1.2"/></con:call><con:call name="christineEmptyCriteria"><con:settings><con:setting id="com.eviware.soapui.impl.wsdl.WsdlRequest@request-headers">&lt;xml-fragment/></con:setting><con:setting id="WsdlSettings@enable-mtom">true</con:setting><con:setting id="com.eviware.soapui.impl.wsdl.WsdlRequest@enable_inline_files">true</con:setting><con:setting id="com.eviware.soapui.impl.wsdl.WsdlRequest@inline-response-attachments">false</con:setting><con:setting id="com.eviware.soapui.impl.wsdl.WsdlRequest@disable-multipart-attachments">false</con:setting><con:setting id="com.eviware.soapui.impl.wsdl.WsdlRequest@encode_attachments">false</con:setting><con:setting id="com.eviware.soapui.impl.wsdl.WsdlRequest@expand-mtom-attachments">true</con:setting><con:setting id="com.eviware.soapui.impl.wsdl.WsdlRequest@force_mtom">true</con:setting></con:settings><con:encoding>UTF-8</con:encoding><con:endpoint>http://test-vcd-esp.peppol.at/peppol-esp-services/ESPInterface</con:endpoint><con:request><![CDATA[<soapenv:Envelope xmlns:soapenv="http://schemas.xmlsoap.org/soap/envelope/" xmlns:ser="http://service.peppol.m2n.at">
   <soapenv:Header/>
   <soapenv:Body>
      <ser:suggestCriteria>
         <tSkeleton>cid:VCD_TS_Container.zip</tSkeleton>
         <authenticationToken>?</authenticationToken>
      </ser:suggestCriteria>
   </soapenv:Body>
</soapenv:Envelope>]]></con:request><con:credentials><con:username xsi:nil="true"/><con:password xsi:nil="true"/><con:domain xsi:nil="true"/></con:credentials><con:attachment><con:name>packed.zip</con:name><con:contentType>application/zip</con:contentType><con:contentId>VCD_TS_Container.zip</con:contentId><con:part>VCD_TS_Container.zip</con:part><con:url>../../../../Analyse/peppol/christine-reports/some_empty_criteria_package/wolfi-T-Skel/packed.zip</con:url></con:attachment><con:jmsConfig JMSDeliveryMode="PERSISTENT"/><con:jmsPropertyConfig/><con:wsaConfig mustUnderstand="NONE" version="200508" action="http://service.peppol.m2n.at/ESPInterface/suggestCriteriaRequest"/><con:wsrmConfig version="1.2"/></con:call><con:call name="SuggestCriteriaRequest_1.3.1"><con:settings><con:setting id="com.eviware.soapui.impl.wsdl.WsdlRequest@request-headers">&lt;xml-fragment/></con:setting><con:setting id="WsdlSettings@enable-mtom">true</con:setting><con:setting id="com.eviware.soapui.impl.wsdl.WsdlRequest@force_mtom">true</con:setting><con:setting id="com.eviware.soapui.impl.wsdl.WsdlRequest@expand-mtom-attachments">true</con:setting><con:setting id="com.eviware.soapui.impl.wsdl.WsdlRequest@enable_inline_files">true</con:setting><con:setting id="com.eviware.soapui.impl.wsdl.WsdlRequest@bind_address"/></con:settings><con:encoding>UTF-8</con:encoding><con:endpoint>http://localhost:8080/esp-trunk/ESPInterface</con:endpoint><con:request><![CDATA[<soapenv:Envelope xmlns:soapenv="http://schemas.xmlsoap.org/soap/envelope/" xmlns:ser="http://service.peppol.m2n.at">
   <soapenv:Header/>
   <soapenv:Body>
      <ser:suggestCriteria>
         <tSkeleton>cid:VCD_TS_Container-1.3.1.zip</tSkeleton>
         <authenticationToken>?</authenticationToken>
      </ser:suggestCriteria>
   </soapenv:Body>
</soapenv:Envelope>]]></con:request><con:credentials><con:username xsi:nil="true"/><con:password xsi:nil="true"/><con:domain xsi:nil="true"/></con:credentials><con:attachment><con:name>TS.zip</con:name><con:contentType>application/zip</con:contentType><con:contentId>VCD_TS_Container-1.3.1.zip</con:contentId><con:part>VCD_TS_Container-1.3.1.zip</con:part><con:url>src/test/resources/vcd-schema-1.3.1/TS.zip</con:url></con:attachment><con:jmsConfig JMSDeliveryMode="PERSISTENT"/><con:jmsPropertyConfig/><con:wsaConfig mustUnderstand="NONE" version="200508" action="http://service.peppol.m2n.at/ESPInterface/suggestCriteriaRequest"/><con:wsrmConfig version="1.2"/></con:call><con:call name="jerry_1.3.1_consortium"><con:settings><con:setting id="com.eviware.soapui.impl.wsdl.WsdlRequest@request-headers">&lt;xml-fragment/></con:setting><con:setting id="WsdlSettings@enable-mtom">true</con:setting><con:setting id="com.eviware.soapui.impl.wsdl.WsdlRequest@force_mtom">true</con:setting><con:setting id="com.eviware.soapui.impl.wsdl.WsdlRequest@expand-mtom-attachments">true</con:setting><con:setting id="com.eviware.soapui.impl.wsdl.WsdlRequest@enable_inline_files">true</con:setting></con:settings><con:encoding>UTF-8</con:encoding><con:endpoint>http://peppol-evs.m2n.at/peppol-esp-services-2.2/ESPInterface</con:endpoint><con:request><![CDATA[<soapenv:Envelope xmlns:soapenv="http://schemas.xmlsoap.org/soap/envelope/" xmlns:ser="http://service.peppol.m2n.at">
   <soapenv:Header/>
   <soapenv:Body>
      <ser:suggestCriteria>
         <tSkeleton>cid:VCDPackage_8bc48cbd-8961-4105-aeb2-0fbfa87c2065.zip</tSkeleton>
         <authenticationToken>?</authenticationToken>
      </ser:suggestCriteria>
   </soapenv:Body>
</soapenv:Envelope>]]></con:request><con:credentials><con:username xsi:nil="true"/><con:password xsi:nil="true"/><con:domain xsi:nil="true"/></con:credentials><con:attachment><con:name>VCDPackage_8bc48cbd-8961-4105-aeb2-0fbfa87c2065.zip</con:name><con:contentType>application/zip</con:contentType><con:contentId>VCDPackage_8bc48cbd-8961-4105-aeb2-0fbfa87c2065.zip</con:contentId><con:part>VCD_TS_Container-1.3.1.zip</con:part><con:url>src/test/resources/vcd-schema-1.3.1/jerry/t-skeletons/bidding.consortium-3vcds(1.legal.entity.of.2.relevant.vcd.persons,2.sole.proprietors)/VCDPackage_8bc48cbd-8961-4105-aeb2-0fbfa87c2065.zip</con:url></con:attachment><con:jmsConfig JMSDeliveryMode="PERSISTENT"/><con:jmsPropertyConfig/><con:wsaConfig mustUnderstand="NONE" version="200508" action="http://service.peppol.m2n.at/ESPInterface/suggestCriteriaRequest"/><con:wsrmConfig version="1.2"/></con:call><con:call name="jerry_1.3.1_single-1"><con:settings><con:setting id="com.eviware.soapui.impl.wsdl.WsdlRequest@request-headers">&lt;xml-fragment/></con:setting><con:setting id="WsdlSettings@enable-mtom">true</con:setting><con:setting id="com.eviware.soapui.impl.wsdl.WsdlRequest@force_mtom">true</con:setting></con:settings><con:encoding>UTF-8</con:encoding><con:endpoint>http://peppol-evs.m2n.at/peppol-esp-services-2.2/ESPInterface</con:endpoint><con:request><![CDATA[<soapenv:Envelope xmlns:soapenv="http://schemas.xmlsoap.org/soap/envelope/" xmlns:ser="http://service.peppol.m2n.at">
   <soapenv:Header/>
   <soapenv:Body>
      <ser:suggestCriteria>
         <tSkeleton>cid:VCDPackage_8bc48cbd-8961-4105-aeb2-0fbfa87c2065.zip</tSkeleton>
         <authenticationToken>?</authenticationToken>
      </ser:suggestCriteria>
   </soapenv:Body>
</soapenv:Envelope>]]></con:request><con:credentials><con:username xsi:nil="true"/><con:password xsi:nil="true"/><con:domain xsi:nil="true"/></con:credentials><con:attachment><con:name>VCDPackage_8bc48cbd-8961-4105-aeb2-0fbfa87c2065.zip</con:name><con:contentType>application/zip</con:contentType><con:contentId>VCDPackage_8bc48cbd-8961-4105-aeb2-0fbfa87c2065.zip</con:contentId><con:part>VCDPackage_8bc48cbd-8961-4105-aeb2-0fbfa87c2065.zip</con:part><con:url>src/test/resources/vcd-schema-1.3.1/jerry/t-skeletons/single.tenderer-1.vcd(1.legal.entity.of.2.relevant.vcd.persons)/VCDPackage_8bc48cbd-8961-4105-aeb2-0fbfa87c2065.zip</con:url></con:attachment><con:jmsConfig JMSDeliveryMode="PERSISTENT"/><con:jmsPropertyConfig/><con:wsaConfig mustUnderstand="NONE" version="200508" action="http://service.peppol.m2n.at/ESPInterface/suggestCriteriaRequest"/><con:wsrmConfig version="1.2"/></con:call><con:call name="jerry_1.3.1_single-2"><con:settings><con:setting id="com.eviware.soapui.impl.wsdl.WsdlRequest@request-headers">&lt;xml-fragment/></con:setting><con:setting id="com.eviware.soapui.impl.wsdl.WsdlRequest@skip_soap_action">true</con:setting><con:setting id="WsdlSettings@enable-mtom">true</con:setting></con:settings><con:encoding>UTF-8</con:encoding><con:endpoint>http://localhost:8080/esp-trunk/ESPInterface</con:endpoint><con:request><![CDATA[<soapenv:Envelope xmlns:soapenv="http://schemas.xmlsoap.org/soap/envelope/" xmlns:ser="http://service.peppol.m2n.at">
   <soapenv:Header/>
   <soapenv:Body>
      <ser:suggestCriteria>
         <tSkeleton>cid:VCDPackage_8bc48cbd-8961-4105-aeb2-0fbfa87c2065.zip</tSkeleton>
         <authenticationToken>?</authenticationToken>
      </ser:suggestCriteria>
   </soapenv:Body>
</soapenv:Envelope>]]></con:request><con:credentials><con:username xsi:nil="true"/><con:password xsi:nil="true"/><con:domain xsi:nil="true"/></con:credentials><con:attachment><con:name>VCDPackage_8bc48cbd-8961-4105-aeb2-0fbfa87c2065.zip</con:name><con:contentType>application/zip</con:contentType><con:contentId>VCDPackage_8bc48cbd-8961-4105-aeb2-0fbfa87c2065.zip</con:contentId><con:part>VCDPackage_8bc48cbd-8961-4105-aeb2-0fbfa87c2065.zip</con:part><con:url>src/test/resources/vcd-schema-1.3.1/jerry/t-skeletons/single.tenderer-2.vcds(2.sole.proprietors)/VCDPackage_8bc48cbd-8961-4105-aeb2-0fbfa87c2065.zip</con:url></con:attachment><con:jmsConfig JMSDeliveryMode="PERSISTENT"/><con:jmsPropertyConfig/><con:wsaConfig mustUnderstand="NONE" version="200508" action="http://service.peppol.m2n.at/ESPInterface/suggestCriteriaRequest"/><con:wsrmConfig version="1.2"/></con:call><con:call name="SuggestCriteriaRequest_1.3.1_missing-tnc"><con:settings><con:setting id="com.eviware.soapui.impl.wsdl.WsdlRequest@request-headers">&lt;xml-fragment/></con:setting><con:setting id="WsdlSettings@enable-mtom">true</con:setting><con:setting id="com.eviware.soapui.impl.wsdl.WsdlRequest@inline-response-attachments">false</con:setting><con:setting id="com.eviware.soapui.impl.wsdl.WsdlRequest@force_mtom">true</con:setting></con:settings><con:encoding>UTF-8</con:encoding><con:endpoint>http://localhost:8080/esp-trunk/ESPInterface</con:endpoint><con:request><![CDATA[<soapenv:Envelope xmlns:soapenv="http://schemas.xmlsoap.org/soap/envelope/" xmlns:ser="http://service.peppol.m2n.at">
   <soapenv:Header/>
   <soapenv:Body>
      <ser:suggestCriteria>
         <tSkeleton>cid:VCD_TS_Container-1.3.1.zip</tSkeleton>
         <authenticationToken>?</authenticationToken>
      </ser:suggestCriteria>
   </soapenv:Body>
</soapenv:Envelope>]]></con:request><con:credentials><con:username xsi:nil="true"/><con:password xsi:nil="true"/><con:domain xsi:nil="true"/></con:credentials><con:attachment><con:name>TS-small.zip</con:name><con:contentType>application/zip</con:contentType><con:contentId>VCD_TS_Container-1.3.1.zip</con:contentId><con:part>VCD_TS_Container-1.3.1.zip</con:part><con:url>src/test/resources/vcd-schema-1.3.1/TS-small.zip</con:url></con:attachment><con:jmsConfig JMSDeliveryMode="PERSISTENT"/><con:jmsPropertyConfig/><con:wsaConfig mustUnderstand="NONE" version="200508" action="http://service.peppol.m2n.at/ESPInterface/suggestCriteriaRequest"/><con:wsrmConfig version="1.2"/></con:call></con:operation><con:operation isOneWay="false" action="" name="suggestEvidences" bindingOperationName="suggestEvidences" type="Request-Response" inputName="" receivesAttachments="false" sendsAttachments="false" anonymous="optional"><con:settings/><con:call name="SuggestEvidencesRequest" outgoingWss="" incomingWss=""><con:settings><con:setting id="com.eviware.soapui.impl.wsdl.WsdlRequest@request-headers">&lt;xml-fragment/></con:setting><con:setting id="WsdlSettings@enable-mtom">true</con:setting><con:setting id="com.eviware.soapui.impl.wsdl.WsdlRequest@force_mtom">false</con:setting><con:setting id="com.eviware.soapui.impl.wsdl.WsdlRequest@enable_inline_files">true</con:setting><con:setting id="com.eviware.soapui.impl.wsdl.WsdlRequest@encode_attachments">true</con:setting><con:setting id="com.eviware.soapui.impl.wsdl.WsdlRequest@disable-multipart-attachments">true</con:setting><con:setting id="com.eviware.soapui.impl.wsdl.WsdlRequest@strip-whitespaces">false</con:setting></con:settings><con:encoding>UTF-8</con:encoding><con:endpoint>http://test-vcd-esp.peppol.at/peppol-esp-services/ESPInterface</con:endpoint><con:request><![CDATA[<soapenv:Envelope xmlns:soapenv="http://schemas.xmlsoap.org/soap/envelope/" xmlns:ser="http://service.peppol.m2n.at">
   <soapenv:Header/>
   <soapenv:Body>
      <ser:suggestEvidences>
         <tcSkeleton>cid:VCD_TSC_Container.zip</tcSkeleton>
         <authenticationToken>?</authenticationToken>
      </ser:suggestEvidences>
   </soapenv:Body>
</soapenv:Envelope>]]></con:request><con:credentials><con:username xsi:nil="true"/><con:password xsi:nil="true"/><con:domain xsi:nil="true"/></con:credentials><con:attachment><con:name>VCD_TSC_Container.zip</con:name><con:contentType>application/zip</con:contentType><con:contentId>VCD_TSC_Container.zip</con:contentId><con:part>VCD_TSC_Container.zip</con:part><con:url>src/test/resources/VCD_TSC_Container.zip</con:url></con:attachment><con:jmsConfig JMSDeliveryMode="PERSISTENT"/><con:jmsPropertyConfig/><con:wsaConfig mustUnderstand="NONE" version="200508" action="http://service.peppol.m2n.at/ESPInterface/suggestEvidencesRequest"/><con:wsrmConfig version="1.2"/></con:call><con:call name="SuggestEvidencesRequest with unsuggested criteria"><con:settings><con:setting id="com.eviware.soapui.impl.wsdl.WsdlRequest@request-headers">&lt;xml-fragment/></con:setting><con:setting id="WsdlSettings@enable-mtom">true</con:setting><con:setting id="com.eviware.soapui.impl.wsdl.WsdlRequest@force_mtom">true</con:setting></con:settings><con:encoding>UTF-8</con:encoding><con:endpoint>http://test-vcd-esp.peppol.at/peppol-esp-services/ESPInterface</con:endpoint><con:request><![CDATA[<soapenv:Envelope xmlns:soapenv="http://schemas.xmlsoap.org/soap/envelope/" xmlns:ser="http://service.peppol.m2n.at">
   <soapenv:Header/>
   <soapenv:Body>
      <ser:suggestEvidences>
         <tcSkeleton>cid:VCD_TSC_Container_with_unsuggested_criteria.zip</tcSkeleton>
         <authenticationToken>?</authenticationToken>
      </ser:suggestEvidences>
   </soapenv:Body>
</soapenv:Envelope>]]></con:request><con:credentials><con:username xsi:nil="true"/><con:password xsi:nil="true"/><con:domain xsi:nil="true"/></con:credentials><con:attachment><con:name>VCD_TSC_Container_with_unsuggested_criteria.zip</con:name><con:contentType>application/zip</con:contentType><con:contentId>VCD_TSC_Container_with_unsuggested_criteria.zip</con:contentId><con:part>VCD_TSC_Container_with_unsuggested_criteria.zip</con:part><con:url>src/test/resources/VCD_TSC_Container_with_unsuggested_criteria.zip</con:url></con:attachment><con:jmsConfig JMSDeliveryMode="PERSISTENT"/><con:jmsPropertyConfig/><con:wsaConfig mustUnderstand="NONE" version="200508" action="http://service.peppol.m2n.at/ESPInterface/suggestEvidencesRequest"/><con:wsrmConfig version="1.2"/></con:call><con:call name="SuggestEvidencesRequest_1.3"><con:settings><con:setting id="com.eviware.soapui.impl.wsdl.WsdlRequest@request-headers">&lt;xml-fragment/></con:setting><con:setting id="WsdlSettings@enable-mtom">true</con:setting><con:setting id="com.eviware.soapui.impl.wsdl.WsdlRequest@force_mtom">false</con:setting><con:setting id="com.eviware.soapui.impl.wsdl.WsdlRequest@expand-mtom-attachments">false</con:setting><con:setting id="com.eviware.soapui.impl.wsdl.WsdlRequest@disable-multipart-attachments">true</con:setting><con:setting id="com.eviware.soapui.impl.wsdl.WsdlRequest@encode_attachments">true</con:setting><con:setting id="com.eviware.soapui.impl.wsdl.WsdlRequest@enable_inline_files">true</con:setting></con:settings><con:encoding>UTF-8</con:encoding><con:endpoint>http://localhost:8080/esp-trunk/ESPInterface</con:endpoint><con:request><![CDATA[<soapenv:Envelope xmlns:soapenv="http://schemas.xmlsoap.org/soap/envelope/" xmlns:ser="http://service.peppol.m2n.at">
   <soapenv:Header/>
   <soapenv:Body>
      <ser:suggestEvidences>
         <tcSkeleton>cid:VCD_TSC_Container.zip</tcSkeleton>
         <authenticationToken>?</authenticationToken>
      </ser:suggestEvidences>
   </soapenv:Body>
</soapenv:Envelope>]]></con:request><con:credentials><con:username xsi:nil="true"/><con:password xsi:nil="true"/><con:domain xsi:nil="true"/></con:credentials><con:attachment><con:name>TC-VCDContainer_77171425-1d78-4bc8-9c47-30b341a070bd.zip</con:name><con:contentType>application/zip</con:contentType><con:contentId>VCD_TSC_Container.zip</con:contentId><con:part>VCD_TSC_Container.zip</con:part><con:url>src/test/resources/vcd-schema-1.3/TC - TCE/TC-VCDContainer_77171425-1d78-4bc8-9c47-30b341a070bd.zip</con:url></con:attachment><con:jmsConfig JMSDeliveryMode="PERSISTENT"/><con:jmsPropertyConfig/><con:wsaConfig mustUnderstand="NONE" version="200508" action="http://service.peppol.m2n.at/ESPInterface/suggestEvidencesRequest"/><con:wsrmConfig version="1.2"/></con:call><con:call name="christineMoreCriteriaThanRequested"><con:settings><con:setting id="com.eviware.soapui.impl.wsdl.WsdlRequest@request-headers">&lt;xml-fragment/></con:setting><con:setting id="com.eviware.soapui.impl.wsdl.WsdlRequest@skip_soap_action">false</con:setting><con:setting id="WsdlSettings@enable-mtom">true</con:setting><con:setting id="com.eviware.soapui.impl.wsdl.WsdlRequest@disable-multipart-attachments">true</con:setting><con:setting id="com.eviware.soapui.impl.wsdl.WsdlRequest@encode_attachments">true</con:setting><con:setting id="com.eviware.soapui.impl.wsdl.WsdlRequest@enable_inline_files">true</con:setting></con:settings><con:encoding>UTF-8</con:encoding><con:endpoint>http://test-vcd-esp.peppol.at/peppol-esp-services/ESPInterface</con:endpoint><con:request><![CDATA[<soapenv:Envelope xmlns:soapenv="http://schemas.xmlsoap.org/soap/envelope/" xmlns:ser="http://service.peppol.m2n.at">
   <soapenv:Header/>
   <soapenv:Body>
      <ser:suggestEvidences>
         <tcSkeleton>cid:VCD_TSC_Container.zip</tcSkeleton>
         <authenticationToken>?</authenticationToken>
      </ser:suggestEvidences>
   </soapenv:Body>
</soapenv:Envelope>]]></con:request><con:credentials><con:username xsi:nil="true"/><con:password xsi:nil="true"/><con:domain xsi:nil="true"/></con:credentials><con:attachment><con:name>VCDPackage_391f973e-c172-473e-8191-871d9aed15d3.zip</con:name><con:contentType>application/zip</con:contentType><con:contentId>VCD_TSC_Container.zip</con:contentId><con:part>VCD_TSC_Container.zip</con:part><con:url>../../../../Analyse/peppol/christine-reports/more_criteria_than_selected_package/TC-Skeleton-created/VCDPackage_391f973e-c172-473e-8191-871d9aed15d3.zip</con:url></con:attachment><con:jmsConfig JMSDeliveryMode="PERSISTENT"/><con:jmsPropertyConfig/><con:wsaConfig mustUnderstand="NONE" version="200508" action="http://service.peppol.m2n.at/ESPInterface/suggestEvidencesRequest"/><con:wsrmConfig version="1.2"/></con:call><con:call name="SuggestEvidencesRequest_1.3.1"><con:settings><con:setting id="com.eviware.soapui.impl.wsdl.WsdlRequest@request-headers">&lt;xml-fragment/></con:setting><con:setting id="WsdlSettings@enable-mtom">true</con:setting><con:setting id="com.eviware.soapui.impl.wsdl.WsdlRequest@force_mtom">true</con:setting><con:setting id="com.eviware.soapui.impl.wsdl.WsdlRequest@expand-mtom-attachments">true</con:setting></con:settings><con:encoding>UTF-8</con:encoding><con:endpoint>http://localhost:8080/esp-trunk/ESPInterface</con:endpoint><con:request><![CDATA[<soapenv:Envelope xmlns:soapenv="http://schemas.xmlsoap.org/soap/envelope/" xmlns:ser="http://service.peppol.m2n.at">
   <soapenv:Header/>
   <soapenv:Body>
      <ser:suggestEvidences>
         <tcSkeleton>cid:TCS.zip</tcSkeleton>
         <authenticationToken>?</authenticationToken>
      </ser:suggestEvidences>
   </soapenv:Body>
</soapenv:Envelope>]]></con:request><con:credentials><con:username xsi:nil="true"/><con:password xsi:nil="true"/><con:domain xsi:nil="true"/></con:credentials><con:attachment><con:name>TCS.zip</con:name><con:contentType>application/zip</con:contentType><con:contentId>TCS.zip</con:contentId><con:part>TCS.zip</con:part><con:url>src/test/resources/vcd-schema-1.3.1/TCS.zip</con:url></con:attachment><con:jmsConfig JMSDeliveryMode="PERSISTENT"/><con:jmsPropertyConfig/><con:wsaConfig mustUnderstand="NONE" version="200508" action="http://service.peppol.m2n.at/ESPInterface/suggestEvidencesRequest"/><con:wsrmConfig version="1.2"/></con:call></con:operation></con:interface><con:testSuite name="SpamTest"><con:settings/><con:runType>SEQUENTIAL</con:runType><con:testCase failOnError="true" failTestCaseOnErrors="true" keepSession="false" maxResults="0" name="TestCase 1" searchProperties="true" id="37b2512d-a87c-4707-be64-dc8f7f18e81f"><con:settings/><con:testStep type="request" name="suggestCriteria - SuggestCriteriaRequest_1.3.1"><con:settings/><con:config xsi:type="con:RequestStep" xmlns:xsi="http://www.w3.org/2001/XMLSchema-instance"><con:interface>ESPInterfacePortBinding</con:interface><con:operation>suggestCriteria</con:operation><con:request name="suggestCriteria - SuggestCriteriaRequest_1.3.1" outgoingWss="" incomingWss="" timeout="" wssPasswordType=""><con:settings><con:setting id="WsdlSettings@enable-mtom">true</con:setting><con:setting id="com.eviware.soapui.impl.wsdl.WsdlRequest@force_mtom">true</con:setting></con:settings><con:encoding>UTF-8</con:encoding><con:endpoint>http://peppol-evs.m2n.at/peppol-esp-services-2.2/ESPInterface</con:endpoint><con:request><![CDATA[<soapenv:Envelope xmlns:soapenv="http://schemas.xmlsoap.org/soap/envelope/" xmlns:ser="http://service.peppol.m2n.at">
   <soapenv:Header/>
   <soapenv:Body>
      <ser:suggestCriteria>
         <tSkeleton>cid:VCD_TS_Container-1.3.1.zip</tSkeleton>
         <authenticationToken>?</authenticationToken>
      </ser:suggestCriteria>
   </soapenv:Body>
</soapenv:Envelope>]]></con:request><con:assertion type="SOAP Response" name="SOAP Response"/><con:assertion type="SOAP Fault Assertion" name="Not SOAP Fault"/><con:credentials><con:username xsi:nil="true"/><con:password xsi:nil="true"/><con:domain xsi:nil="true"/></con:credentials><con:attachment><con:name>TS.zip</con:name><con:contentType>application/zip</con:contentType><con:contentId>VCD_TS_Container-1.3.1.zip</con:contentId><con:part>VCD_TS_Container-1.3.1.zip</con:part><con:url>src/test/resources/vcd-schema-1.3.1/TS.zip</con:url></con:attachment><con:jmsConfig JMSDeliveryMode="PERSISTENT"/><con:jmsPropertyConfig/><con:wsaConfig mustUnderstand="NONE" version="200508" action="http://service.peppol.m2n.at/ESPInterface/suggestCriteriaRequest"/><con:wsrmConfig version="1.2"/></con:request></con:config></con:testStep><con:testStep type="request" name="suggestCriteria - jerry_1.3.1_single-1"><con:settings/><con:config xsi:type="con:RequestStep" xmlns:xsi="http://www.w3.org/2001/XMLSchema-instance"><con:interface>ESPInterfacePortBinding</con:interface><con:operation>suggestCriteria</con:operation><con:request name="suggestCriteria - jerry_1.3.1_single-1" outgoingWss="" incomingWss="" timeout="" wssPasswordType=""><con:settings><con:setting id="WsdlSettings@enable-mtom">true</con:setting><con:setting id="com.eviware.soapui.impl.wsdl.WsdlRequest@force_mtom">true</con:setting></con:settings><con:encoding>UTF-8</con:encoding><con:endpoint>http://peppol-evs.m2n.at/peppol-esp-services-2.2/ESPInterface</con:endpoint><con:request><![CDATA[<soapenv:Envelope xmlns:soapenv="http://schemas.xmlsoap.org/soap/envelope/" xmlns:ser="http://service.peppol.m2n.at">
   <soapenv:Header/>
   <soapenv:Body>
      <ser:suggestCriteria>
         <tSkeleton>cid:VCDPackage_8bc48cbd-8961-4105-aeb2-0fbfa87c2065.zip</tSkeleton>
         <authenticationToken>?</authenticationToken>
      </ser:suggestCriteria>
   </soapenv:Body>
</soapenv:Envelope>]]></con:request><con:assertion type="SOAP Response" name="SOAP Response"/><con:credentials><con:username xsi:nil="true"/><con:password xsi:nil="true"/><con:domain xsi:nil="true"/></con:credentials><con:attachment><con:name>VCDPackage_8bc48cbd-8961-4105-aeb2-0fbfa87c2065.zip</con:name><con:contentType>application/zip</con:contentType><con:contentId>VCDPackage_8bc48cbd-8961-4105-aeb2-0fbfa87c2065.zip</con:contentId><con:part>VCDPackage_8bc48cbd-8961-4105-aeb2-0fbfa87c2065.zip</con:part><con:url>src/test/resources/vcd-schema-1.3.1/jerry/t-skeletons/single.tenderer-1.vcd(1.legal.entity.of.2.relevant.vcd.persons)/VCDPackage_8bc48cbd-8961-4105-aeb2-0fbfa87c2065.zip</con:url></con:attachment><con:jmsConfig JMSDeliveryMode="PERSISTENT"/><con:jmsPropertyConfig/><con:wsaConfig mustUnderstand="NONE" version="200508" action="http://service.peppol.m2n.at/ESPInterface/suggestCriteriaRequest"/><con:wsrmConfig version="1.2"/></con:request></con:config></con:testStep><con:testStep type="request" name="suggestCriteria - jerry_1.3.1_single-2"><con:settings/><con:config xsi:type="con:RequestStep" xmlns:xsi="http://www.w3.org/2001/XMLSchema-instance"><con:interface>ESPInterfacePortBinding</con:interface><con:operation>suggestCriteria</con:operation><con:request name="suggestCriteria - jerry_1.3.1_single-2" outgoingWss="" incomingWss="" timeout="" wssPasswordType=""><con:settings><con:setting id="com.eviware.soapui.impl.wsdl.WsdlRequest@request-headers">&lt;xml-fragment/></con:setting><con:setting id="WsdlSettings@enable-mtom">true</con:setting><con:setting id="com.eviware.soapui.impl.wsdl.WsdlRequest@force_mtom">true</con:setting></con:settings><con:encoding>UTF-8</con:encoding><con:endpoint>http://peppol-evs.m2n.at/peppol-esp-services-2.2/ESPInterface</con:endpoint><con:request><![CDATA[<soapenv:Envelope xmlns:soapenv="http://schemas.xmlsoap.org/soap/envelope/" xmlns:ser="http://service.peppol.m2n.at">
   <soapenv:Header/>
   <soapenv:Body>
      <ser:suggestCriteria>
         <tSkeleton>cid:VCDPackage_8bc48cbd-8961-4105-aeb2-0fbfa87c2065.zip</tSkeleton>
         <authenticationToken>?</authenticationToken>
      </ser:suggestCriteria>
   </soapenv:Body>
</soapenv:Envelope>]]></con:request><con:assertion type="SOAP Response" name="SOAP Response"/><con:credentials><con:username xsi:nil="true"/><con:password xsi:nil="true"/><con:domain xsi:nil="true"/></con:credentials><con:attachment><con:name>VCDPackage_8bc48cbd-8961-4105-aeb2-0fbfa87c2065.zip</con:name><con:contentType>application/zip</con:contentType><con:contentId>VCDPackage_8bc48cbd-8961-4105-aeb2-0fbfa87c2065.zip</con:contentId><con:part>VCDPackage_8bc48cbd-8961-4105-aeb2-0fbfa87c2065.zip</con:part><con:url>src/test/resources/vcd-schema-1.3.1/jerry/t-skeletons/single.tenderer-2.vcds(2.sole.proprietors)/VCDPackage_8bc48cbd-8961-4105-aeb2-0fbfa87c2065.zip</con:url></con:attachment><con:jmsConfig JMSDeliveryMode="PERSISTENT"/><con:jmsPropertyConfig/><con:wsaConfig mustUnderstand="NONE" version="200508" action="http://service.peppol.m2n.at/ESPInterface/suggestCriteriaRequest"/><con:wsrmConfig version="1.2"/></con:request></con:config></con:testStep><con:testStep type="request" name="suggestCriteria - jerry_1.3.1_consortium"><con:settings/><con:config xsi:type="con:RequestStep" xmlns:xsi="http://www.w3.org/2001/XMLSchema-instance"><con:interface>ESPInterfacePortBinding</con:interface><con:operation>suggestCriteria</con:operation><con:request name="suggestCriteria - jerry_1.3.1_consortium" outgoingWss="" incomingWss="" timeout="" wssPasswordType=""><con:settings><con:setting id="WsdlSettings@enable-mtom">true</con:setting><con:setting id="com.eviware.soapui.impl.wsdl.WsdlRequest@force_mtom">true</con:setting></con:settings><con:encoding>UTF-8</con:encoding><con:endpoint>http://peppol-evs.m2n.at/peppol-esp-services-2.2/ESPInterface</con:endpoint><con:request><![CDATA[<soapenv:Envelope xmlns:soapenv="http://schemas.xmlsoap.org/soap/envelope/" xmlns:ser="http://service.peppol.m2n.at">
   <soapenv:Header/>
   <soapenv:Body>
      <ser:suggestCriteria>
         <tSkeleton>cid:VCDPackage_8bc48cbd-8961-4105-aeb2-0fbfa87c2065.zip</tSkeleton>
         <authenticationToken>?</authenticationToken>
      </ser:suggestCriteria>
   </soapenv:Body>
</soapenv:Envelope>]]></con:request><con:assertion type="SOAP Response" name="SOAP Response"/><con:credentials><con:username xsi:nil="true"/><con:password xsi:nil="true"/><con:domain xsi:nil="true"/></con:credentials><con:attachment><con:name>VCDPackage_8bc48cbd-8961-4105-aeb2-0fbfa87c2065.zip</con:name><con:contentType>application/zip</con:contentType><con:contentId>VCDPackage_8bc48cbd-8961-4105-aeb2-0fbfa87c2065.zip</con:contentId><con:part>VCD_TS_Container-1.3.1.zip</con:part><con:url>src/test/resources/vcd-schema-1.3.1/jerry/t-skeletons/bidding.consortium-3vcds(1.legal.entity.of.2.relevant.vcd.persons,2.sole.proprietors)/VCDPackage_8bc48cbd-8961-4105-aeb2-0fbfa87c2065.zip</con:url></con:attachment><con:jmsConfig JMSDeliveryMode="PERSISTENT"/><con:jmsPropertyConfig/><con:wsaConfig mustUnderstand="NONE" version="200508" action="http://service.peppol.m2n.at/ESPInterface/suggestCriteriaRequest"/><con:wsrmConfig version="1.2"/></con:request></con:config></con:testStep><con:loadTest name="LoadTest 1"><con:settings><con:setting id="HttpSettings@close-connections">false</con:setting></con:settings><con:threadCount>5</con:threadCount><con:startDelay>0</con:startDelay><con:sampleInterval>250</con:sampleInterval><con:calculateTPSOnTimePassed>true</con:calculateTPSOnTimePassed><con:resetStatisticsOnThreadCountChange>true</con:resetStatisticsOnThreadCountChange><con:historyLimit>-1</con:historyLimit><con:testLimit>60</con:testLimit><con:limitType>COUNT</con:limitType><con:loadStrategy><con:type>Simple</con:type></con:loadStrategy><con:assertion type="Step Status" name="Step Status"><con:configuration><name>Step Status</name><min-requests>0</min-requests><test-step>- Any -</test-step><max-errors>-1</max-errors></con:configuration></con:assertion><con:maxAssertionErrors>100</con:maxAssertionErrors><con:cancelExcessiveThreads>true</con:cancelExcessiveThreads><con:strategyInterval>500</con:strategyInterval></con:loadTest><con:properties/></con:testCase><con:properties/></con:testSuite><con:properties/><con:wssContainer/></con:soapui-project>