<?xml version="1.0" encoding="UTF-8"?>
<CreditNote
  xmlns="urn:oasis:names:specification:ubl:schema:xsd:CreditNote-2"
  xmlns:cac="urn:oasis:names:specification:ubl:schema:xsd:CommonAggregateComponents-2" xmlns:cbc="urn:oasis:names:specification:ubl:schema:xsd:CommonBasicComponents-2">
  <cbc:UBLVersionID display="necessary"/>
  <cbc:CustomizationID schemeID="required" display="necessary"/>
  <cbc:ProfileID display="necessary"/>
  <cbc:ID display="necessary"/>
  <cbc:IssueDate display="necessary"/>
  <cbc:Note/>
  <cbc:DocumentCurrencyCode display="necessary"/>
  <cbc:AccountingCost/>
  <cac:InvoicePeriod>
	  <cbc:StartDate/>
	  <cbc:EndDate/>
  </cac:InvoicePeriod>
  <cac:BillingReference>
	  <cac:InvoiceDocumentReference display="necessary">
	  	  <cbc:ID display="necessary"/>
	  </cac:InvoiceDocumentReference>
	  <cac:CreditNoteDocumentReference display="necessary">
	  	  <cbc:ID display="necessary"/>
	  </cac:CreditNoteDocumentReference>
  </cac:BillingReference>
  <cac:AccountingSupplierParty display="necessary">
	  <cac:Party display="necessary">
		  <cbc:EndpointID schemeID="required" schemeAgencyName="required" schemeURI="required"/>
		  <cac:PartyIdentification display="necessary">
		  	  <cbc:ID schemeID="required" schemeAgencyName="required" schemeURI="required" display="necessary"/>
		  </cac:PartyIdentification>
		  <cac:PartyName display="necessary">
		      <cbc:Name display="necessary"/>
		  </cac:PartyName>
		  <cac:PostalAddress>
			  <cbc:ID/>
			  <cbc:Postbox/>
			  <cbc:StreetName/>
			  <cbc:AdditionalStreetName/>
			  <cbc:BuildingNumber/>
			  <cbc:CityName/>
			  <cbc:PostalZone/>
			  <cbc:CountrySubentity/>
			  <cac:Country display="necessary">
			  	  <cbc:IdentificationCode display="necessary"/>
			  </cac:Country>
		  </cac:PostalAddress>
		  <cac:PartyTaxScheme>
			  <cbc:CompanyID schemeID=""/>
			  <cac:TaxScheme display="necessary">
			  	  <cbc:ID schemeAgencyID="" schemeID="" display="necessary"/>
			  </cac:TaxScheme>
		  </cac:PartyTaxScheme>
		  <cac:PartyLegalEntity>
		      <cbc:CompanyID schemeID="" display="necessary"/>
		  </cac:PartyLegalEntity>
		  <cac:Contact>
			  <cbc:Name/>
			  <cbc:Telephone/>
			  <cbc:ElectronicMail/>
		  </cac:Contact>
		  <cac:Person>
			  <cbc:FirstName/>
			  <cbc:FamilyName/>
			  <cbc:MiddleName/>
			  <cbc:JobTitle/>
		  </cac:Person>
	  </cac:Party>
  </cac:AccountingSupplierParty>
  <cac:AccountingCustomerParty display="necessary">
	  <cac:Party display="necessary">
		  <cbc:EndpointID schemeID="required" schemeAgencyName="required" schemeURI="required"/>
		  <cac:PartyIdentification display="necessary">
		  	  <cbc:ID schemeID="required" schemeAgencyName="required" schemeURI="required" display="necessary"/>
		  </cac:PartyIdentification>
		  <cac:PartyName display="necessary">
		  	  <cbc:Name display="necessary"/>
		  </cac:PartyName>
		  <cac:PostalAddress>
			  <cbc:ID/>
			  <cbc:Postbox/>
			  <cbc:StreetName/>
			  <cbc:AdditionalStreetName/>
			  <cbc:BuildingNumber/>
			  <cbc:CityName/>
			  <cbc:PostalZone/>
			  <cbc:Region/>
			  <cac:Country display="necessary">
			  	  <cbc:IdentificationCode display="necessary"/>
			  </cac:Country>
		  </cac:PostalAddress>
		  <cac:PartyTaxScheme>
			  <cbc:CompanyID schemeID=""/>
			  <cac:TaxScheme display="necessary">
				  <cbc:ID schemeAgencyID="" schemeID="" display="necessary"/>
				  <cbc:Name/>
				  <cbc:TaxTypeCode/>
				  <cbc:CurrencyCode/>
				  <cac:JurisdictionRegionAddress>
					  <cac:Country>
						  <cbc:IdentificationCode/>
						  <cbc:Name/>
					  </cac:Country>
				  </cac:JurisdictionRegionAddress>
			  </cac:TaxScheme>
		  </cac:PartyTaxScheme>
		  <cac:PartyLegalEntity>
		  	  <cbc:CompanyID display="necessary"/>
		  </cac:PartyLegalEntity>
		  <cac:Contact>
			  <cbc:Name/>
			  <cbc:Telephone/>
			  <cbc:ElectronicMail/>
		  </cac:Contact>
	  </cac:Party>
  </cac:AccountingCustomerParty>
  <cac:PayeeParty>
	  <cac:PartyName>
	  	  <cbc:Name display="necessary"/>
	  </cac:PartyName>
	  <cac:PartyLegalEntity>
	  	  <cbc:CompanyID display="necessary"/>
	  </cac:PartyLegalEntity>
  </cac:PayeeParty>
  <cac:AllowanceCharge>
	  <cbc:ChargeIndicator display="necessary"/>
	  <cbc:AllowanceChargeReason/>
	  <cbc:Amount type="requiredFormat" currencyID="" display="necessary"/>
	  <cbc:AccountingCost/>
  </cac:AllowanceCharge>
  <cac:TaxTotal display="necessary">
	  <cbc:TaxAmount type="requiredFormat" currencyID="" display="necessary"/>
	  <cac:TaxSubtotal>
		  <cbc:TaxableAmount type="requiredFormat" currencyID="" display="necessary"/>
		  <cbc:TaxAmount type="requiredFormat" currencyID="" display="necessary"/>
		  <cac:TaxCategory display="necessary">
			  <cbc:ID schemeAgencyID="" schemeID="" display="necessary"/>
			  <cbc:Percent/>
			  <cac:TaxScheme display="necessary">
			  	  <cbc:ID schemeAgencyID="" schemeID="" display="necessary"/>
			  </cac:TaxScheme>
		  </cac:TaxCategory>
	  </cac:TaxSubtotal>
  </cac:TaxTotal>
  <cac:LegalMonetaryTotal display="necessary">
	  <cbc:LineExtensionAmount type="requiredFormat" currencyID="" display="necessary"/>
	  <cbc:AllowanceTotalAmount type="requiredFormat" currencyID=""/>
	  <cbc:ChargeTotalAmount type="requiredFormat" currencyID=""/>
	  <cbc:PrepaidAmount type="requiredFormat" currencyID=""/>
	  <cbc:PayableRoundingAmount type="requiredFormat" currencyID=""/>
	  <cbc:PayableAmount type="requiredFormat" currencyID="" display="necessary"/>
  </cac:LegalMonetaryTotal>
  <cac:CreditNoteLine>
	  <cbc:ID display="necessary"/>
	  <cbc:LineExtensionAmount type="requiredFormat" currencyID="" display="necessary"/>
	  <cac:Item>
		  <cbc:Description/>
		  <cbc:Name/>
		  <cac:SellersItemIdentification>
		  	  <cbc:ID schemeAgencyID="" schemeID="" display="necessary"/>
		  </cac:SellersItemIdentification>
		  <cac:StandardItemIdentification>
		  	  <cbc:ID schemeAgencyID="" schemeID="" display="necessary"/>
		  </cac:StandardItemIdentification>
		  <cac:CommodityClassification>
		  	  <cbc:ItemClassificationCode/>
		  </cac:CommodityClassification>
		  <cac:ClassifiedTaxCategory>
			  <cbc:ID display="necessary"/>
			  <cac:TaxScheme display="necessary">
			  	  <cbc:ID display="necessary"/>
			  </cac:TaxScheme>
		  </cac:ClassifiedTaxCategory>
	  </cac:Item>
	  <cac:Price>
		  <cbc:PriceAmount type="requiredFormat" currencyID="" display="necessary"/>
		  <cac:AllowanceCharge>
			  <cbc:ChargeIndicator display="necessary"/>
			  <cbc:MultiplierFactorNumeric type="requiredFormat"/>
			  <cbc:Amount type="requiredFormat" currencyID="" display="necessary"/>
			  <cbc:BaseAmount type="requiredFormat" currencyID=""/>
		  </cac:AllowanceCharge>
	  </cac:Price>
  </cac:CreditNoteLine>
</CreditNote>
