<?xml version="1.0" encoding="UTF-8"?>
<ApplicationResponse
	xmlns="urn:oasis:names:specification:ubl:schema:xsd:ApplicationResponse-2"
	xmlns:cac="urn:oasis:names:specification:ubl:schema:xsd:CommonAggregateComponents-2"
	xmlns:cbc="urn:oasis:names:specification:ubl:schema:xsd:CommonBasicComponents-2">
	<cbc:UBLVersionID display="necessary"/>
	<cbc:CustomizationID schemeID="required" display="necessary"/>
	<cbc:ProfileID display="necessary"/>
	<cbc:ID display="necessary"/>
	<cbc:IssueDate display="necessary"/>
	<cbc:IssueTime/>
	<cbc:Note/>
	<cac:SenderParty display="necessary">
		<cbc:EndpointID schemeID="required" schemeAgencyName="required" schemeURI="required"/>
		<cac:PartyIdentification display="necessary">
			<cbc:ID display="necessary" schemeID="required" schemeAgencyName="required" schemeURI="required"/>
		</cac:PartyIdentification>
		<cac:PartyName display="necessary">
			<cbc:Name display="necessary"/>
		</cac:PartyName>
	</cac:SenderParty>
	<cac:ReceiverParty display="necessary">
		<cbc:EndpointID schemeID="required" schemeAgencyName="required" schemeURI="required"/>
		<cac:PartyIdentification display="necessary">
			<cbc:ID display="necessary" schemeID="required" schemeAgencyName="required" schemeURI="required"/>
		</cac:PartyIdentification>
		<cac:PartyName display="necessary">
			<cbc:Name display="necessary"/>
		</cac:PartyName>
	</cac:ReceiverParty>
	<cac:DocumentResponse display="necessary">
		<cac:Response display="necessary">
			<cbc:ReferenceID display="necessary"/>
			<cbc:ResponseCode/>
			<cbc:Description/>
		</cac:Response>
		<cac:DocumentReference display="necessary">
			<cbc:ID display="necessary"/>
			<cbc:DocumentTypeCode display="necessary"/>
		</cac:DocumentReference>
	</cac:DocumentResponse>
</ApplicationResponse>