<?xml version="1.0" encoding="UTF-8"?>
<CallForTender xmlns="urn:oasis:names:specification:ubl:schema:xsd:CallForTender-2"
  xmlns:cac="urn:oasis:names:specification:ubl:schema:xsd:CommonAggregateComponents-2"
  xmlns:cbc="urn:oasis:names:specification:ubl:schema:xsd:CommonBasicComponents-2">

  <cbc:UBLVersionID>2.0</cbc:UBLVersionID>
  <cbc:CustomizationID>BiiFullTrdm040</cbc:CustomizationID>
  <cbc:ProfileID>BII22</cbc:ProfileID>
  <cbc:ID>96ef4901-e0d4-4571-85d4-b450f1f4df6d</cbc:ID>
  <cbc:ContractFolderID/>
  <cbc:IssueDate/>
  <cac:CustomerParty>
	<cac:Party>
		<cbc:EndpointID schemeID="GLN"/>
		<cac:PartyIdentification>
			<cbc:ID  schemeAgencyID="9" schemeID="GLN"/>
		</cac:PartyIdentification>
		<cac:PartyName>
			<cbc:Name/>
		</cac:PartyName>
		<cac:PostalAddress>
			<cbc:ID></cbc:ID>
			<cbc:Postbox></cbc:Postbox>
			<cbc:StreetName></cbc:StreetName>
			<cbc:AdditionalStreetName></cbc:AdditionalStreetName>
			<cbc:BuildingNumber></cbc:BuildingNumber>
			<cbc:CityName></cbc:CityName>
			<cbc:PostalZone/>
			<cbc:CountrySubentity></cbc:CountrySubentity>
			<cac:Country>
				<cbc:IdentificationCode/>
			</cac:Country>
		</cac:PostalAddress>
		<cac:PartyTaxScheme>
			<cbc:CompanyID/>
		</cac:PartyTaxScheme>
		<cac:PartyLegalEntity>
			<cbc:CompanyID/>
		</cac:PartyLegalEntity>
		<cac:Contact>
			<cbc:Telephone></cbc:Telephone>
			<cbc:Telefax></cbc:Telefax>
			<cbc:ElectronicMail></cbc:ElectronicMail>
		</cac:Contact>
		<cac:Person>
			<cbc:FirstName></cbc:FirstName>
			<cbc:FamilyName></cbc:FamilyName>
			<cbc:MiddleName></cbc:MiddleName>
			<cbc:JobTitle></cbc:JobTitle>
		</cac:Person>
	</cac:Party>
  </cac:CustomerParty>
	<cac:TenderingTerms>
		<cbc:Note></cbc:Note>
	</cac:TenderingTerms>
	<cac:TenderingProcess>
		<cbc:Type></cbc:Type>
	</cac:TenderingProcess>
	<cac:ProcurementProject>
		<cbc:ID/>
		<cbc:Description/>
		<cac:RequestForTenderLine/>
	</cac:ProcurementProject>
</CallForTender>
