<?xml version="1.0" encoding="UTF-8"?>
<CallForTender tender="138" tenderIdPosition="0" idPosition="0">
	<cbc:UBLVersionID tender="mapped:8"/>
	<cbc:CustomizationID schemeID="required" tender="mapped:9-schemeID/10"/>
	<cbc:ProfileID tender="mapped:11"/>
	<cbc:ID/>
	<cbc:ContractFolderID display="necessary" tender="mapped:13"/>
	<cbc:IssueDate display="necessary" tender="mapped:14"/>
	<cac:CustomerParty display="necessary">
		<cac:Party>
			<cbc:EndpointID tender="mapped:45-schemeID/47" schemeID="required" schemeAgencyName="required" schemeURI="required"/>
			<cac:PartyIdentification display="necessary">
				<cbc:ID display="necessary" tender="mapped:49-schemeID/51" schemeID="required" schemeAgencyName="required" schemeURI="required"/>
			</cac:PartyIdentification>
			<cac:PartyName display="necessary">
				<cbc:Name display="necessary" tender="mapped:53"/>
			</cac:PartyName>
			<cac:PostalAddress>
				<cbc:ID tender="mapped:54"/>
				<cbc:Postbox tender="mapped:55"/>
				<cbc:StreetName tender="mapped:56"/>
				<cbc:AdditionalStreetName tender="mapped:57"/>
				<cbc:BuildingNumber tender="mapped:58"/>
				<cbc:CityName/>
				<cbc:PostalZone tender="mapped:60"/>
				<cbc:CountrySubentity tender="mapped:61"/>
				<cac:Country display="necessary">
					<cbc:IdentificationCode display="necessary" tender="mapped:62"/>
				</cac:Country>
			</cac:PostalAddress>
			<cac:PartyTaxScheme>
				<cbc:CompanyID display="necessary" tender="mapped:63"/>
				<cac:TaxScheme>
                   <cbc:ID/>
                </cac:TaxScheme>
			</cac:PartyTaxScheme>
			<cac:PartyLegalEntity>
				<cbc:CompanyID display="necessary" tender="mapped:64"/>
			</cac:PartyLegalEntity>
			<cac:Contact>
				<cbc:Telephone tender="mapped:65"/>
				<cbc:Telefax tender="mapped:66"/>
				<cbc:ElectronicMail tender="mapped:67"/>
			</cac:Contact>
			<cac:Person>
				<cbc:FirstName tender="mapped:68"/>
				<cbc:FamilyName tender="mapped:69"/>
				<cbc:MiddleName tender="mapped:70"/>
				<cbc:JobTitle tender="mapped:71"/>
			</cac:Person>
		</cac:Party>
	</cac:CustomerParty>
	<cac:TenderingTerms display="necessary">
		<cbc:Note display="necessary"/>
	</cac:TenderingTerms>
	<cac:TenderingProcess display="necessary">
		<cbc:Type display="necessary"/>
	</cac:TenderingProcess>
	<cac:ProcurementProject display="necessary">
		<cbc:ID display="necessary" tender="mapped:72"/>
		<cbc:Description display="necessary" tender="mapped:73"/>
		<cac:RequestForTenderLine type="line">
			<cbc:ID type="lineId" tender="mapped:76"/>
			<cbc:Note/>
			<cbc:Quantity type="requiredFormat" display="necessary" tender="mapped:81"/>
			<cbc:MaximumTaxExclusiveAmount type="requiredFormat" currencyID="required" display="necessary"/>
            <cbc:MaximumTaxInclusiveAmount type="requiredFormat" currencyID="required" display="necessary"/>
			<cac:Item display="necessary">
				<cbc:Description tender="mapped:103"/>
				<cbc:PackQuantity type="requiredFormat" tender="mapped:104"/>
				<cbc:PackSizeNumeric type="requiredFormat" tender="mapped:105"/>
				<cbc:Name tender="mapped:106"/>
				<cac:CommodityClassification type="unbounded">
					<cbc:CommodityCode type="id" tender="mapped:120:unbounded"/>
					<cbc:ItemClassificationCode tender="mapped:121:unbounded"/>
				</cac:CommodityClassification>
				<cac:AdditionalItemProperty type="unbounded">
					<cbc:ID type="id" tender="mapped:126:unbounded"/>
        			<cbc:Name display="necessary" tender="mapped:127:unbounded"/>
        			<cbc:TestMethod tender="mapped:128:unbounded"/>
        			<cbc:Value display="necessary" tender="mapped:129:unbounded"/>
        			<cbc:ListValue type="unbounded" type2="id" tender="mapped:130:unbounded:unbounded"/>
     				<cac:ItemPropertyRange display="necessary">
      					<cbc:MinimumValueText tender="mapped:131:unbounded"/>
      					<cbc:MaximumValueText tender="mapped:132:unbounded"/>
     				</cac:ItemPropertyRange>
     				<cac:ItemPropertyGroup display="necessary" type="unbounded">
      					<cbc:ID type="id" tender="mapped:133:unbounded:unbounded"/>
      					<cbc:ParentID tender="mapped:134:unbounded:unbounded"/>
      					<cbc:Name tender="mapped:135:unbounded:unbounded"/>
     				</cac:ItemPropertyGroup>
				</cac:AdditionalItemProperty>
			</cac:Item>
		</cac:RequestForTenderLine>
	</cac:ProcurementProject>
</CallForTender>
