<?xml version="1.0" encoding="UTF-8"?>
<ApplicationResponse xmlns="urn:oasis:names:specification:ubl:schema:xsd:ApplicationResponse-2"
	xmlns:cac="urn:oasis:names:specification:ubl:schema:xsd:CommonAggregateComponents-2"
	xmlns:cbc="urn:oasis:names:specification:ubl:schema:xsd:CommonBasicComponents-2">

  <cbc:UBLVersionID>2.0</cbc:UBLVersionID>
  <cbc:CustomizationID/>
  <cbc:ProfileID/>
  <cbc:ID/>
  <cbc:IssueDate/>
  <cbc:IssueTime>10:20:20</cbc:IssueTime>
  <cbc:Note>Free-form text applying to the Application Response</cbc:Note>
  <cac:SenderParty>
    <cbc:EndpointID/>
    <cac:PartyIdentification>
      <cbc:ID/>
    </cac:PartyIdentification>
    <cac:PartyName>
      <cbc:Name/>
    </cac:PartyName>
  </cac:SenderParty>
  <cac:ReceiverParty>
    <cbc:EndpointID/>
    <cac:PartyIdentification>
      <cbc:ID/>
    </cac:PartyIdentification>
    <cac:PartyName>
      <cbc:Name/>
    </cac:PartyName>
  </cac:ReceiverParty>
  <cac:DocumentResponse>
    <cac:Response>
      <cbc:ReferenceID>Line 12</cbc:ReferenceID>
      <cbc:ResponseCode>AP</cbc:ResponseCode>
      <cbc:Description>The description of the response to the transaction document.</cbc:Description>
    </cac:Response>
    <cac:DocumentReference>
      <cbc:ID>ID887J15</cbc:ID>
      <cbc:DocumentTypeCode>380</cbc:DocumentTypeCode>
    </cac:DocumentReference>
  </cac:DocumentResponse>
</ApplicationResponse>
