<?xml version="1.0" encoding="UTF-8"?>
<OrderResponseSimple
  xmlns="urn:oasis:names:specification:ubl:schema:xsd:OrderResponseSimple-2"
  xmlns:cac="urn:oasis:names:specification:ubl:schema:xsd:CommonAggregateComponents-2" xmlns:cbc="urn:oasis:names:specification:ubl:schema:xsd:CommonBasicComponents-2">
  <cbc:UBLVersionID display="necessary"/>
  <cbc:CustomizationID schemeID="required" display="necessary"/>
  <cbc:ProfileID display="necessary"/>
  <cbc:ID display="necessary"/>
  <cbc:IssueDate display="necessary"/>
  <cbc:Note/>
  <cbc:AcceptedIndicator display="necessary"/>
  <cac:OrderReference display="necessary">
  	  <cbc:ID display="necessary"/>
  </cac:OrderReference>
  <cac:SellerSupplierParty display="necessary">
	  <cac:Party display="necessary">
		  <cbc:EndpointID schemeID="required" schemeAgencyName="required" schemeURI="required"/>
		  <cac:PartyIdentification display="necessary">
		      <cbc:ID schemeID="required" schemeAgencyName="required" schemeURI="required" display="necessary"/>
		  </cac:PartyIdentification>
		  <cac:PartyName display="necessary">
		      <cbc:Name display="necessary"/>
		  </cac:PartyName>
	   </cac:Party>
  </cac:SellerSupplierParty>
  <cac:BuyerCustomerParty display="necessary">
   	  <cac:Party display="necessary">
		  <cbc:EndpointID schemeID="required" schemeAgencyName="required" schemeURI="required"/>
		  <cac:PartyIdentification display="necessary">
		  	  <cbc:ID schemeID="required" schemeAgencyName="required" schemeURI="required" display="necessary"/>
		  </cac:PartyIdentification>
		  <cac:PartyName display="necessary">
		      <cbc:Name display="necessary"/>
		  </cac:PartyName>
      </cac:Party>
  </cac:BuyerCustomerParty>
</OrderResponseSimple>
