*Customization ID,*UBL Version ID,,,,,,,,,,,,,,,,
urn:www.cenbii.eu:transaction:biicoretrdm019:ver1.0:#urn:www.peppol.eu:bis:peppol1a:ver1.0,2,,,,,,,,,,,,,,,,
,,,,,,,,,,,,,,,,,
*Profile ID,*Catalogue ID,,,,,,,,,,,,,,,,
BII01,AC057,,,,,,,,,,,,,,,,
,,,,,,,,,,,,,,,,,
*Catalogue Name,*Issue Date,,,,,,,,,,,,,,,,
Furniture Catalogue,11/02/2009,,,,,,,,,,,,,,,,
,,,,,,,,,,,,,,,,,
*Version ID,,,,,,,,,,,,,,,,,
SC001,,,,,,,,,,,,,,,,,
,,,,,,,,,,,,,,,,,
*Validity Period,,,,,,,,,,,,,,,,,
*Start Date,*End Date,,,,,,,,,,,,,,,,
11/01/2009,11/16/2009,,,,,,,,,,,,,,,,
,,,,,,,,,,,,,,,,,
*Reference Contract,,,,,,,,,,,,,,,,,
*Reference Contract ID,*Contract Type,,,,,,,,,,,,,,,,
,Referenced Contract Contract Type ABS,,,,,,,,,,,,,,,,
,,,,,,,,,,,,,,,,,
,,,,,,,,,,,,,,,,,
*PROVIDER PARTY,,*RECEIVER PARTY,,,,,,,,,,,,,,,
,,,,,,,,,,,,,,,,,
*Provider Endpoint ID,,*Receiver Endpoint ID,,,,,,,,,,,,,,,
"""5798000000""000",,"""5800000000000""",,,,,,,,,,,,,,,
*Provider schemeID,,*Receiver schemeID,,,,,,,,,,,,,,,
GLN,,GLN,,,,,,,,,,,,,,,
,,,,,,,,,,,,,,,,,
*Provider ID,*Provider Name,*Receiver ID,*Receiver Name,,,,,,,,,,,,,,
DK16356706,Michael Johnsson,9811578,Claudia Schmidt,,,,,,,,,,,,,,
,,,,,,,,,,,,,,,,,
,,,,,,,,,,,,,,,,,
*SELLER SUPLIER PARTY,,,,,,,,,,,,,,,,,
,,,,,,,,,,,,,,,,,
*Seller Endpoint ID,*Seller schemeID,*Seller ID,*Seller Name,,,,,,,,,,,,,,
"""5800000000000""",GLN,PartyIdentification SSP ID,Michael Jhonsson,,,,,,,,,,,,,,
,,,,,,,,,,,,,,,,,
*Postal Address,,,,,,,,,,,,,,,,,
,,,,,,,,,,,,,,,,,
*Seller Postal Address ID,*Seller Post Box,*Seller Street Name,*Seller Additional Street Name,*Seller Building Number,,,,,,,,,,,,,
TestID,TestPostBox,TestStreetName,TestAditionalStreetName,10,,,,,,,,,,,,,
,,,,,,,,,,,,,,,,,
*Seller Department,*Seller City Name,*Seller Postal Zone,*Seller Country Sub Entity,*Seller Country Identification Code,,,,,,,,,,,,,
45,TestCityName,30000,TestCountry,DK16356706,,,,,,,,,,,,,
,,,,,,,,,,,,,,,,,
*Contact,,,,,,,,,,,,,,,,,
*Seller Telephone,*Seller Telefax,*Seller Electronic Mail,,,,,,,,,,,,,,,
454564545,5468444,mj@mjcorp.dk,,,,,,,,,,,,,,,
,,,,,,,,,,,,,,,,,
*Person,,,,,,,,,,,,,,,,,
*Seller First Name,*Seller Family Name,*Seller Middle Name,*Seller Job Title,,,,,,,,,,,,,,
Michael   ,Johnsson,Kurk,MJCORP,,,,,,,,,,,,,,
,,,,,,,,,,,,,,,,,
,,,,,,,,,,,,,,,,,
*CONTRACTOR CUSTOMER PARTY,,,,,,,,,,,,,,,,,
,,,,,,,,,,,,,,,,,
*Contractor Endpoint ID,*Contractor schemeID,*Contractor ID,*Contractor Name,,,,,,,,,,,,,,
"""5800000000000""",GLN,PartyIdentification SSP ID,Claudia Schmidt,,,,,,,,,,,,,,
,,,,,,,,,,,,,,,,,
*Contact,,,,,,,,,,,,,,,,,
*Contractor Telephone,*Contractor Telefax,*Contractor Electronic Mail,,,,,,,,,,,,,,,
454564545,5468444,mj@mjcorp.dk,,,,,,,,,,,,,,,
,,,,,,,,,,,,,,,,,
*Person,,,,,,,,,,,,,,,,,
*Contractor First Name,*Contractor Family Name,*Contractor Middle Name,*Contractor Job Title,,,,,,,,,,,,,,
Michael   ,Johnsson,Kurk,MJCORP,,,,,,,,,,,,,,
,,,,,,,,,,,,,,,,,
,,,,,,,,,,,,,,,,,
*CATALOGUE LINE (+),,,,,,,,,,,,,,,,,
,,,,,,,,,,,,,,,,,
*Catalogue Line ID,*Order Quantity Increment Numeric,*Action Code,,,,,,,,,,,,,,,
ID321,7566,AC505,,,,,,,,,,,,,,,
,,,,,,,,,,,,,,,,,
*Minimum Order Quantity,*Orderable Indicator,*Maximum Order Quantity,,,,,,,,,,,,,,,
67,OI156,555,,,,,,,,,,,,,,,
,,,,,,,,,,,,,,,,,
*Orderable Unit,*Warranty Information,*Content Unit Quantity,,,,,,,,,,,,,,,
OU544,information,15,,,,,,,,,,,,,,,
,,,,,,,,,,,,,,,,,
*Line Validity Period,,,,,,,,,,,,,,,,,
*Validity Start Date,*Validity End Date,,,,,,,,,,,,,,,,
08/08/2008,08/09/2007,,,,,,,,,,,,,,,,
,,,,,,,,,,,,,,,,,
*Item Comparison,,,,,,,,,,,,,,,,,
*IC Price Amount,*IC Quantity,,,,,,,,,,,,,,,,
87,13,,,,,,,,,,,,,,,,
,,,,,,,,,,,,,,,,,
*Component Related Item,,,,,,,,,,,,,,,,,
* CRI ID (+),*CRI Quantity (+),*CRI Description (+),,,,,,,,,,,,,,,
1,5,IDCRI655,,,,,,,,,,,,,,,
2,6,IDCRI655,,,,,,,,,,,,,,,
,,,,,,,,,,,,,,,,,
*Required Related Item,,,,,,,,,,,,,,,,,
*RRI ID (+),*RRI Quantity (+),*RRI Description (+),,,,,,,,,,,,,,,
1,8,Item one,,,,,,,,,,,,,,,
2,8,Item one,,,,,,,,,,,,,,,
,,,,,,,,,,,,,,,,,
*Required Item Location Quantity,,,,,,,,,,,,,,,,,
*Lead Time Measure (+),*Maximum Quantity (+),*Minimum Quantity (+),*ATA ID (+),*ATA Address Type Code (+),*ATA Street Name (+),*ATA Additional Street Name (+),*ATA Building Number (+),*ATA City Name (+),*ATA Postal Zone (+),*ATA Country Sub entity (+),*ATA Region (+),*ATA Country Identification Code (+),*Price Amount (+),*Currency ID (+),*Base Quantity (+),*Start Date (+),*End Date (+)
1,50,10,1,ATC522,Name of the street,Name of the additional street name,54,Copenhagenn,PZ0545,84984,Region,Country1,65,DK1,50,08/08/2008,08/08/2009
2,50,10,2,ATC522,Name of the street,Name of the additional street name,54,Copenhagenn,PZ0545,84984,Region,Country2,65,DK2,50,08/08/2008,08/08/2009
,,,,,,,,,,,,,,,,,
*Item,,,,,,,,,,,,,,,,,
,,,,,,,,,,,,,,,,,
*Item Description,*Item Name,*Item Pack Quantity,*Item Pack Size Numeric,,,,,,,,,,,,,,
123,123,123,123,,,,,,,,,,,,,,
,,,,,,,,,,,,,,,,,
*Item Keywords,,,,,,,,,,,,,,,,,
*Keyword (+),,,,,,,,,,,,,,,,,
Keyword one,,,,,,,,,,,,,,,,,
Keyword two,,,,,,,,,,,,,,,,,
Keyword three,,,,,,,,,,,,,,,,,
,,,,,,,,,,,,,,,,,
*Seller Item Identification,,,,,,,,,,,,,,,,,
*SeII ID,*Extended ID,,,,,,,,,,,,,,,,
I687,EX345,,,,,,,,,,,,,,,,
,,,,,,,,,,,,,,,,,
*Standard Item Identification,,,,,,,,,,,,,,,,,
*StII ID,,,,,,,,,,,,,,,,,
ID555,,,,,,,,,,,,,,,,,
,,,,,,,,,,,,,,,,,
*Item Specification Document Reference,,,,,,,,,,,,,,,,,
*ISDR ID,*ISDR Document Type,,,,,,,,,,,,,,,,
ID344,123,,,,,,,,,,,,,,,,
*Attachment,,,,,,,,,,,,,,,,,
*Embedded Document Binary Object,*External Reference Uri,,,,,,,,,,,,,,,,
5.35E+14,http://uri,,,,,,,,,,,,,,,,
,,,,,,,,,,,,,,,,,
*Origin Country,,,,,,,,,,,,,,,,,
*Origin Country Identification Code,,,,,,,,,,,,,,,,,
ID7855,,,,,,,,,,,,,,,,,
,,,,,,,,,,,,,,,,,
*Commodity Classification,,,,,,,,,,,,,,,,,
*Commodity Code (+),*Item Classification Code (+),,,,,,,,,,,,,,,,
1,ICC255,,,,,,,,,,,,,,,,
2,ICC255,,,,,,,,,,,,,,,,
,,,,,,,,,,,,,,,,,
*Hazardous Item,,,,,,,,,,,,,,,,,
*UNDG Code (+),*Hazard Class ID (+),,,,,,,,,,,,,,,,
1,HC511,,,,,,,,,,,,,,,,
2,HC511,,,,,,,,,,,,,,,,
,,,,,,,,,,,,,,,,,
*Classified Tax Category,,,,,,,,,,,,,,,,,
*Tax ID,*Tax Scheme ID,,,,,,,,,,,,,,,,
I898,TS654,,,,,,,,,,,,,,,,
,,,,,,,,,,,,,,,,,
*Additional Item Property,,,,,,,,,,,,,,,,,
*Property Name (+),*Property Value (+),,,,,,,,,,,,,,,,
AIP645,546,,,,,,,,,,,,,,,,
AIP644,545,,,,,,,,,,,,,,,,
,,,,,,,,,,,,,,,,,
*Manufacturer Party,,,,,,,,,,,,,,,,,
*Manufacturer Party Name,,,,,,,,,,,,,,,,,
The name of the party,,,,,,,,,,,,,,,,,
,,,,,,,,,,,,,,,,,
*Item Instance,,,,,,,,,,,,,,,,,
*Lot Identification Expired Date,,,,,,,,,,,,,,,,,
05/08/2008,,,,,,,,,,,,,,,,,
