<?xml version="1.0" encoding="UTF-8" standalone="no"?>
<DemoClient>
	<Contacts>
		<Contact>
			<Code>1</Code>
			<FirstName>Michael</FirstName>
			<MiddleName/>
			<FamilyName>Johnsson</FamilyName>
			<Company>MJCORP</Company>
			<JobTitle/>
			<BusinessID/>
			<Country>DK</Country>
			<Department/>
			<City/>
			<StreetName/>
			<PostalZone/>
			<PostBox/>
			<Telephone/>
			<Telefax/>
			<ElectronicMail/>
		</Contact>
		<Contact>
			<Code>2</Code>
			<FirstName>Claudia</FirstName>
			<MiddleName/>
			<FamilyName>Schmidt</FamilyName>
			<Company>CSORG</Company>
			<JobTitle/>
			<BusinessID/>
			<Country>DK</Country>
			<Department/>
			<City/>
			<StreetName/>
			<PostalZone/>
			<PostBox/>
			<Telephone/>
			<Telefax/>
			<ElectronicMail/>
		</Contact>
	</Contacts>
</DemoClient>