<?xml version="1.0" encoding="UTF-8"?>
<CallForTender
  xmlns="urn:oasis:names:specification:ubl:schema:xsd:CallForTender-2"
  xmlns:cac="urn:oasis:names:specification:ubl:schema:xsd:CommonAggregateComponents-2" xmlns:cbc="urn:oasis:names:specification:ubl:schema:xsd:CommonBasicComponents-2">
  <cbc:UBLVersionID>2.0</cbc:UBLVersionID>
  <cbc:CustomizationID schemeID="PEPPOL">pa001</cbc:CustomizationID>
  <cbc:ProfileID>PreAward</cbc:ProfileID>
  <cbc:ID>8fd392a9-1103-4b84-a6f3-22eb35c18299</cbc:ID>
  <cbc:ContractFolderID/>
  <cbc:IssueDate/>
  <cac:CustomerParty>
    <cac:Party>
      <cac:PartyIdentification>
        <cbc:ID/>
      </cac:PartyIdentification>
      <cac:PartyName>
        <cbc:Name>Claudia Schmidt</cbc:Name>
      </cac:PartyName>
    </cac:Party>
  </cac:CustomerParty>
  <cac:TenderingTerms>
    <cbc:Note/>
  </cac:TenderingTerms>
  <cac:TenderingProcess>
    <cbc:Type/>
  </cac:TenderingProcess>
  <cac:ProcurementProject>
    <cbc:ID/>
    <cbc:Description/>
    <cac:RequestForTenderLine>
      <cbc:ID>1</cbc:ID>
      <cbc:Note>A note</cbc:Note>
      <cbc:Quantity>10</cbc:Quantity>
      <cbc:MaximumTaxExclusiveAmount currencyID="AFN">1</cbc:MaximumTaxExclusiveAmount>
      <cbc:MaximumTaxInclusiveAmount currencyID="AFN">10</cbc:MaximumTaxInclusiveAmount>
      <cac:Item>
        <cbc:Description>New Description</cbc:Description>
        <cbc:PackQuantity>10</cbc:PackQuantity>
        <cbc:PackSizeNumeric>100</cbc:PackSizeNumeric>
        <cbc:Name>AC_default_SG19</cbc:Name>
        <cac:CommodityClassification>
          <cbc:CommodityCode>eCl@ss</cbc:CommodityCode>
          <cbc:ItemClassificationCode>0176-3---PEPPOL_1_1#Z3-AAA017#001</cbc:ItemClassificationCode>
        </cac:CommodityClassification>
        <cac:AdditionalItemProperty>
          <cbc:ID>1</cbc:ID>
          <cbc:Name>Product type description</cbc:Name>
          <cbc:Value/>
          <cac:ItemPropertyRange/>
          <cac:ItemPropertyGroup>
            <cbc:ID>0176-3---PEPPOL_1_1#01-ABS746#001</cbc:ID>
          </cac:ItemPropertyGroup>
        </cac:AdditionalItemProperty>
        <cac:AdditionalItemProperty>
          <cbc:ID>2</cbc:ID>
          <cbc:Name>additional link address</cbc:Name>
          <cbc:Value/>
          <cac:ItemPropertyRange/>
        </cac:AdditionalItemProperty>
        <cac:AdditionalItemProperty>
          <cbc:ID>3</cbc:ID>
          <cbc:Name>Supplier product number</cbc:Name>
          <cbc:Value/>
          <cac:ItemPropertyRange/>
          <cac:ItemPropertyGroup>
            <cbc:ID>undefined</cbc:ID>
          </cac:ItemPropertyGroup>
        </cac:AdditionalItemProperty>
        <cac:AdditionalItemProperty>
          <cbc:ID>4</cbc:ID>
          <cbc:Name>Manufacturer product number</cbc:Name>
          <cbc:Value/>
          <cac:ItemPropertyRange/>
          <cac:ItemPropertyGroup>
            <cbc:ID>undefined</cbc:ID>
          </cac:ItemPropertyGroup>
        </cac:AdditionalItemProperty>
        <cac:AdditionalItemProperty>
          <cbc:ID>5</cbc:ID>
          <cbc:Name>GTIN test</cbc:Name>
          <cbc:Value/>
          <cac:ItemPropertyRange/>
          <cac:ItemPropertyGroup>
            <cbc:ID>undefined</cbc:ID>
          </cac:ItemPropertyGroup>
        </cac:AdditionalItemProperty>
        <cac:AdditionalItemProperty>
          <cbc:ID>6</cbc:ID>
          <cbc:Name>Supplier name test</cbc:Name>
          <cbc:Value/>
          <cac:ItemPropertyRange/>
          <cac:ItemPropertyGroup>
            <cbc:ID>undefined</cbc:ID>
          </cac:ItemPropertyGroup>
        </cac:AdditionalItemProperty>
        <cac:AdditionalItemProperty>
          <cbc:ID>7</cbc:ID>
          <cbc:Name>Product name test lac</cbc:Name>
          <cbc:Value/>
          <cac:ItemPropertyRange/>
          <cac:ItemPropertyGroup>
            <cbc:ID>undefined</cbc:ID>
          </cac:ItemPropertyGroup>
        </cac:AdditionalItemProperty>
        <cac:AdditionalItemProperty>
          <cbc:ID>8</cbc:ID>
          <cbc:Name>customs tariff numberMOD</cbc:Name>
          <cbc:Value/>
          <cac:ItemPropertyRange/>
          <cac:ItemPropertyGroup>
            <cbc:ID>undefined</cbc:ID>
          </cac:ItemPropertyGroup>
        </cac:AdditionalItemProperty>
        <cac:AdditionalItemProperty>
          <cbc:ID>9</cbc:ID>
          <cbc:Name>test edit PR</cbc:Name>
          <cbc:Value/>
          <cac:ItemPropertyRange/>
          <cac:ItemPropertyGroup>
            <cbc:ID>undefined</cbc:ID>
          </cac:ItemPropertyGroup>
        </cac:AdditionalItemProperty>
      </cac:Item>
    </cac:RequestForTenderLine>
  </cac:ProcurementProject>
</CallForTender>
